STT;Loại hàng hóa;Tên hàng hóa;Đơn vị tính;Thông số kỹ thuật;Giá thẩm định(VND);Chứng thư thẩm định số;Ngày thẩm định;Nguồn dữ liệu;Người thẩm định
1;;Loa nén 50W trở kháng cao tương đương TC-651M;Cái;"Loa nén 50W trở kháng cao tương đương TC-651M
- Công suất: 50 W
- Điện áp đường dây: 100 V line hoặc 70 V line
- Trở kháng	
  + 100V line: 200Ω (50W), 330Ω (30W), 670Ω (15W)
  + 70V line: 100Ω (50W), 200Ω (25W), 330Ω (15W), 670Ω (75W)
- Cường độ âm: 111 dB (1 W, 1 m)
- Đáp tuyến tần số: 200 Hz - 6 kHz
- Tiêu chuẩn chống bụi/nước	IP65
- Cực tính: Hot: Màu đen, Com: Màu trắng
- Nhiệt độ hoạt động	-20 ℃ tới +60 ℃ (không ngưng tụ)
- Vật liệu
  + Vành loa: nhôm, màu trắng nhạt và được sơn tĩnh điện
  + Tâm loa: nhựa ABS, màu trắng nhạt
  + Viền gắn khung: nhôm, màu xám, sơn tĩnh điện
  + Khung và ốc vít: thép, màu xám, được sơn tĩnh điện
  + Vỏ mặt sau: nhựa ABS, màu xám
- Kích thước: φ400 (R) × 376 (S) mm
- Khối lượng: 4 kg 
- Bảo hành : 12 tháng";2320000;;24/11/2025;;
2;;Ô;cái;Ô;70000;405/2025/156/CTTĐG_VNVIC;28/11/2025;…;Phạm Thùy Linh
3;;áo mưa;cái;áo mưa;10000;405/2025/156/CTTĐG_VNVIC;28/11/2025;…;Phạm Thùy Linh
4;;Chi phí ;phòng;"Chi phí tiền phòng nghỉ cho các đoàn khách: Bộ VH,TTDL; Cục Di sản văn hóa; Cục Văn hóa cơ sở; Cục Mỹ thuật, nhiếp ảnh và triển lãm, Sở Văn hóa TT và Du lịch 9 tỉnh đồng bằng Sông Hồng (Vĩnh Phúc; Bắc Ninh; Quảng Ninh, Hải Dương; Hải Phòng; Hưng Yên; Thái Bình; Hà Nam; Nam Định), Sở Văn hóa TT và Du lịch tỉnh phụ cận Thanh Hóa, (14 đoàn x 5 người/đoàn = 70 người) được mời về chỉ đạo, kiểm tra và tham dự lễ hội, lái xe 14 người Tổng cộng 84 người = 42 phòng";800000;405/2025/156/CTTĐG_VNVIC;28/11/2025;…;Phạm Thùy Linh
5;;Chi phí ;người;"Chi phí ăn cho các đoàn khách: Bộ VH,TTDL; Cục Di sản văn hóa; Cục Văn hóa cơ sở; Cục Mỹ thuật, nhiếp ảnh và triển lãm, Sở Văn hóa TT và Du lịch 9 tỉnh đồng bằng Sông Hồng (Vĩnh Phúc; Bắc Ninh; Quảng Ninh, Hải Dương; Hải Phòng; Hưng Yên; Thái Bình; Hà Nam; Nam Định), Sở Văn hóa TT và Du lịch tỉnh phụ cận Thanh Hóa, (14 đoàn x 5 người/đoàn = 70 người) được mời về chỉ đạo, kiểm tra và tham dự lễ hội, lái xe 14 người, Lãnh đạo Sở Văn hóa và Thể thao Ninh Bình đón tiếp và cán bộ phục vụ 20 người Tổng cộng 104 người x 02 bữa";300000;405/2025/156/CTTĐG_VNVIC;28/11/2025;…;Phạm Thùy Linh
6;;Chi phí;phòng;Chi phí phòng nghỉ cho phóng viên các Đài truyền hình VN,   VTV3, VTV1, VTV2, Báo Văn hóa, Báo dân trí, Báo lao động, Báo điện tử tổ quốc, (8 đoàn x 4 người = 32 người = 16 phòng) được mời về đưa tin lễ hội,;800000;405/2025/156/CTTĐG_VNVIC;28/11/2025;…;Phạm Thùy Linh
7;;Chi phí;người;Chi phí ăn cho phóng viên các Đài truyền hình VH,  VTV3, VTV1, VTV2, Báo Văn hóa, Báo dân trí, Báo lao động, Báo điện tử tổ quốc, (8 đoàn x 4 người = 36 người x 2 bữa) được mời về đưa tin lễ hội,;300000;405/2025/156/CTTĐG_VNVIC;28/11/2025;…;Phạm Thùy Linh
8;;Giấy mời;cái;"Giấy mời: KT 19,5 x 22,6cm; Giấy ý màu kem, vân ganh (sần)";15000;405/2025/156/CTTĐG_VNVIC;28/11/2025;…;Phạm Thùy Linh
9;;Phong bì;cái;"Phong bì: KT: 12 x 21 cm; Giấy ý màu kem, vân ganh (sần)";15000;405/2025/156/CTTĐG_VNVIC;28/11/2025;…;Phạm Thùy Linh
10;;Thẻ đại biểu, kích thước;bộ;Thẻ đại biểu, kích thước: 8,5 x 13cm, in hai mặt (gồm giấy in, thẻ nhựa và dây đeo 1,5cm);12000;405/2025/156/CTTĐG_VNVIC;28/11/2025;…;Phạm Thùy Linh
11;;Thẻ ban tổ chức, kích thước;bộ;Thẻ ban tổ chức, kích thước: 8,5 x13cm, in hai mặt;12000;405/2025/156/CTTĐG_VNVIC;28/11/2025;…;Phạm Thùy Linh
12;;Thẻ Phóng viên, kích thước;bộ;Thẻ Phóng viên, kích thước: 8,5 x13cm, in hai mặt;12000;405/2025/156/CTTĐG_VNVIC;28/11/2025;…;Phạm Thùy Linh
13;;Thẻ VIP, kích thước;bộ;Thẻ VIP, kích thước: 8,5 x 13cm, in hai mặt;12000;405/2025/156/CTTĐG_VNVIC;28/11/2025;…;Phạm Thùy Linh
14;;Thẻ phục vụ, kích thước;bộ;Thẻ phục vụ, kích thước: 8,5 x 13cm, in hai mặt;12000;405/2025/156/CTTĐG_VNVIC;28/11/2025;…;Phạm Thùy Linh
15;;Biển VIP, kích thước;cái;Biển VIP, kích thước: 25 x 16cm (in 1 mặt giấy Couches Nhật bóng, ĐL 250gm);10000;405/2025/156/CTTĐG_VNVIC;28/11/2025;…;Phạm Thùy Linh
16;;Biển ban tổ chức, kích thước;cái;Biển ban tổ chức, kích thước: 25 x 16cm;10000;405/2025/156/CTTĐG_VNVIC;28/11/2025;…;Phạm Thùy Linh
17;;Biển đại biểu, kích thước;cái;Biển đại biểu, kích thước: 25 x 16cm;10000;405/2025/156/CTTĐG_VNVIC;28/11/2025;…;Phạm Thùy Linh
18;;Biển phục vụ, kích thước;cái;Biển phục vụ, kích thước: 25 x 16cm;10000;405/2025/156/CTTĐG_VNVIC;28/11/2025;…;Phạm Thùy Linh
19;;Băng rôn ngang;m2;QC: Nội dung in phun bạt, gia công dán viền, cán tre, dây thép 2 ly, nhân công treo mắc thu hồi KT: 10m x 0,8m x 45 chiếc;100000;405/2025/156/CTTĐG_VNVIC;28/11/2025;…;Phạm Thùy Linh
20;;Băng rôn dọc;m2;QC: Nội dung in phun bạt, gia công dán viền, cán tre, dây thép 2 ly, nhân công treo mắc thu hồi KT: 2,5m x 0,8m x 300 chiếc;100000;405/2025/156/CTTĐG_VNVIC;28/11/2025;…;Phạm Thùy Linh
21;;Khung thép hộp ;m2;Khung thép hộp ((25x25)x 1,2mm), nội dung hình ảnh in bạt 2 lớp chống xuyên sáng, vật liệu và nhân công lắp đặt;250000;405/2025/156/CTTĐG_VNVIC;28/11/2025;…;Phạm Thùy Linh
22;;Gia công giá treo ôm cột đèn ( trên + duới pano): 140 pano x 2 bộ;bộ;"Thép V(40x40mm) x dài 04m khoan lỗ Q12
Bu lông + ê cu mỗi pano 2 bộ";60000;405/2025/156/CTTĐG_VNVIC;28/11/2025;…;Phạm Thùy Linh
23;;Xe vận chuyển + nhân công lắp đặt trọn gói trong phạm vi 200km;trọn gói;Xe vận chuyển + nhân công lắp đặt trọn gói trong phạm vi 200km;5000000;405/2025/156/CTTĐG_VNVIC;28/11/2025;…;Phạm Thùy Linh
24;;Chi phí thiết kế maket, in ấn trình duyệt  theo maket;trọn gói;Chi phí thiết kế maket, in ấn trình duyệt  theo maket;3118000;405/2025/156/CTTĐG_VNVIC;28/11/2025;…;Phạm Thùy Linh
25;;Chi phí tháo dỡ, vận chuyển về nhập kho trọn gói trong phạm vi 200km;trọn gói;Chi phí tháo dỡ, vận chuyển về nhập kho trọn gói trong phạm vi 200km;4500000;405/2025/156/CTTĐG_VNVIC;28/11/2025;…;Phạm Thùy Linh
26;;Biển chức danh để bàn;chiếc;Đế gỗ, hoa văn inox, mặt meca trong dầy 10mm, in màu 2 mặt tên đại biểu KT: mặt meca 24cm x 12m;200000;405/2025/156/CTTĐG_VNVIC;28/11/2025;…;Phạm Thùy Linh
27;;"Biển chỉ dẫn vị trí ngồi sân khấu Lễ hội ""Lối vào"" ";chiếc;"Khung thép hộp mạ kẽm, nền fomech dầy 5 ly, in PP dán phủ mặt; Chân tự đứng thép hộp
KT: 50cm x 70cm - mặt biển; Chân cao 15m";250000;405/2025/156/CTTĐG_VNVIC;28/11/2025;…;Phạm Thùy Linh
28;;"Biển chỉ dẫn vị trí ngồi sân khấu Lễ hội ""Đại biểu các sở, ban ngành, đoàn thể của tỉnh""";chiếc;"Khung thép hộp mạ kẽm, nền fomech dầy 5 ly, in PP dán phủ mặt; Chân tự đứng thép hộp
KT: 25cm x 40cm - mặt biển; Chân cao 15m";150000;405/2025/156/CTTĐG_VNVIC;28/11/2025;…;Phạm Thùy Linh
29;;Khảo sát xây dựng sơ đồ và sắp xếp vị trí các hoạt động tại sân lễ hội Hoa Lư;trọn gói;Khảo sát xây dựng sơ đồ và sắp xếp vị trí các hoạt động tại sân lễ hội Hoa Lư;2000000;405/2025/156/CTTĐG_VNVIC;28/11/2025;…;Phạm Thùy Linh
30;;XUẤT BẢN 04 TẠP CHÍ THANH HÓA XƯA VÀ NAY TIẾP THEO;Tạp chí;"*	Chi phí xuất bản 01 tạp chí	 	 	 	-57364196	 
1	Khảo sát, điều tra, thu thập tư liệu	 	 	 	-11200000	 
-	Thuê xe 05 chỗ đi từ thành phố Thanh Hóa đến các huyện và các xã trên địa bàn huyện để điều tra, thu thập tư liệu (đi và về): 01 xe/3Ngày-6000000	Điều 1, NQ 64/2017/NQ-HĐND  ngày 12/7/2017, và theo thực tế
-	Phụ cấp lưu trú: 04 người x 200000 đ/người/ngày x 03 ngày-2400000	khoản 2, mục II, NQ 64/2017/NQ-HĐND ngày 12/7/2017
-	Kinh phí thuê phòng nghỉ:  04 người x 350000 đ/người/ngày x 02 đêm-2800000	mục II33,1   NQ 64/2017/NQ-HĐND ngày 12/7/2017
2	Hội nghị tuyển chọn thông qua bản thảo:  (1 ngày)-711100	 
 -	Photo tài liệu 2 mặt A4, đóng bìa hệ thống bản thảo báo cáo: 42 trang/13bộ -191100
 -	Nước uống phục vụ hội nghị	13 Người-520000	NQ 64/2017/NQ-HĐND ngày 12/7/2017
3	Hội nghị thẩm định tư liệu, đối chiếu tư liệu:  (1 ngày)-711100	 
 -	Photo tài liệu 2 mặt A4, đóng bìa hệ thống bản thảo báo cáo: 42 trang/13bộ-191100
 -	Nước uống phục vụ hội nghị	13 Người-520000	NQ 64/2017/NQ-HĐND ngày 12/7/2017
4	Chi phí in ấn-37700000	 
 -	In 1000 cuốn/số x 01 số
Khổ 19x27cm, ruột 110 trang, bìa in màu, giấy 80gsm, cán mờ, gia công, phay gáy và keo nhiệt Vận chuyển về địa phương-	35000000	
 -	Dàn trang soát lỗi, thực hiện thiết kế bìa, chế bản nội dung và hình ảnh, xử lý kỹ mỹ thuật tranh ảnh xen lẫn nội dung cuốn sách trước khi in	Trọn gói-2500000
 -	Chi phí in sách mẫu phục vụ thẩm định, đọc duyệt trước khi xuất bản	5 cuốn 	200000
5	Nhuận bút tác giả (18%)-7041996	Điều 13 và khoản 1, điều 14 của NĐ 18/2014/NĐ-CP ngày 14/3/2014";57364196;405/2025/279/CTTĐG-VNVIC;28/11/2025;…;Đỗ Tiến Hưng
31;;Thuê 02 chuyên gia lập đề cương nghiên cứu tổng quan, xây dựng hệ thống đề tài tham luận hội thảo: - Thời gian: 01 tuần (07 ngày)-Theo đó mức lương chuyên gia theo tuần bằng [(30000000*12/52] x 1,2 = 8307692 đ người/tuần x 01 tuần;Người;III-TỔ CHỨC HỘI THẢO KHOA HỌC: 1Chi phí xây dựng báo cáo nghiên cứu tổng quan và hệ thống đề tài tham luận;8307692;405/2025/279/CTTĐG-VNVIC;28/11/2025;căn cứ theo: Mục 2, điều 3,  Thông tư số 02/2015/TT-BLĐTBXH ngày 12 tháng 01 năm 2015 của Bộ Lao động - Thương binh và Xã hội quy định mức lương đối với chuyên gia tư vấn trong nướcChuyên gia Mức 2;Đỗ Tiến Hưng
32;;Thuê xe 05 chỗ đi từ thành phố Thanh Hóa đến Hà Nội và ngược lại;Ngày;III-TỔ CHỨC HỘI THẢO KHOA HỌC: 1Chi phí xây dựng báo cáo nghiên cứu tổng quan và hệ thống đề tài tham luận-B)Làm việc, phối hợp với các chuyên gia xin ý kiến về nội dung tổ chức Hội thảo;2000000;405/2025/279/CTTĐG-VNVIC;28/11/2025;mục 11, khoản II, Điều 1, NQ 64/2017/NQ-HĐND  ngày 12/7/2017 và theo thực tế;Đỗ Tiến Hưng
33;;Phụ cấp lưu trú: 04 người x 200000 đ/người/ngày x 04 ngày;người;III-TỔ CHỨC HỘI THẢO KHOA HỌC: 1Chi phí xây dựng báo cáo nghiên cứu tổng quan và hệ thống đề tài tham luận-B)Làm việc, phối hợp với các chuyên gia xin ý kiến về nội dung tổ chức Hội thảo;800000;405/2025/279/CTTĐG-VNVIC;28/11/2025;khoản 2, mục II, NQ 64/2017/NQ-HĐND ngày 12/7/2017;Đỗ Tiến Hưng
34;;Kinh phí thuê phòng nghỉ:  04 người x 350000 đ/người/ngày x 03 đêm;người;III-TỔ CHỨC HỘI THẢO KHOA HỌC: 1Chi phí xây dựng báo cáo nghiên cứu tổng quan và hệ thống đề tài tham luận-B)Làm việc, phối hợp với các chuyên gia xin ý kiến về nội dung tổ chức Hội thảo;1050000;405/2025/279/CTTĐG-VNVIC;28/11/2025;mục II33,1   NQ 64/2017/NQ-HĐND ngày 12/7/2017;Đỗ Tiến Hưng
35;;In tài liệu phục vụ hội nghị (Photo 2 mặt giấy A4) 86 tờ/bộ ;Bộ;III-TỔ CHỨC HỘI THẢO KHOA HỌC: 1Chi phí xây dựng báo cáo nghiên cứu tổng quan và hệ thống đề tài tham luận-C-Họp thẩm định xác định nhiệm vụ đề tài, xác định nội dung hệ thống đề tài tham luận hội thảo;30100;405/2025/279/CTTĐG-VNVIC;28/11/2025;;Đỗ Tiến Hưng
36;;Tiền nước uống: 26 người x 20000đ/người/buổi;Người;III-TỔ CHỨC HỘI THẢO KHOA HỌC: 1Chi phí xây dựng báo cáo nghiên cứu tổng quan và hệ thống đề tài tham luận-C-Họp thẩm định xác định nhiệm vụ đề tài, xác định nội dung hệ thống đề tài tham luận hội thảo;20000;405/2025/279/CTTĐG-VNVIC;28/11/2025;"Mục IV 4; NQ 64/2017/NQ-HĐND ngày 12/7/2017";Đỗ Tiến Hưng
37;;Chi thuê chuyên gia nghiên cứu báo cáo tổng quan thẩm định hệ thống đề tài, hệ thống đề cương tham luận (xây dựng thuyết minh nhiệm vụ Hội thảo, báo cáo tổng quan vấn đề cần nghiên cứu): Thời gian: 3 tuần (21 ngày) 01 người, thời gian 3 tuần = [(30000000*12/52] x 1,2 x 3 = 24923077đ/người;Người;III-TỔ CHỨC HỘI THẢO KHOA HỌC: 1Chi phí xây dựng báo cáo nghiên cứu tổng quan và hệ thống đề tài tham luận;24923077;405/2025/279/CTTĐG-VNVIC;28/11/2025;Căn cứ theo: Mục 2, điều 3,  Thông tư số 02/2015/TT-BLĐTBXH ngày 12 tháng 01 năm 2015 của Bộ Lao động - Thương binh và Xã hội quy định mức lương đối với chuyên gia tư vấn trong nước;Đỗ Tiến Hưng
38;;Thuê xe 05 chỗ đi từ thành phố Thanh Hóa đến các huyện và ngược lại ;Ngày;III-TỔ CHỨC HỘI THẢO KHOA HỌC: 1Chi phí xây dựng báo cáo nghiên cứu tổng quan và hệ thống đề tài tham luận-D)Khảo sát địa điểm tổ chức Hội thảo;2000000;405/2025/279/CTTĐG-VNVIC;28/11/2025;mục 11, khoản II, Điều 1, NQ 64/2017/NQ-HĐND  ngày 12/7/2017;Đỗ Tiến Hưng
39;;Phụ cấp lưu trú: 04 người x 200000 đ/người/ngày x 04 ngày;người;III-TỔ CHỨC HỘI THẢO KHOA HỌC: 1Chi phí xây dựng báo cáo nghiên cứu tổng quan và hệ thống đề tài tham luận-D)Khảo sát địa điểm tổ chức Hội thảo;800000;405/2025/279/CTTĐG-VNVIC;28/11/2025;khoản 2, mục II, NQ 64/2017/NQ-HĐND ngày 12/7/2017;Đỗ Tiến Hưng
40;;Kinh phí thuê phòng nghỉ:  04 người x 350000 đ/người/ngày x 03 đêm;người;III-TỔ CHỨC HỘI THẢO KHOA HỌC: 1Chi phí xây dựng báo cáo nghiên cứu tổng quan và hệ thống đề tài tham luận-Đ)Khảo sát địa điểm tổ chức Hội thảo;1050000;405/2025/279/CTTĐG-VNVIC;28/11/2025;mục II33,1   NQ 64/2017/NQ-HĐND ngày 12/7/2017;Đỗ Tiến Hưng
41;;In tài liệu phục vụ hội nghị: Photo 2 mặt giấy A4, 300 tờ ;Bộ;III-TỔ CHỨC HỘI THẢO KHOA HỌC: 1Chi phí xây dựng báo cáo nghiên cứu tổng quan và hệ thống đề tài tham luận-E)Họp Hội đồng tư vấn, tuyển chọn hệ thống tham luận Hội thảo khoa học;105000;405/2025/279/CTTĐG-VNVIC;28/11/2025;;Đỗ Tiến Hưng
42;;Tiền nước uống 27 người x 20000đ/người/buổi;Người;III-TỔ CHỨC HỘI THẢO KHOA HỌC: 1Chi phí xây dựng báo cáo nghiên cứu tổng quan và hệ thống đề tài tham luận-E)Họp Hội đồng tư vấn, tuyển chọn hệ thống tham luận Hội thảo khoa học;20000;405/2025/279/CTTĐG-VNVIC;28/11/2025;"Mục IV 4; NQ 64/2017/NQ-HĐND ngày 12/7/2017";Đỗ Tiến Hưng
43;;In tài liệu phục vụ hội nghị: Photo 2 mặt giấy A4, 300 tờ ;Bộ;"III-TỔ CHỨC HỘI THẢO KHOA HỌC: 1Chi phí xây dựng báo cáo nghiên cứu tổng quan và hệ thống đề tài tham luận-F)Họp Hội đồng thẩm định hệ đề tài, hệ thống tham luận; Họp Ban tổ chức triển khai nhiệm vụ, thực hiện kế hoạch tổ chức Hội Thảo";105000;405/2025/279/CTTĐG-VNVIC;28/11/2025;;Đỗ Tiến Hưng
44;;Tiền nước uống 29 người x 20000đ/người/buổi;Người;"III-TỔ CHỨC HỘI THẢO KHOA HỌC: 1Chi phí xây dựng báo cáo nghiên cứu tổng quan và hệ thống đề tài tham luận-F)Họp Hội đồng thẩm định hệ đề tài, hệ thống tham luận; Họp Ban tổ chức triển khai nhiệm vụ, thực hiện kế hoạch tổ chức Hội Thảo";20000;405/2025/279/CTTĐG-VNVIC;28/11/2025;"Mục IV 4; NQ 64/2017/NQ-HĐND ngày 12/7/2017";Đỗ Tiến Hưng
45;;Thù lao cho chuyên gia góp ý về nội dung tổ chức Hội thảo: - Thời gian: 01 ngày( Theo đó mức lương chuyên gia theo tuần bằng [(30000000/26] x 1,3 = 1500000 đ người/ngày x 01 ngày);Người;III-TỔ CHỨC HỘI THẢO KHOA HỌC: 2Kinh phí tổ chức Hội thảo Khoa học - A)Tổ chức hội nghị làm việc, phối hợp với các chuyên gia xin ý kiến về nội dung tổ chức Hội thảo;1500000;405/2025/279/CTTĐG-VNVIC;28/11/2025;Căn cứ theo: Mục 2, điều 3,  Thông tư số 02/2015/TT-BLĐTBXH ngày 12 tháng 01 năm 2015 của Bộ Lao động - Thương binh D49 - Áp dụng cho chuyên gia mức 2;Đỗ Tiến Hưng
46;;In tài liệu phục vụ hội nghị: Photo 2 mặt giấy A4, 300 tờ;Bộ;III-TỔ CHỨC HỘI THẢO KHOA HỌC: 2Kinh phí tổ chức Hội thảo Khoa học - A)Tổ chức hội nghị làm việc, phối hợp với các chuyên gia xin ý kiến về nội dung tổ chức Hội thảo;105000;405/2025/279/CTTĐG-VNVIC;28/11/2025;Xác định theo báo giá của Công ty TNHH đầu tư phát triển công nghệ Tuấn Phát;Đỗ Tiến Hưng
47;;Tiền nước uống (11 người x 40000đ/người/ngày x 1 ngày);Người;III-TỔ CHỨC HỘI THẢO KHOA HỌC: 2Kinh phí tổ chức Hội thảo Khoa học - A)Tổ chức hội nghị làm việc, phối hợp với các chuyên gia xin ý kiến về nội dung tổ chức Hội thảo;40000;405/2025/279/CTTĐG-VNVIC;28/11/2025;"Mục IV 4; NQ 64/2017/NQ-HĐND ngày 12/7/2017";Đỗ Tiến Hưng
48;;Kinh phí chi trả thù lao cho chuyên gia xây dựng báo cáo tham luận  - Thời gian: 5 ngày(Theo đó mức lương chuyên gia theo tuần bằng [(30000000/26] x 1,3 = 1500000 đ người/ngày x 5 ngày);Người;III-TỔ CHỨC HỘI THẢO KHOA HỌC: 2Kinh phí tổ chức Hội thảo Khoa học ;7500000;405/2025/279/CTTĐG-VNVIC;28/11/2025;Căn cứ theo: Mục 2, điều 3,  Thông tư số 02/2015/TT-BLĐTBXH ngày 12 tháng 01 năm 2015 của Bộ Lao động - Thương binh và Xã hội quy định mức lương đối với chuyên gia tư vấn trong nước( Áp dụng cho chuyên gia mức 2);Đỗ Tiến Hưng
49;;"Phong bì, Giấy mời in tên đại biểu:-Giấy mời kích thước: 25x25cm, Giấy Couche, in 4 màu 2 mặt, cắt bế thành phẩm; Phong bì kích thước: 14x26, Giấy Couche, in 4 màu, cắt bế dán thành phẩm, băng dính chờ 1cm;  In sẵn tên đại biểu";Bộ;III-TỔ CHỨC HỘI THẢO KHOA HỌC: 2Kinh phí tổ chức Hội thảo Khoa học -C) Hội trường, Giấy mời, biển thẻ, trang trí, khánh tiết, hậu cần;38500;405/2025/279/CTTĐG-VNVIC;28/11/2025;;Đỗ Tiến Hưng
50;;"Bộ thẻ đeo Đại biểu
- Thẻ KT: 8,5x12cm, Couche in màu 2 mặt
- Bao nhựa trong, Dây màu xanh
- Lồng thẻ vào bao nhựa, lồng dây";Bộ;III-TỔ CHỨC HỘI THẢO KHOA HỌC: 2Kinh phí tổ chức Hội thảo Khoa học -C) Hội trường, Giấy mời, biển thẻ, trang trí, khánh tiết, hậu cần;25000;405/2025/279/CTTĐG-VNVIC;28/11/2025;;Đỗ Tiến Hưng
51;;"In Biển tên chức danh
- Giấy Couche, khổ A4
- In 4 màu 2 mặt";Cái;III-TỔ CHỨC HỘI THẢO KHOA HỌC: 2Kinh phí tổ chức Hội thảo Khoa học -C) Hội trường, Giấy mời, biển thẻ, trang trí, khánh tiết, hậu cần;20000;405/2025/279/CTTĐG-VNVIC;28/11/2025;;Đỗ Tiến Hưng
52;;Thuê xe ô tô vận chuyển đưa các nhà khoa học đi khảo sát thực địa, xác minh thu thập tư liệu lịch sử trên vùng đất Thủy Chú để chuẩn bị Hội thảo khoa học (xe 16 chỗ);Ngày;III-TỔ CHỨC HỘI THẢO KHOA HỌC: 2Kinh phí tổ chức Hội thảo Khoa học -C) Hội trường, Giấy mời, biển thẻ, trang trí, khánh tiết, hậu cần;3240000;405/2025/279/CTTĐG-VNVIC;28/11/2025;;Đỗ Tiến Hưng
53;;Thuê xe đưa lãnh đạo Hội KHLS đi Hà Nội đặt bài tham luận Hội thảo khoa học (xe ô tô 7 chỗ);Ngày ;III-TỔ CHỨC HỘI THẢO KHOA HỌC: 2Kinh phí tổ chức Hội thảo Khoa học -C) Hội trường, Giấy mời, biển thẻ, trang trí, khánh tiết, hậu cần;2888000;405/2025/279/CTTĐG-VNVIC;28/11/2025;;Đỗ Tiến Hưng
54;;Thuê xe ô tô đón, đưa lãnh đạo Hội KHLS từ  TP Thanh Hóa - Thị trấn Sao Vàng và ngược lại dự Hội thảo khoa học (xe ô tô 7 chỗ);Ngày;III-TỔ CHỨC HỘI THẢO KHOA HỌC: 2Kinh phí tổ chức Hội thảo Khoa học -C) Hội trường, Giấy mời, biển thẻ, trang trí, khánh tiết, hậu cần;1750000;405/2025/279/CTTĐG-VNVIC;28/11/2025;;Đỗ Tiến Hưng
55;;Thuê xe đưa đón đại biểu từ Hà Nội vào thị trấn Sao Vàng, huyện Thọ Xuân và ngược lại Xe ô tô 7 chỗ;Ngày;III-TỔ CHỨC HỘI THẢO KHOA HỌC: 2Kinh phí tổ chức Hội thảo Khoa học -C) Hội trường, Giấy mời, biển thẻ, trang trí, khánh tiết, hậu cần;2646000;405/2025/279/CTTĐG-VNVIC;28/11/2025;;Đỗ Tiến Hưng
56;;Thuê xe ô tô đưa đón đại biểu từ TP Thanh Hóa - thị trấn Sao Vàng, Thọ Xuân và ngược lại tham dự Hội thảo khoa học;Ngày ;III-TỔ CHỨC HỘI THẢO KHOA HỌC: 2Kinh phí tổ chức Hội thảo Khoa học -C) Hội trường, Giấy mời, biển thẻ, trang trí, khánh tiết, hậu cần;3100000;405/2025/279/CTTĐG-VNVIC;28/11/2025;;Đỗ Tiến Hưng
57;;Thanh toán công tác phí cho cán bộ đi Hà Nội và dưa đón đại biểu vào dự Hội thảo khoa học: 200000đ/ngày/người;Ngày;III-TỔ CHỨC HỘI THẢO KHOA HỌC: 2Kinh phí tổ chức Hội thảo Khoa học -C) Hội trường, Giấy mời, biển thẻ, trang trí, khánh tiết, hậu cần;200000;405/2025/279/CTTĐG-VNVIC;28/11/2025;;Đỗ Tiến Hưng
58;;Tiền phòng nghỉ cho đoàn đại biểu ở Hà Nội vào tham dự hội thảo (số lượng 7 người x 1 đêm x 450000đ/người/đêm);Người;III-TỔ CHỨC HỘI THẢO KHOA HỌC: 2Kinh phí tổ chức Hội thảo Khoa học -C) Hội trường, Giấy mời, biển thẻ, trang trí, khánh tiết, hậu cần;450000;405/2025/279/CTTĐG-VNVIC;28/11/2025;;Đỗ Tiến Hưng
59;;In tài tài liệu (300 trang x 60 bộ);Bộ;III-TỔ CHỨC HỘI THẢO KHOA HỌC: 2Kinh phí tổ chức Hội thảo Khoa học -C) Hội trường, Giấy mời, biển thẻ, trang trí, khánh tiết, hậu cần;105000;405/2025/279/CTTĐG-VNVIC;28/11/2025;;Đỗ Tiến Hưng
60;;Túi đựng tài liệu ;Cái;III-TỔ CHỨC HỘI THẢO KHOA HỌC: 2Kinh phí tổ chức Hội thảo Khoa học -C) Hội trường, Giấy mời, biển thẻ, trang trí, khánh tiết, hậu cần;5000;405/2025/279/CTTĐG-VNVIC;28/11/2025;;Đỗ Tiến Hưng
61;;Hoa chủ tọa;Lẵng;III-TỔ CHỨC HỘI THẢO KHOA HỌC: 2Kinh phí tổ chức Hội thảo Khoa học -C) Hội trường, Giấy mời, biển thẻ, trang trí, khánh tiết, hậu cần;1632092;405/2025/279/CTTĐG-VNVIC;28/11/2025;;Đỗ Tiến Hưng
62;;Hoa để bàn;Bát;III-TỔ CHỨC HỘI THẢO KHOA HỌC: 2Kinh phí tổ chức Hội thảo Khoa học -C) Hội trường, Giấy mời, biển thẻ, trang trí, khánh tiết, hậu cần;100000;405/2025/279/CTTĐG-VNVIC;28/11/2025;;Đỗ Tiến Hưng
63;;Chi phí nước uống phục vụ hội thảo (40000đ/người/ngày x 60 người x 01 ngày);Người;III-TỔ CHỨC HỘI THẢO KHOA HỌC: 2Kinh phí tổ chức Hội thảo Khoa học -C) Hội trường, Giấy mời, biển thẻ, trang trí, khánh tiết, hậu cần;40000;405/2025/279/CTTĐG-VNVIC;28/11/2025;"Mục IV 4; NQ 64/2017/NQ-HĐND ngày 12/7/2017";Đỗ Tiến Hưng
64;;Thiết kế, in ấn standee chào mừng 2 bên sảnh hội trường : chất liệu bạt cao cấp, kích thước 80cm x 200cm;Cái;III-TỔ CHỨC HỘI THẢO KHOA HỌC: 2Kinh phí tổ chức Hội thảo Khoa học -C) Hội trường, Giấy mời, biển thẻ, trang trí, khánh tiết, hậu cần;500000;405/2025/279/CTTĐG-VNVIC;28/11/2025;;Đỗ Tiến Hưng
65;;Giấy;Ram;II)CHI TIẾT BIÊN SOẠN, XUẤT BẢN SÁCH PHỤC VỤ NHIỆM VỤ CHÍNH TRỊ: 1 Kinh phí tổ chức, khai thác bản thảo (Mã hiệu: 01010202 -QĐ 54/2022/QĐ-UBND) - Thể loại: Văn hóa - Xã hội-A) Vật liệu sử dụng;75000;405/2025/279/CTTĐG-VNVIC;28/11/2025;;Đỗ Tiến Hưng
66;;Mực in laser A4;Hộp;II)CHI TIẾT BIÊN SOẠN, XUẤT BẢN SÁCH PHỤC VỤ NHIỆM VỤ CHÍNH TRỊ: 1 Kinh phí tổ chức, khai thác bản thảo (Mã hiệu: 01010202 -QĐ 54/2022/QĐ-UBND) - Thể loại: Văn hóa - Xã hội-A) Vật liệu sử dụng;1050000;405/2025/279/CTTĐG-VNVIC;28/11/2025;;Đỗ Tiến Hưng
67;;Bút bi;Cái;II)CHI TIẾT BIÊN SOẠN, XUẤT BẢN SÁCH PHỤC VỤ NHIỆM VỤ CHÍNH TRỊ: 1 Kinh phí tổ chức, khai thác bản thảo (Mã hiệu: 01010202 -QĐ 54/2022/QĐ-UBND) - Thể loại: Văn hóa - Xã hội-A) Vật liệu sử dụng;12000;405/2025/279/CTTĐG-VNVIC;28/11/2025;;Đỗ Tiến Hưng
68;;Biên tập viên hạng I bậc 3/6;Công;II)CHI TIẾT BIÊN SOẠN, XUẤT BẢN SÁCH PHỤC VỤ NHIỆM VỤ CHÍNH TRỊ: 1 Kinh phí tổ chức, khai thác bản thảo (Mã hiệu: 01010202 -QĐ 54/2022/QĐ-UBND) - Thể loại: Văn hóa - Xã hội-b)Nhân công;909005;405/2025/279/CTTĐG-VNVIC;28/11/2025;Theo lương tối thiểu NN;Đỗ Tiến Hưng
69;;Biên tập viên hạng II bậc 5/8;Công;II)CHI TIẾT BIÊN SOẠN, XUẤT BẢN SÁCH PHỤC VỤ NHIỆM VỤ CHÍNH TRỊ: 1 Kinh phí tổ chức, khai thác bản thảo (Mã hiệu: 01010202 -QĐ 54/2022/QĐ-UBND) - Thể loại: Văn hóa - Xã hội-b)Nhân công;756628;405/2025/279/CTTĐG-VNVIC;28/11/2025;Theo lương tối thiểu NN;Đỗ Tiến Hưng
70;;Biên tập viên hạng III bậc 5/9;Công;II)CHI TIẾT BIÊN SOẠN, XUẤT BẢN SÁCH PHỤC VỤ NHIỆM VỤ CHÍNH TRỊ: 1 Kinh phí tổ chức, khai thác bản thảo (Mã hiệu: 01010202 -QĐ 54/2022/QĐ-UBND) - Thể loại: Văn hóa - Xã hội-b)Nhân công;480774;405/2025/279/CTTĐG-VNVIC;28/11/2025;Theo lương tối thiểu NN;Đỗ Tiến Hưng
71;;Máy tính chuyên dụng;Ca;II)CHI TIẾT BIÊN SOẠN, XUẤT BẢN SÁCH PHỤC VỤ NHIỆM VỤ CHÍNH TRỊ: 1 Kinh phí tổ chức, khai thác bản thảo (Mã hiệu: 01010202 -QĐ 54/2022/QĐ-UBND) - Thể loại: Văn hóa - Xã hội-c)Máy sử dụng;9630;405/2025/279/CTTĐG-VNVIC;28/11/2025;;Đỗ Tiến Hưng
72;;Máy in Laser A4;Ca;II)CHI TIẾT BIÊN SOẠN, XUẤT BẢN SÁCH PHỤC VỤ NHIỆM VỤ CHÍNH TRỊ: 1 Kinh phí tổ chức, khai thác bản thảo (Mã hiệu: 01010202 -QĐ 54/2022/QĐ-UBND) - Thể loại: Văn hóa - Xã hội-c)Máy sử dụng;9091;405/2025/279/CTTĐG-VNVIC;28/11/2025;;Đỗ Tiến Hưng
73;;Giấy;Ram;II)CHI TIẾT BIÊN SOẠN, XUẤT BẢN SÁCH PHỤC VỤ NHIỆM VỤ CHÍNH TRỊ:2) Chi phí công tác thiết kế, chế bản xuất bản phẩm in-Chi phí thiết kế, trình bày trang bìa ngoài sách in (Mã hiệu: 03010102 -QĐ54/2022/QĐ-UBND) - 2 Trang (Bìa 1 và bìa 4)-A) Vật liệu sử dung;75000;405/2025/279/CTTĐG-VNVIC;28/11/2025;;Đỗ Tiến Hưng
74;;Mực in laser A4 màu;Hộp;II)CHI TIẾT BIÊN SOẠN, XUẤT BẢN SÁCH PHỤC VỤ NHIỆM VỤ CHÍNH TRỊ:2) Chi phí công tác thiết kế, chế bản xuất bản phẩm in-Chi phí thiết kế, trình bày trang bìa ngoài sách in (Mã hiệu: 03010102 -QĐ54/2022/QĐ-UBND) - 2 Trang (Bìa 1 và bìa 4)-A) Vật liệu sử dung;1050000;405/2025/279/CTTĐG-VNVIC;28/11/2025;;Đỗ Tiến Hưng
75;;Bút bi;Cái;II)CHI TIẾT BIÊN SOẠN, XUẤT BẢN SÁCH PHỤC VỤ NHIỆM VỤ CHÍNH TRỊ:2) Chi phí công tác thiết kế, chế bản xuất bản phẩm in-Chi phí thiết kế, trình bày trang bìa ngoài sách in (Mã hiệu: 03010102 -QĐ54/2022/QĐ-UBND) - 2 Trang (Bìa 1 và bìa 4)-A) Vật liệu sử dung;12000;405/2025/279/CTTĐG-VNVIC;28/11/2025;;Đỗ Tiến Hưng
76;;Biên tập viên hạng III bậc 5/9;Công;II)CHI TIẾT BIÊN SOẠN, XUẤT BẢN SÁCH PHỤC VỤ NHIỆM VỤ CHÍNH TRỊ:2) Chi phí công tác thiết kế, chế bản xuất bản phẩm in-Chi phí thiết kế, trình bày trang bìa ngoài sách in (Mã hiệu: 03010102 -QĐ54/2022/QĐ-UBND) - 2 Trang (Bìa 1 và bìa 4)-B)Nhân công;480774;405/2025/279/CTTĐG-VNVIC;28/11/2025;Theo lương tối thiểu NN;Đỗ Tiến Hưng
77;;Họa sĩ bậc 5/9;Công;II)CHI TIẾT BIÊN SOẠN, XUẤT BẢN SÁCH PHỤC VỤ NHIỆM VỤ CHÍNH TRỊ:2) Chi phí công tác thiết kế, chế bản xuất bản phẩm in-Chi phí thiết kế, trình bày trang bìa ngoài sách in (Mã hiệu: 03010102 -QĐ54/2022/QĐ-UBND) - 2 Trang (Bìa 1 và bìa 4)-B)Nhân công;480774;405/2025/279/CTTĐG-VNVIC;28/11/2025;Theo lương tối thiểu NN;Đỗ Tiến Hưng
78;;Kỹ sư bậc 5/9;Công;II)CHI TIẾT BIÊN SOẠN, XUẤT BẢN SÁCH PHỤC VỤ NHIỆM VỤ CHÍNH TRỊ:2) Chi phí công tác thiết kế, chế bản xuất bản phẩm in-Chi phí thiết kế, trình bày trang bìa ngoài sách in (Mã hiệu: 03010102 -QĐ54/2022/QĐ-UBND) - 2 Trang (Bìa 1 và bìa 4)-B)Nhân công;480774;405/2025/279/CTTĐG-VNVIC;28/11/2025;Theo lương tối thiểu NN;Đỗ Tiến Hưng
79;;Máy tính chuyên dụng;Ca;II)CHI TIẾT BIÊN SOẠN, XUẤT BẢN SÁCH PHỤC VỤ NHIỆM VỤ CHÍNH TRỊ:2) Chi phí công tác thiết kế, chế bản xuất bản phẩm in-Chi phí thiết kế, trình bày trang bìa ngoài sách in (Mã hiệu: 03010102 -QĐ54/2022/QĐ-UBND) - 2 Trang (Bìa 1 và bìa 4)-C) Máy sử dụng;9630;405/2025/279/CTTĐG-VNVIC;28/11/2025;;Đỗ Tiến Hưng
80;;Máy in Laser A4 màu;Ca;II)CHI TIẾT BIÊN SOẠN, XUẤT BẢN SÁCH PHỤC VỤ NHIỆM VỤ CHÍNH TRỊ:2) Chi phí công tác thiết kế, chế bản xuất bản phẩm in-Chi phí thiết kế, trình bày trang bìa ngoài sách in (Mã hiệu: 03010102 -QĐ54/2022/QĐ-UBND) - 2 Trang (Bìa 1 và bìa 4)-C) Máy sử dụng;9091;405/2025/279/CTTĐG-VNVIC;28/11/2025;;Đỗ Tiến Hưng
81;;Giấy;Ram;II)CHI TIẾT BIÊN SOẠN, XUẤT BẢN SÁCH PHỤC VỤ NHIỆM VỤ CHÍNH TRỊ:2) Chi phí công tác thiết kế, chế bản xuất bản phẩm in-Chi phí thiết kế, trình bày trang ruột sách in (Mã hiệu: 03010201 -QĐ54/2022/QĐ-UBND) A) Vật liệu sử dung;75000;405/2025/279/CTTĐG-VNVIC;28/11/2025;;Đỗ Tiến Hưng
82;;Mực in laser A4;Hộp;II)CHI TIẾT BIÊN SOẠN, XUẤT BẢN SÁCH PHỤC VỤ NHIỆM VỤ CHÍNH TRỊ:2) Chi phí công tác thiết kế, chế bản xuất bản phẩm in-Chi phí thiết kế, trình bày trang ruột sách in (Mã hiệu: 03010201 -QĐ54/2022/QĐ-UBND) A) Vật liệu sử dung;1050000;405/2025/279/CTTĐG-VNVIC;28/11/2025;;Đỗ Tiến Hưng
83;;Bút bi;Cái;II)CHI TIẾT BIÊN SOẠN, XUẤT BẢN SÁCH PHỤC VỤ NHIỆM VỤ CHÍNH TRỊ:2) Chi phí công tác thiết kế, chế bản xuất bản phẩm in-Chi phí thiết kế, trình bày trang ruột sách in (Mã hiệu: 03010201 -QĐ54/2022/QĐ-UBND) A) Vật liệu sử dung;12000;405/2025/279/CTTĐG-VNVIC;28/11/2025;;Đỗ Tiến Hưng
84;;Biên tập viên hạng III bậc 5/9;Công;II)CHI TIẾT BIÊN SOẠN, XUẤT BẢN SÁCH PHỤC VỤ NHIỆM VỤ CHÍNH TRỊ:2) Chi phí công tác thiết kế, chế bản xuất bản phẩm in-Chi phí thiết kế, trình bày trang ruột sách in (Mã hiệu: 03010201 -QĐ54/2022/QĐ-UBND)B) Nhân công;480774;405/2025/279/CTTĐG-VNVIC;28/11/2025;Theo lương tối thiểu NN;Đỗ Tiến Hưng
85;;Họa sĩ bậc 5/9;Công;II)CHI TIẾT BIÊN SOẠN, XUẤT BẢN SÁCH PHỤC VỤ NHIỆM VỤ CHÍNH TRỊ:2) Chi phí công tác thiết kế, chế bản xuất bản phẩm in-Chi phí thiết kế, trình bày trang ruột sách in (Mã hiệu: 03010201 -QĐ54/2022/QĐ-UBND)B) Nhân công;480774;405/2025/279/CTTĐG-VNVIC;28/11/2025;Theo lương tối thiểu NN;Đỗ Tiến Hưng
86;;Kỹ sư bậc 5/9;Công;II)CHI TIẾT BIÊN SOẠN, XUẤT BẢN SÁCH PHỤC VỤ NHIỆM VỤ CHÍNH TRỊ:2) Chi phí công tác thiết kế, chế bản xuất bản phẩm in-Chi phí thiết kế, trình bày trang ruột sách in (Mã hiệu: 03010201 -QĐ54/2022/QĐ-UBND)B) Nhân công;480774;405/2025/279/CTTĐG-VNVIC;28/11/2025;Theo lương tối thiểu NN;Đỗ Tiến Hưng
87;;Máy tính chuyên dụng;Ca;II)CHI TIẾT BIÊN SOẠN, XUẤT BẢN SÁCH PHỤC VỤ NHIỆM VỤ CHÍNH TRỊ:2) Chi phí công tác thiết kế, chế bản xuất bản phẩm in-Chi phí thiết kế, trình bày trang ruột sách in (Mã hiệu: 03010201 -QĐ54/2022/QĐ-UBND)C) Máy sử dung;9630;405/2025/279/CTTĐG-VNVIC;28/11/2025;;Đỗ Tiến Hưng
88;;Máy in Laser A4;Ca;II)CHI TIẾT BIÊN SOẠN, XUẤT BẢN SÁCH PHỤC VỤ NHIỆM VỤ CHÍNH TRỊ:2) Chi phí công tác thiết kế, chế bản xuất bản phẩm in-Chi phí thiết kế, trình bày trang ruột sách in (Mã hiệu: 03010201 -QĐ54/2022/QĐ-UBND)C) Máy sử dung;9091;405/2025/279/CTTĐG-VNVIC;28/11/2025;;Đỗ Tiến Hưng
89;;Thuê xe 16 chỗ đi từ thành phố Thanh Hóa đến các huyện và ngược lại ;Ngày;II)CHI TIẾT BIÊN SOẠN, XUẤT BẢN SÁCH PHỤC VỤ NHIỆM VỤ CHÍNH TRỊ:3)Chi phí khác-Khảo sát thực địa thu thập tư liệu tại các Huyện trên địa bàn tỉnh Thanh Hóa;3000000;405/2025/279/CTTĐG-VNVIC;28/11/2025;mục 11, khoản II, Điều 1, NQ 64/2017/NQ-HĐND  ngày 12/7/2017;Đỗ Tiến Hưng
90;;Phụ cấp lưu trú: 08 người x 200000 đ/người/ngày x 04 ngày;người;II)CHI TIẾT BIÊN SOẠN, XUẤT BẢN SÁCH PHỤC VỤ NHIỆM VỤ CHÍNH TRỊ:3)Chi phí khác-Khảo sát thực địa thu thập tư liệu tại các Huyện trên địa bàn tỉnh Thanh Hóa;800000;405/2025/279/CTTĐG-VNVIC;28/11/2025;khoản 2, mục II, NQ 64/2017/NQ-HĐND ngày 12/7/2017;Đỗ Tiến Hưng
91;;Kinh phí thuê phòng nghỉ:  08 người x 350000 đ/người/ngày x 03 đêm;người;II)CHI TIẾT BIÊN SOẠN, XUẤT BẢN SÁCH PHỤC VỤ NHIỆM VỤ CHÍNH TRỊ:3)Chi phí khác-Khảo sát thực địa thu thập tư liệu tại các Huyện trên địa bàn tỉnh Thanh Hóa;1050000;405/2025/279/CTTĐG-VNVIC;28/11/2025;mục II33,1  NQ 64/2017/NQ-HĐND ngày 12/7/2017;Đỗ Tiến Hưng
92;;Thuê xe 16 chỗ đi từ thành phố Thanh Hóa đến các huyện và ngược lại ;Ngày;II)CHI TIẾT BIÊN SOẠN, XUẤT BẢN SÁCH PHỤC VỤ NHIỆM VỤ CHÍNH TRỊ:3)Chi phí khác-Khảo sát bổ sung điều tra thu thập tư liệu lần 2 của 166 xã;3000000;405/2025/279/CTTĐG-VNVIC;28/11/2025;điểm b, mục 12, khoản II, Điều 1, NQ 64/2017/NQ-HĐND  ngày 12/7/2017;Đỗ Tiến Hưng
93;;Phụ cấp lưu trú: 09 người x 200000 đ/người/ngày x 05 ngày;người;II)CHI TIẾT BIÊN SOẠN, XUẤT BẢN SÁCH PHỤC VỤ NHIỆM VỤ CHÍNH TRỊ:3)Chi phí khác-Khảo sát bổ sung điều tra thu thập tư liệu lần 2 của 166 xã;1000000;405/2025/279/CTTĐG-VNVIC;28/11/2025;khoản 2, mục II, NQ 64/2017/NQ-HĐND ngày 12/7/2017;Đỗ Tiến Hưng
94;;Kinh phí thuê phòng nghỉ:  09 người x 350000 đ/người/ngày x 04 đêm;người;II)CHI TIẾT BIÊN SOẠN, XUẤT BẢN SÁCH PHỤC VỤ NHIỆM VỤ CHÍNH TRỊ:3)Chi phí khác-Khảo sát bổ sung điều tra thu thập tư liệu lần 2 của 166 xã;1400000;405/2025/279/CTTĐG-VNVIC;28/11/2025;mục II33,1   NQ 64/2017/NQ-HĐND ngày 12/7/2017;Đỗ Tiến Hưng
95;;Thuê xe 07 chỗ đi từ thành phố Thanh Hóa đi Hà Nội và ngược lại ;Ngày;II)CHI TIẾT BIÊN SOẠN, XUẤT BẢN SÁCH PHỤC VỤ NHIỆM VỤ CHÍNH TRỊ:3)Chi phí khác-Kinh phí mời chuyên gia đọc, góp ý bản thảo ;2500000;405/2025/279/CTTĐG-VNVIC;28/11/2025;;Đỗ Tiến Hưng
96;;Phụ cấp lưu trú (6 người x 200000đ/người/ngày x 04 ngày);Người;II)CHI TIẾT BIÊN SOẠN, XUẤT BẢN SÁCH PHỤC VỤ NHIỆM VỤ CHÍNH TRỊ:3)Chi phí khác-Kinh phí mời chuyên gia đọc, góp ý bản thảo ;800000;405/2025/279/CTTĐG-VNVIC;28/11/2025;"II2; NQ 64/2017/NQ-HĐND ngày 12/7/2017";Đỗ Tiến Hưng
97;;Khoán thuê phòng nghỉ (350000đ/ngày/người x 06 người x 03 đêm);Người;II)CHI TIẾT BIÊN SOẠN, XUẤT BẢN SÁCH PHỤC VỤ NHIỆM VỤ CHÍNH TRỊ:3)Chi phí khác-Kinh phí mời chuyên gia đọc, góp ý bản thảo ;1050000;405/2025/279/CTTĐG-VNVIC;28/11/2025;;Đỗ Tiến Hưng
98;;Thù lao cho chuyên gia đọc, góp ý bản thảo  - Thời gian: 4 ngày Theo đó mức lương chuyên gia theo tuần bằng [(30000000/26] x 1,3 = 1500000đ người/ngày x 4 ngày;Người;II)CHI TIẾT BIÊN SOẠN, XUẤT BẢN SÁCH PHỤC VỤ NHIỆM VỤ CHÍNH TRỊ:3)Chi phí khác-Kinh phí mời chuyên gia đọc, góp ý bản thảo ;6000000;405/2025/279/CTTĐG-VNVIC;28/11/2025;"Căn cứ theo:
- Mục 2, điều 3,  Thông tư số 02/2015/TT-BLĐTBXH ngày 12 tháng 01 năm 2015 của Bộ Lao động - Thương binh và Xã hội quy định mức lương đối với chuyên gia tư vấn trong nước 
Áp dụng cho chuyên gia Mức 2";Đỗ Tiến Hưng
99;;Photo tài liệu A4 02 mặt, đóng bìa hệ thống bản thảo báo cáo: 42 trang/bộ x 350đ/trang = 14700đ/bộ x 18 bộ;Bộ;II)CHI TIẾT BIÊN SOẠN, XUẤT BẢN SÁCH PHỤC VỤ NHIỆM VỤ CHÍNH TRỊ:3)Chi phí khác-Hội nghị tuyển chọn thông qua bản thảo:  (1 ngày);14700;405/2025/279/CTTĐG-VNVIC;28/11/2025;;Đỗ Tiến Hưng
100;;Nước uống phục vụ hội nghị;Người;II)CHI TIẾT BIÊN SOẠN, XUẤT BẢN SÁCH PHỤC VỤ NHIỆM VỤ CHÍNH TRỊ:3)Chi phí khác-Hội nghị tuyển chọn thông qua bản thảo:  (1 ngày);40000;405/2025/279/CTTĐG-VNVIC;28/11/2025;64/2017/NQ-HĐND ngày 12/7/2017;Đỗ Tiến Hưng
101;;Photo tài liệu A4 02 mặt, đóng bìa hệ thống bản thảo báo cáo: 42 trang/bộ ;Bộ;II)CHI TIẾT BIÊN SOẠN, XUẤT BẢN SÁCH PHỤC VỤ NHIỆM VỤ CHÍNH TRỊ:3)Chi phí khác-Hội nghị thẩm định tư liệu, đối chiếu tư liệu:  (1 ngày);14700;405/2025/279/CTTĐG-VNVIC;28/11/2025;;Đỗ Tiến Hưng
102;;Nước uống phục vụ hội nghị;Người;II)CHI TIẾT BIÊN SOẠN, XUẤT BẢN SÁCH PHỤC VỤ NHIỆM VỤ CHÍNH TRỊ:3)Chi phí khác-Hội nghị thẩm định tư liệu, đối chiếu tư liệu:  (1 ngày);40000;405/2025/279/CTTĐG-VNVIC;28/11/2025;64/2017/NQ-HĐND ngày 12/7/2017;Đỗ Tiến Hưng
103;;In sách,  Khổ 16x24, 550 trang, giấy 80gsm, trang bìa in màu, cán mờ, phay gáy và keo nhiệt, chuyển về địa phương;Cuốn;II)CHI TIẾT BIÊN SOẠN, XUẤT BẢN SÁCH PHỤC VỤ NHIỆM VỤ CHÍNH TRỊ:3)Chi phí khác-Chi phí in ;138000;405/2025/279/CTTĐG-VNVIC;28/11/2025;;Đỗ Tiến Hưng
104;;Dàn trang soát lỗi, thực hiện thiết kế bìa, chế bản nội dung và hình ảnh, xử lý kỹ mỹ thuật tranh ảnh xen lẫn nội dung cuốn sách trước khi in;Trọn gói;II)CHI TIẾT BIÊN SOẠN, XUẤT BẢN SÁCH PHỤC VỤ NHIỆM VỤ CHÍNH TRỊ:3)Chi phí khác-Chi phí in ;6000000;405/2025/279/CTTĐG-VNVIC;28/11/2025;;Đỗ Tiến Hưng
105;;Chi phí in sách mẫu phụ vụ thẩm định, đọc duyệt trước khi xuất bản;cuốn ;II)CHI TIẾT BIÊN SOẠN, XUẤT BẢN SÁCH PHỤC VỤ NHIỆM VỤ CHÍNH TRỊ:3)Chi phí khác-Chi phí in ;150000;405/2025/279/CTTĐG-VNVIC;28/11/2025;;Đỗ Tiến Hưng
106;;Nhuận bút tác giả (18%) ;Nhuận bút;II)CHI TIẾT BIÊN SOẠN, XUẤT BẢN SÁCH PHỤC VỤ NHIỆM VỤ CHÍNH TRỊ:3)Chi phí khác-Chi phí nhuận bút, bản quyền xuất bản phẩm;43963463;405/2025/279/CTTĐG-VNVIC;28/11/2025;(Điều 13,14 Nghị định số 18/2014/NĐ-CP);Đỗ Tiến Hưng
107;;Bộ ấm chén BONE-BAT08 kẻ vàng (gồm 6 cốc, 6 đĩa lót cốc, 1 ấm trà, 1 đĩa lót ấm trà);Bộ;"- Nguyên liệu: Cao lanh, fenspat, thạch anh
- Nhiệt độ nung: 1280°C lần 1 – phủ men không chì sau đó nung lần 2 ở nhiệt độ 1080°C đảm bảo an toàn cho sức khỏe
- Đặc điểm: Bộ sản phẩm sứ quà tặng cao cấp: trắng mịn, độ trong độ xuyên thấu cao, siêu nhẹ, bền đẹp, chịu nhiệt, không nhiễm chì, không nhiễm kim loại nặng, an toàn khi sử dụng, dễ dàng vệ sinh";509000;405/2025/955;17/11/2025;…;Bùi Thị Trà Giang
108;;Điều Hòa Panasonic Inverter 12000Btu 1 Chiều CS-XU12BKH-8;Cái;"Xuất xứ: Malaysia
Bảo hành; 12 tháng
Công suất làm lạnh: 12000 BTU
Công suất làm lạnh: ≤ 12000 BTU - Từ 15 - 20 m²
Màu sắc: Trắng
Công nghệ Inverter: Inverter
Loại máy: 1 chiều
Nhãn năng lượng: 5 sao (Hiệu suất năng lượng 579)
Tiện ích: Làm lạnh nhanh; Khử ẩm nhẹ; Chế độ Sleep hẹn giờ tắt máy và kiểm soát nhiệt độ trong khi ngủ; Chế độ điều hòa chạy siêu êm; Nắp dàn lạnh có thể tháo rời, vệ sinh, Hẹn giờ:  Bật/Tắt 24 giờ; Tự khởi động lại ngẫu nhiên; Dàn tản nhiệt xanh
Công nghệ tiết kiệm điện Chỉ có Inverter
Kháng khuẩn khử mùi: Công nghệ nanoe G
Công nghệ làm lạnh nhanh: Powerful
Chế độ gió:  Điều khiển tùy chỉnh lên xuống, trái phải
Kích thước dàn lạnh: 765 x 214 x 290 mm
Trọng lượng dàn lạnh: 8 kg
Loại Gas sử dụng: R-32
Năm ra mắt 2024";16400000;405/2025/896/;17/11/2025;…;Bùi Thị Trà Giang
109;;Ống đồng dẫn ga máy lạnh;m;"Ống đồng dẫn ga máy lạnh: 
Loại ống đồng cho máy 12000 BTU";180000;405/2025/896/;17/11/2025;…;Bùi Thị Trà Giang
110;;Ống bảo ôn;m;Ống bảo ôn: Nhựa dẻo Polyetylen bên ngoài, bên trong có một lớp mút xốp cách nhiệt, vai trò chống cháy, chống nước và cách nhiệt, giữ nhiệt tỏa ra từ ống đồng ;35000;405/2025/896/;17/11/2025;…;Bùi Thị Trà Giang
111;;Dây điện;m;Dây điện: Cadivi 2x4mm Ruột dẫn đồng mềm, cách điện PVC, lớp độn điều đầy bằng PP hoặc PVC, lớp bọc bên trong quấn bằng PET hoặc ép đùn PVC vỏ bọc bên ngoài PVC;32000;405/2025/896/;17/11/2025;…;Bùi Thị Trà Giang
112;;Attomat ;Cái;"Số cực: 2P
Dòng điện: 20A
Dòng ngắn mạch: 15kA
Điện áp: 230VAC, 240VAC, 380VAC, 400VAC, 415VAC, 440VAC
Loại: Aptomat khối";85800;405/2025/896/;17/11/2025;…;Bùi Thị Trà Giang
113;;Chân giá đỡ điều hòa;Bộ;Chân giá đỡ điều hòa Làm bằng sắt V, dày 5mm, dài 50cm, cao 60cm;200000;405/2025/896/;17/11/2025;…;Bùi Thị Trà Giang
114;;Ống nước thải Ф 21;m;Vật tư phụ: Băng quấn, bu lông, ốc vít, vải cuốn ;12000;405/2025/896/;17/11/2025;…;Bùi Thị Trà Giang
115;;Vật tư phụ;Bộ;;88000;405/2025/896/;17/11/2025;…;Bùi Thị Trà Giang
116;;Công lắp đặt;Bộ;Công lắp đặt: Treo lắp đặt, khoan tường, bắt giá đỡ dàn nóng, dàn lạnh, đấu nối, hàn ống, kiểm tra vận hành;300000;405/2025/896/;17/11/2025;…;Bùi Thị Trà Giang
117;;Đầu ghi hình camera IP 16 kênh HIKVISION DS-7716NI-M4;Cái;" Đầu ghi hình hỗ trợ 16-ch camera IP đầu vào
 Chuẩn nén hình ảnh: H265+/H265/H264+/H264
 Tương thích với tín hiệu ngõ ra: 2-ch HDMI, 1-ch VGA
–Băng thông đầu vào: 256 Mbps
 16 kênh ngõ vào báo động, 9 kênh ngõ ra báo động
 Hỗ trợ 4 ổ cứng SATA dung lượng lưu trữ 14TB mỗi ổ cứng
 Hỗ trợ 3 cổng USB (2x USB 20, 1x USB 30) 
 Nguồn điện: 100 to 240 VAC, 50 to 60 Hz";9000000;405/2025/896/;17/11/2025;…;Bùi Thị Trà Giang
118;;Smart Switch PoE 8 cổng HIKVISION DS-3E1510P-SI;Cái;"Cổng PoE 8× gigabit và cổng quang 2× gigabit
Chuẩn IEEE 8023at/af cho cổng PoE
Quản lý cấu trúc liên kết mạng, đẩy cảnh báo, theo dõi tình trạng mạng
 Bảo vệ chống sét lan truyền 6 KV cho cổng PoE
Máy ảnh AF/AT có thể đạt tới 300 m ở chế độ mở rộng
Cơ quan giám sát PoE để tự động phát hiện và khởi động lại các camera không phản hồi
Nhiều giao thức quản lý lớp 2 khác nhau như STP/RSTP, Vlan, tập hợp liên kết, SNMP, QoS, vv
 Bảo hành: 24 tháng";3344000;405/2025/896/;17/11/2025;…;Bùi Thị Trà Giang
119;;Ổ cứng SSD cho NAS Synology SAT5221-3840G;Cái;"Dung lượng: 3840 GB 
Kiểu dáng: 25 inch, 7 mm 
Giao diện: SATA 6 Gb/s 
Hiệu suất đọc ghi tuần tự liên tục lên đến 500/500 MB/s
Hiệu suất đọc ghi ngẫu nhiên liên tục lên đến hơn 90,000/30,000 IOPS
Tổng dung lượng ghi (TBW): >7,000 TB
Thời gian trung bình giữa các lỗi (MTBF): 1,500,000 giờ
Tỷ lệ lỗi bit không sửa được (UBER): <1 sector trên 10¹⁷ bit đọc
Mức điện năng tiêu thụ đọc ghi tiêu chuẩn là 2W6 và 34W
Tính năng bảo vệ chống mất điện
Hoạt động ổn định trong nhiệt độ 0°C sang 70°C";29200000;405/2025/896/;17/11/2025;…;Bùi Thị Trà Giang
120;;Camera IP 8MP HIKVISION DS-2CD2783G2-LIZS2U;Cái;"
Cảm biến hình ảnh	1/28 inch Progressive Scan CMOS
Độ phân giải	8MP (3840 × 2160)
Độ nhạy sáng tối thiểu	Màu: 0005 Lux @ (F16, AGC ON); 0 Lux với đèn trợ sáng
WDR (Chống ngược sáng)	120dB
Ngày & Đêm	IR cut filter (chế độ Ngày, Đêm, Tự động, Lịch trình)
Ống kính	Varifocal lens, motorized lens, 28 to 12 mm
Hỗ trợ ánh sáng	Smart Hybrid Light (IR & White Light), tầm quan sát 40m
Chuẩn nén video	H265+/H265/H264+/H264/MJPEC
API	ONVIF (Profile S, G), ISAPI, SDK, ISUP
Tính năng hình ảnh	BLC, HLC, 3D DNR, xoay hình, điều chỉnh màu sắc, độ sáng, độ nét
Privacy Mask	Hỗ trợ che 8 vùng riêng tư
Lưu trữ	Hỗ trợ thẻ nhớ microSD/microSDHC/microSDXC lên đến 512GB
Giao diện mạng	1 cổng RJ45 10M/100M
Tích hợp mic	Có (Dual-mic array)
Âm thanh (Audio I/O)	1 đầu vào (line-in): 33Vpp, trở kháng 47KΩ; 1 đầu ra (line-out): 33Vpp, trở kháng 100Ω
Ngõ vào/ra báo động	 1 đầu vào, 1 đầu ra (Tối đa 24VDC/24VAC, 1A)
Sự kiện cơ bản	Phát hiện chuyển động (hỗ trợ kích hoạt báo động theo các loại mục tiêu được chỉ định (con người và xe cộ)), phát hiện giả mạo video, báo lỗi hệ thống
Chức năng học sâu	Phát hiện vượt rào, Phát hiện xâm nhập (Hỗ trợ phân loại người và phương tiện để giảm báo động giả)
Nguồn cấp	12VDC ± 25% (1056W max) hoặc PoE (IEEE 8023af, Class 3, 125W max)
Nhiệt độ hoạt động	-30°C đến 60°C, độ ẩm ≤95% (không ngưng tụ)
Kích thước	Ø 1215 mm × 976 mm
Trọng lượng	620g
Tiêu chuẩn bảo vệ	IP67 (chống nước, bụi) & IK10 (chống va đập)";6089000;405/2025/896/;17/11/2025;…;Bùi Thị Trà Giang
121;;"Cáp mạng cable AMP
Commscope Cat 6A CS44Z1,
Category 6A chống nhiễu, 23
AWG, (884024508/10)";M;"Loại sản phẩm: Cáp mạng CAT6A F/UTP (có bọc giáp chống nhiễu)
SKU: F/UTP-884024508/10
Hỗ trợ chuẩn 10GBASE-T đến 100m
Thỏa tất cả các yêu cầu của 10 Gigabit Ethernet(IEEE 8023an)
Chứng nhận an toàn: IEC 60332-1-2, IEC 60754-1, IEC 60754-2, IEC 61034-2
Kích thước lõi 23 AWG, 4-cặp F/UTP (Có bọc chống nhiễu)
Dữ Liệu Kỹ Thuật:
Điện dung: 56 nF/100m
Trở kháng: 100 ohms +/-15%, 1 MHz to 600 MHz
Điện trở dây dẫn: 6658 ohms max/1km
Điện áp : 300VAC hoặc VDC
Độ trễ truyền: 56 nF/100 m
Độ uốn cong: (4 X đường kính cáp) ≈ 1″
Đóng gói : 305m/ reel-in-box (26 lbs/kft)
Chất Liệu Dây:
Dây dẫn:  Đồng nguyên chất dạng cứng – Solid
Đường kính lõi 23 AWG
Vỏ bọc cách điện: Polyethylene, 00042 dia nom
Vỏ bọc LSZH
Nhiệt độ hoạt động: -20°C – +60°C";18000;405/2025/896/;17/11/2025;…;Bùi Thị Trà Giang
122;;Nhân Công;Gói;Nhân công;2000000;405/2025/896/;17/11/2025;…;Bùi Thị Trà Giang
123;;Máy ảnh Sony Alpha A7R Mark V / A7RM5 Body;Chiếc;"• ISO: Ảnh tĩnh, 100-32000 
Quay phim, 100-32000 
• Tốc Độ Màn Trập1/8000 - 30s 
• Đo Sáng: Multi-segment, Center-weighted, Spot (Standard / Large), Entire Sc reen Avg, Highlight 
• Bù trừ sáng: (EV)+/- 30 EV (bước nhảy 1/3 và 1/2 EV steps) 
• Cân Bằng: TrắngAuto / Daylight / Shade / Cloudy / Incandescent / Fluorescent / Flash / Underwater / Color Temperature (2500 to 9900 K) & color filter / Custom 
• Tốc Độ Chụp: Liên TụcLên đến 10 fps 
• Hẹn Giờ: Chụp2/5/10s 
• Định Dạng Cảm Biến: Full-Frame (1x Crop Factor) 
• Độ Phân Giải: Khoảng 625 megapixels 
• Kích Thước Ảnh: 9504 x 6336 
• Tỷ Lệ Ảnh: 1:1, 3:2, 4:3, 16:9 
• Loại Cảm Biến: 35mm full frame (357 x 238 mm), Exmor R CMOS sensor 
• Định Dạng Ảnh: JPEG (DCF Ver 20, Exif Ver 232, MPF Baseline compliant), HEI F (MPEG-A MIAF compliant), RAW (Sony ARW 40 format compli ant) 
• Chống Rung: Cảm biến-Shift, 5 trục 
• Ngàm Ống Kính: Sony E 
• Mã Hóa Video: NTSC/PAL 
• Độ Phân Giải Video: 3840 x 2160 (15p / 125p) / 1920 x 1080 (60p / 50p / 30p / 25p) / 1 280 x 720 (30p / 25p) 
• MicroBuilt-In Microphone (Stereo) / External Microphone Input 
• Định Dạng Âm ThanhLPCM 2ch (48kHz 16bit), LPCM 2ch (48kHz 24bit), LPCM 4ch (48kHz 24bit), MPEG-4 AAC-LC 2ch 
• Kiểu Lấy NétAuto and Manual Focus 
• Chế Độ Lấy NétAutomatic (A), Continuous-Servo AF (C), Direct Manual Focus (DMF), Manual Focus (M), Single-Servo AF (S) 
• Số Điểm Lấy Nét693 
• Loại Kính NgắmQuad-XGA OLED 
• Đặc Tính Màn HìnhLCD cảm ứng 
• Độ Phân Giải Màn Hình2,100,000 Điểm ảnh 
• Kích Thước Màn Hình32"" 
• Độ Phóng Đại Kính NgắmKhoảng 090x 
• Độ Bao Phủ Kính NgắmN/A 
• Kích Thước Kính Ngắm064"" 
• Độ Phân Giải Kính Ngắm9,440,000 Điểm ảnh 
• Đèn FlashKhông 
• Chế Độ FlashFlash off, Autoflash, Fill-flash, Slow Sync, Rear Sync, Red-eye re duction (on/off selectable), Wireless, Hi-speed sync 
• Tốc Độ Đánh ĐènN/A 
• Chân Kết NốiHot Shoe, PC Terminal 
• Độ Bù Sáng-5 to +5 EV (bước nhảy 1/3, 1/2 EV Steps) 
• Đồng Bộ FlashPre-flash TTL 
• GPSKhông 
• Kết Nối Không DâyWifi/Bluetooth 
• Jack Cắm35 mm headphone, 35 mm microphone, HDMI D( micro), USB Type C( USB 30) 
• Số Khe Cắm Thẻ Nhớ2 khe cắm thẻ nhớ: CFexpress Loại A và SD (UHS-II) 
• Trọng Lượng723 g 
• Kích Thước131,3 x 96,9 x 82,4 mm";85664000;405/2025/897;17/11/2025;…;Bùi Thị Trà Giang
124;;Ống kính Tamron 28-75mm F28 Di III VXD G2 For Sony E;Chiếc ;"""Tiêu Cự: 28 đến 75mm
Khẩu Độ Lớn Nhất: f/28
Khẩu Độ Nhỏ Nhất: F22
Ngàm Ống Kính: Sony E
Định Dạng Ống Kính: Full-Frame
Góc Nhìn: 75 ° 23'- 32 ° 11 '
Khoảng Cách Lấy Nét Tối Thiểu: 18 cm
Độ Phóng Đại: 1: 27
Thành Phần Quang Học: 17 thấu kính trong 15 nhóm
Số Lá Khẩu: 9
Loại Lấy Nét: Tự động lấy nét
Chống Rung: Không
Kích Thước Filter: 67 mm (Mặt trước)
Kích Thước: 1176mm x 758mm
Trọng Lượng: 540g""";20689000;405/2025/897;17/11/2025;…;Bùi Thị Trà Giang
125;;Máy In HP LaserJet Pro M404dn;Chiếc;"Máy In HP LaserJet Pro M404dn
- Màn hình hiển thị LCD 2 dòng
- Tốc độ 1 mặt : 38 trang/ phút khổ A4 và 40 trang/ phút khổ Letter
- Tốc độ 2 mặt : 31 trang/ phút khổ A4 và 33 trang/ phút khổ Letter
- Khổ giấy tối đa : A4/Letter
- In hai mặt tự động (Duplex)
- Độ phân giải : 600 x 600 dpi, 1200 x 1200 dpi
- Ngôn ngữ in : HP PCL 6, HP PCL 5c, HP postscript level 3 emulation, PDF, URF, PWG Raster
- In ấn từ điện thoại di động với các ứng dụng Apple AirPrint,31 Mopria-certified, Google Cloud Print 20
- Bộ nhớ chuẩn : 256 MB
- Bộ xử lý CPU : 1200 MHz
- Thời gian in bản đầu tiên : xấp xỉ 63 giây
- Khay giấy tiêu chuẩn : 250 tờ
- Khay đa năng : 100 tờ
- Khay giấy ra : 150 tờ
- Hỗ trợ HĐH : Windows 10/81/8/7(32-bit/64-bit), Windows Server 2008/2012/2016(64-bit), Mobile OS: iOs, Android, Mac OS: Sierra v1012, High Sierra v1013, Mojave v1014";5900000;405/2025/897;17/11/2025;…;Bùi Thị Trà Giang
126;;Máy in A3 đa chức năng HP LaserJet M440DN ;Chiếc;"Máy in A3 đa chức năng HP LaserJet M440DN 
Loại: Máy in đa năng
Chức năng: Copy, In 2 mặt tự động, Scan
Loại mực in sử dụng: HP 335A/X
Dung lượng RAM: 512Mb
Màn hình hiển thị: LCD
Bộ nhớ: 512MB
Xử lý giấy
Khổ giấy in: A3, A4, A5, A6, B4, B5
Khay đựng giấy: Khay 1 (100 tờ), Khay 2 (250 tờ)
Thông số chức năng In
Tốc độ in: A3 (12 trang/phút), A4 (22 trang/phút)
Thời gian in bản đầu tiên: 86 giây
Độ phân giải in: 1200 x 1200 dpi
Thông số chức năng Copy
Độ phân giải Copy: 600 x 600 dpi
Tốc độ copy: 24 bản/phút
Độ thu phóng: 25% - 400%
Thời gian copy bản đầu tiên: 7,1 giây
Số lượng copy liên tục tối đa: 999 tờ
Thông số chức năng Scan
Độ phân giải quang học: 600 x 600 dpi
Tốc độ scan: 33 trang/phút
Công nghệ quét: Cảm biến hình ảnh Digital-CMOS
Kết nối, nguồn điện & Phần mềm
Cổng kết nối: LAN, USB
Hệ điều hành: Linux, Windows
Điện năng tiêu thụ: 580W
Nguồn điện áp: 220V - 240V
Kích thước, xuất xứ và Bảo hành
Trọng lượng sản phẩm: 25,4kg
Kích thước sản phẩm: 560mm x 540mm x 417mm (Dài x rộng x cao)
Sản xuất tại: Trung Quốc
Xuất xứ thương hiệu: Mỹ
Bảo hành: 12 tháng";16500000;405/2025/897;17/11/2025;…;Bùi Thị Trà Giang
127;;Máy Photocopy Ricoh IM 3000;Chiếc;"Loại máy: Photocopy đen trắng
Chức năng: Copy + In mạng + Scan màu + Duplex + ARDF + LAN
Khay giấy: 02 x 550 tờ, khay tay 100 tờ
Khổ giấy: A3/A4
Tốc độ in: 30 trang/phút
Đảo mặt bản sao: Có
Bộ nạp và đảo bản gốc tự động (ARDF): Có sẵn
Cổng giao tiếp: USB/ LAN
Dùng mực: Ricoh 3554S (25000 trang)
Bộ nhớ: 320 GB 
Bộ nhớ - chuẩn: 4 GB - 2 GB Máy + 2 GB Màn Hình 
Màn hình điều khiển: Màn hình điều khiển thông minh SOP 101 inch (G25)
Kích thước vật lý (Rộng x Sâu x Cao) - phần máy chính: 588 x 673 x 788 mm
Bảo hành: 12 tháng hoặc 40000 bản 
Tình trạng máy: 100% mới, nguyên tem, nguyên hộp, CO/CQ";110000000;405/2025/897;17/11/2025;…;Bùi Thị Trà Giang
128;;Bộ máy tính để bàn VP01;Cái;"Cấu hình: Bo mạch chủ Mainboard AMD A520 Socket
AM4/ Bộ vi xử lý CPU AMD Ryzen 3 3200G ( 36Ghz
turbo up to 40Ghz, 4 nhân 4 luồng, 4MB Cache,
Radeon Vega 8, 65W)/ Bộ nhớ trong Ddram 8GB/ Ô
cứng SSD 512GB + HDD1T/ Case + nguồn 500W/
Bàn phím chuột cổng USB, lắp đặt hoàn thiện Màn
hình Samsung 24 inch LED";10350000;405/2025/1100/HĐTĐG;17/11/2025;…;Phạm Thùy Linh
129;;Máy tính xách tay;Cái;"Nhà sản xuất: Dell Vosttro 3530
Bộ vi xử lý: Intel® CoreTM i5-1334 Processor (12 MB
Smart Cache, 13 GHz up to 46 GHz) Bộ nhớ RAM:
16GB DDR4
Ô cứng: 512GB SSD PCIe NVMe
Màn hình: 156"""" Full HD
VGA: Intel Iris Xe Graphics
Kết nối không dây: WiFi, Bluetooth
Cổng kết nối: HDMI, USB, LAN 
Hệ điều hành đi kèm: Windows 11 Home OfficeHS24 
Xuất xứ: Trung Quốc /Bảo hành: 12 tháng";14400000;405/2025/1100/HĐTĐG;17/11/2025;…;Phạm Thùy Linh
130;;Hạt giống ngô nếp F1 HN88;Kg;"Hạt giống ngô nếp F1 HN88 (QCVN 01-53:2011/BNNPTNT)
 - Đặc điểm giống: Thời gian sinh trưởng 75-85 ngày, tiềm năng năng suất 18-20 tấn/ha Chiều cao cây từ 180-205cm, lá xanh đậm, chiều cao đóng bắp từ 85-100cm, bắp dài 18-20cm, đường kính bắp 4,8-5,5cm, bắp đậu kín hạt, lá bi màu xanh và kín Hạt thẳng hàng, mịn, màu trắng đục, to và sâu cay Có từ 12-14 hàng/bắp, từ 35-45 hạt/ hàng Chống chịu trung bình với các loại sâu bệnh hại chính Chất lượng ăn tươi rất đậm vị, dẻo, ngọt
 - Sản xuất tại: Việt Nam";320000;405/2025/1116/HĐTĐG;28/11/2025;…;Bùi Thị Trà Giang
131;;Hạt giống ngô nếp F1 HN88 (QCVN 01-53:2011/BNNPTNT);Kg;"Hạt giống ngô nếp F1 HN88 (QCVN 01-53:2011/BNNPTNT)
 - Đặc điểm giống: Thời gian sinh trưởng 75-85 ngày, tiềm năng năng suất 18-20 tấn/ha Chiều cao cây từ 180-205cm, lá xanh đậm, chiều cao đóng bắp từ 85-100cm, bắp dài 18-20cm, đường kính bắp 4,8-5,5cm, bắp đậu kín hạt, lá bi màu xanh và kín Hạt thẳng hàng, mịn, màu trắng đục, to và sâu cay Có từ 12-14 hàng/bắp, từ 35-45 hạt/ hàng Chống chịu trung bình với các loại sâu bệnh hại chính Chất lượng ăn tươi rất đậm vị, dẻo, ngọt
 - Sản xuất tại: Việt Nam";320000;405/2025/1124/HĐTĐG;28/11/2025;…;Bùi Thị Trà Giang
132;;máy tính xách tay Dell 15 DC15250 71071928 Màu bạc;cái;"máy tính xách tay Dell 15 DC15250 71071928 Màu bạc
 Core i5-1334U, 16GB, 512GB S SD, Intel Graphics, 156"" 
 FHD, 3C 41Wh, ax+BT, OfficeHS24+ 365, McAfee LS, Win 11 Home, Bạc (Platinum Silver), 1Y WTY
 Xuất xứ : Trung quốc
 Bảo hành : 12 Tháng";19750000;405/2025/1135/HĐTĐG;28/11/2025;…;Bùi Thị Trà Giang
133;;Chuột không dây Logitech B175;cái;"Chuột không dây Logitech B175:
 Độ phân giải : 1000 DPI
 Kết nối : USB Receiver
 Khoảng cách kết nối (Độ dài dây) : 10 m
 Đèn LED : Không
 Xuất xứ : Trung quốc
 Bảo hành : 12 Tháng";250000;405/2025/1135/HĐTĐG;28/11/2025;…;Bùi Thị Trà Giang
134;;Thiết bị cụm thu truyền thanh ứng dụng công nghệ thông tin viễn thông;Cụm;"Thiết bị cụm thu truyền thanh ứng dụng công nghệ thông tin viễn thông (Bao gồm cả phần mềm quản lý và truy cập thiết bị thu truyền thanh): 
- Model: VDS21-ISRS; 
- Xuất xứ: Việt Nam; 
- Hãng sản xuất: VinaDigiSign 
- Kết nối mạng Internet 
- Nguồn điện cung cấp: 
+ Nguồn điện xoay chiều có hiệu điện thế: U = 90V - 240V/50H/z 
+ Có đầu chờ để lắp nguồn điện một chiều (khi mất điện) có hiệu điện thế: U = 12V - 24V 
- Rơle bảo vệ thiết bị điện khi hiệu điện thế U < 90V hoặc U > 240V; mất pha, đứt dây trung tính 
- Tổng công suất ra loa: Từ 50W - 120W 
- Thu được nội dung phát của đài phát thanh, truyền thanh 03 cấp (Trung ương, cấp tỉnh, cấp huyện) 
- Kết nối: 3G/4G/RJ45/Wifi 
+ Băng tần 3G: 850/1900/2100Mhz 
+ Băng tần 4G: 1800/ 1900/ 2100/ 2300/ 2600 Mhz (Thực hiện theo các quy định tại QCVN 117:2020/BTTTT)
* Bộ xử lý trung tâm 
- CPU: 14GHZ 64 -bit quad – core ARM Cortex-A53 CPU 
- RAM: 1GB LPDDR SDRAM 
- Cổng mạng: Gigabit Ethernet over USB 20 (Mã 300Mbps) 
- WIFI: Dual-band 80211ac wireless Lan (24GHz and 5GHZ) and Bluetooth 42) 
- Khe cắm thẻ Micro SD:1 thẻ công nghiệp 4Gb
- Cổng giao tiếp USB: 20 
* Thông số chung: 
- Nhiệt độ làm việc: 0÷650C; Chống nước chống bụi 
- Giao thức kết nối internet tương thích với giao thức liên mạng thế hệ 6 (IPv6)
- Vỏ họp chất liệu nhựa ABS chống nước, chống bụi, tiêu chuẩn IP65 
+ Khung vỏ tủ cụm thu sơn tĩnh điện 
- Hệ thống cấp nguồn của thiết bị tuân thủ Quy chuẩn Việt Nam QCVN 22:2010/BTTTT về an toàn điện cho các thiết bị đầu cuối viễn thông 
* Đảm bảo an toàn thông tin đối với phần mềm của hệ thống phục vụ hoạt động cụm thu phát thanh ứng dụng CNTT-VT (Theo Phụ lục 02 của Thông tư 39/2020/TT-BTTTT ngày 24/11/2020) 
* Phần mềm của hệ thống truyền thanh ứng dụng công nghệ thông tin – Viễn thông: 
- Quản lý tài khoản; 
- Phát thanh; - Quản lý cụm loa; 
- Quản lý chương trình phát thanh; 
- Báo cáo thống kê; (Phần mềm của hệ thống truyền thanh ứng dụng CNTT-VT tuân thủ theo PL 03 Thông tư số 39/TT+BTTTT ngày 24/11/2020)
Phần mềm: 
- Phần mềm hệ thống phục vụ hoạt động của cụm thu phát thanh ứng dụng CNTT-VT đáp ứng theo yêu cầu cơ bản của Thông tư số 39/2020/TT-BTTTT; Có các API đáp ứng kết nối đến hệ thống thông tin nguồn cấp tỉnh theo bộ tương thích 
- Phần mềm và bộ tương thích có chứng nhận kiểm tra an toàn thông tin theo phụ lục 02 và phụ lục 04 theo Thông tư số
39/2020/TT-BTTTT: 
+ Cho phép thiết lập thông tin xác thực trên thiết bị thông qua giao diện 
+ Thông tin xác thực phải được lưu trữ có mã hóa trên thiết bị 
+ Cho phép xác thực hệ thống quản lý tập trung, khi thiết bị được kết nối quản trị từ xa 
+ Cho phép hệ thống quản lý tập trung xác thực thiết bị khi được kết nối vào hệ thống quản lý tập trung 
+ Cho phép mã hóa thông tin xác thực trước khi gửi qua môi trường mạng 
+ Cho phép khóa truy cập trong một khoảng thời gian được thiết lập nếu thông tin xác thực từ hệ thống quản lý tập trung sai vượt quá số lần được thiết lập trước trên thiết bị 
+ Cho phép thiết lập cấu hình để chỉ cho phép địa chỉ mạng của hệ thống quản lý tập trung được kết nối, quản trị thiết bị 
+ Cho phép hệ thống quản lý tập trung quản lý thiết bị thông qua địa chỉ mạng và địa chỉ vật lý 
+ Cho phép ghi nhật ký hoạt động của thiết bị, tối thiểu bao gồm: trạng thái hoạt động, hiệu năng, thông tin thay đổi cấu hình thiết bị 
+ Cho phép lưu trữ nhật ký hệ thống trong khoảng thời gian tối thiểu là 01 tháng 
+ Cho phép thiết lập kênh truyền có mã hóa giữa thiết bị và hệ thống quản lý tập trung 
+ Cho phép mã hóa thông tin, dữ liệu trước khi truyền đưa, trao đổi qua kênh truyền 
+ Có chức năng quản lý (bật/tắt) các giao diện, giao thức mạng của thiết bị 
+ Thiết lập cấu hình mặc định để tắt tất cả các giao diện mạng và dịch vụ, giao diện vật lý và các giao diện khác không sử dụng thường xuyên 
+ Cho phép khôi phục cấu hình trong trường hợp gặp sự cố (ví dụ: mất điện, mất kết nối mạng) 
+ Có chức năng quản lý thông tin về phiên bản hệ điều hành/phần mềm trên thiết bị 
+ Có chức năng cho phép cập nhật các bản vá bảo mật 
+ Cho phép thiết lập cấu hình ứng dụng để xác thực người sử dụng khi truy cập, quản trị, cấu hình ứng dụng 
+ Cho phép lưu trữ có mã hóa thông tin xác thực hệ thống 
+ Cho phép thiết lập cấu hình ứng dụng để đảm bảo an toàn mật khẩu người sử dụng 
+ Cho phép mã hóa thông tin xác thực trước khi gửi qua môi trường mạng 
+ Cho phép thiết lập cấu hình ứng dụng để ngăn cản việc đăng nhập tự động 
+ Cho phép vô hiệu hóa tài khoản nếu đăng nhập sai vượt số lần quy định 
+ Cho phép thiết lập hệ thống chỉ được phép sử dụng các kết nối mạng an toàn khi truy cập, quản trị ứng dụng từ xa 
+ Cho phép thiết lập giới hạn thời gian chờ (timeout) để đóng phiên kết nối khi ứng dụng không nhận được yêu cầu từ người dùng 
+ Cho phép phân quyền truy cập, quản trị, sử dụng tài nguyên khác nhau của ứng dụng với người sử dụng/nhóm người sử dụng có chức năng, yêu cầu nghiệp vụ khác nhau 
+ Cho phép ghi nhật ký hệ thống 
+ Cho phép lưu trữ nhật ký hệ thống trong khoảng thời gian tối thiểu là 03 tháng 
+ Cho phép mã hóa thông tin, dữ liệu trước khi truyền đưa, trao đổi qua môi trường mạng 
+ Cho phép sử dụng chữ ký số khi trao đổi thông tin qua môi trường mạng 
+ Cho phép kiểm tra tính hợp lệ của thông tin, dữ liệu đầu vào trước khi xử lý 
+ Cho phép bảo vệ ứng dụng chống lại những dạng tấn công phổ biến: SQL Injection, OS command injection, RFI, LFI, Xpath injection, XSS, CSRF 
+ Cho phép kiểm soát lỗi, thông báo lỗi từ ứng dụng
+ Cho phép lưu trữ dữ liệu trên hệ thống cùng mã kiểm tra tính toàn vẹn 
+ Cho phép lưu trữ có mã hóa các thông tin, dữ liệu trên hệ thống lưu trữ/phương tiện lưu trữ 
+ Cho phép thiết lập chế độ tự động hoặc chế độ thủ công để sao lưu dữ liệu dự phòng trên hệ thống hoặc trên hệ thống lưu trữ tập trung 
+ Cho phép thực hiện tự động sao lưu dữ liệu dự phòng trên hệ thống hoặc trên hệ thống lưu trữ tập trung
+ Cho phép khôi phục dữ liệu hệ thống từ dữ liệu sao lưu dự phòng
";24750000;405/2025/1144/HĐTĐG;28/11/2025;…;Bùi Thị Trà Giang
135;;Bộ khung giá treo, phụ kiện lắp đặt thiết bị cụm thu và phụ kiện đồng bộ;Bộ;"Bộ khung giá treo, phụ kiện lắp đặt thiết bị cụm thu và phụ kiện đồng bộ
+ Đôi ốp có tai gắn cụm thu INOX 304 130x25 x 25 mm
Số lượng đôi ốp có tai: 02
+ Ốp cột dạng hộp thép sơn tĩnh điện:
130 mm x (25+25 mm) x2 x 1,5mm: Cái 2
+ Bu lông treo cụm thu mạ cầu vồng 180x10 mm
Chất liệu thép mạ cầu vồng
Số lượng: 2 Cái
+ Bu lông bắt ốp 15x6 mm
Chất liệu thép mạ kẽm nhúng nóng
Số lượng: 4 Cái
+ Khóa và dây đai INOX 201 bắt cột 950x20 m
Số lượng: 2 Bộ
Thời gian bảo hành: 12 tháng
";297000;405/2025/1144/HĐTĐG;28/11/2025;…;Bùi Thị Trà Giang
136;;Cột treo loa cao 3m và phụ kiện đồng bộ đi kèm;Bộ;"Cột treo loa cao 3m và phụ kiện đồng bộ đi kèm
+ Ống thép ngoài mạ kẽm D48x1,5x1500: 1 Cái
+ Ống thép trong mạ kẽm D42x1,5x1500: 1 Cái
+ Đai ốp cột tôn mạ kẽm 4x30x100 mm: 2 Cái
+ Gông ốp cột đai L40x3x290 mm: 2 Cái
Thời gian bảo hành: 12 tháng
";561600;405/2025/1144/HĐTĐG;28/11/2025;…;Bùi Thị Trà Giang
137;;Dây cáp điện;M;"Dây cáp điện: Dây điện tròn : 2x1mm²
Cu/PVC/PVC 2x1,0mm2/ Tân Phú/ Việt Nam";12000;405/2025/1144/HĐTĐG;28/11/2025;…;Bùi Thị Trà Giang
138;;Dây cáp điện;M;"Dây cáp điện: Cáp tín hiệu tròn cho loa 4 lõi: 4x075mm²
Cu/PVC/PVC 4x 0,75mm2/ Tân Phú/ Việt Nam";18580;405/2025/1144/HĐTĐG;28/11/2025;…;Bùi Thị Trà Giang
139;;Sim data 3G/4G;Cái;"Sim data 3G/4G 
Công nghệ mạng: 3G/4G
Nhà mạng: Vinaphone/Mobiphone/Viettel
Băng tần: 1800 MHz cho mạng 4G LTE
Lưu lượng data/1 tháng: Tối thiểu 4GB tốc độ cao
Thời gian sử dụng: 12 tháng
Phù hợp với thiết bị thu/phát sóng Internet Radio
Yêu cầu khác:
Sử dụng hết dung lượng tốc độ cao, vẫn duy trì truy cập mạng ở tốc độ thường
Không cần nạp tiền trong suốt thời gian sử dụng";890000;405/2025/1144/HĐTĐG;28/11/2025;…;Bùi Thị Trà Giang
140;;Nhân công triển khai lắp đặt 3 bộ truyền thanh mới;Bộ;Nhân công triển khai lắp đặt 3 bộ truyền thanh mới;1080000;405/2025/1144/HĐTĐG;28/11/2025;…;Bùi Thị Trà Giang
141;;Nhân công chuyển vị trí 2 bộ cũ;Bộ;Nhân công chuyển vị trí 2 bộ cũ;1500000;405/2025/1144/HĐTĐG;28/11/2025;…;Bùi Thị Trà Giang
142;;Hạt giống ngô nếp F1 HN88 (QCVN 01-53:2011/BNNPTNT);Kg;"Hạt giống ngô nếp F1 HN88 (QCVN 01-53:2011/BNNPTNT)
 - Đặc điểm giống: Thời gian sinh trưởng 75-85 ngày, tiềm năng năng suất 18-20 tấn/ha Chiều cao cây từ 180-205cm, lá xanh đậm, chiều cao đóng bắp từ 85-100cm, bắp dài 18-20cm, đường kính bắp 4,8-5,5cm, bắp đậu kín hạt, lá bi màu xanh và kín Hạt thẳng hàng, mịn, màu trắng đục, to và sâu cay Có từ 12-14 hàng/bắp, từ 35-45 hạt/ hàng Chống chịu trung bình với các loại sâu bệnh hại chính Chất lượng ăn tươi rất đậm vị, dẻo, ngọt
 - Sản xuất tại: Việt Nam";320000;405/2025/1147/HĐTĐG;28/11/2025;…;Bùi Thị Trà Giang
143;;HHĐ  90 năm ;Cái;"- Chất liệu để sản xuất Huy hiệu Đảng: 
Bằng đồng, mạ vàng 24K (Hàm lượng đồng trong lớp nền > 60% và thành phần lớp mạ Huy hiệu Đảng có vàng 24k; độ bền màu ánh sáng nhân tạo của Huy hiệu Đảng đạt tối thiểu cấp 5)
- Quy cách: đường kính 28mm, dày 2mm
- Hình thức: Theo mẫu tại Mục 1 phần VI Phụ lục 2 kèm theo Hướng dẫn số 38-HD/BTCTW, ngày 29/09/2025 của Ban Tổ chức Trung ương
+ Mặt trước: giữa là cờ Đảng nền đỏ, chung quanh kết vòng hoa chiến thắng và vinh dự, giữa hai cuống cành nguyệt quế có số 90 (hoặc 85, 80, 75, 70, 65, 60, 55, 50, 45, 40, 30) màu đỏ, biểu tượng của số năm tuổi đảng
+ Mặt sau: có đính ghim cài đảm bảo đúng quy cách, chất lượng, (chiều dài của ghim là 19mm), ghim cài phải đảm bảo độ cứng, không bị gãy, ít đường gấp khúc, gắn chặt vào Huy hiệu, sắc, không tù, để cài được vào vải dày
+ Cuống huy hiệu: hình chữ nhật, mặt trước nền đỏ bằng tơ, kích thước 25mm x 9mm, mặt sau bằng nhôm dưỡng hóa màu vàng kim loại kích thước 25mm x 12mm
- Số năm trên cuống và huy hiệu phải đồng nhất, (tránh tình trạng số năm của Cuống khác số năm của Huy hiệu)
- Bao gói sản phẩm đi kèm: Mỗi Huy hiệu Đảng được đựng riêng trong 01 hộp nhựa tổng hợp, màu trắng trong, bên trong lót vải nhung đỏ (có mẫu kèm theo)
- Màu sắc của Huy hiệu Đảng: 
Phải đảm bảo bền màu không bị bạc, biến đổi, phai màu trong quá trình sử dụng và cất giữ";46000;405/2025/1208/HĐTĐG;28/11/2025;…;Bùi Thị Trà Giang
144;;HHĐ  85 năm ;Cái;"- Chất liệu để sản xuất Huy hiệu Đảng: 
Bằng đồng, mạ vàng 24K (Hàm lượng đồng trong lớp nền > 60% và thành phần lớp mạ Huy hiệu Đảng có vàng 24k; độ bền màu ánh sáng nhân tạo của Huy hiệu Đảng đạt tối thiểu cấp 5)
- Quy cách: đường kính 28mm, dày 2mm
- Hình thức: Theo mẫu tại Mục 1 phần VI Phụ lục 2 kèm theo Hướng dẫn số 38-HD/BTCTW, ngày 29/09/2025 của Ban Tổ chức Trung ương
+ Mặt trước: giữa là cờ Đảng nền đỏ, chung quanh kết vòng hoa chiến thắng và vinh dự, giữa hai cuống cành nguyệt quế có số 90 (hoặc 85, 80, 75, 70, 65, 60, 55, 50, 45, 40, 30) màu đỏ, biểu tượng của số năm tuổi đảng
+ Mặt sau: có đính ghim cài đảm bảo đúng quy cách, chất lượng, (chiều dài của ghim là 19mm), ghim cài phải đảm bảo độ cứng, không bị gãy, ít đường gấp khúc, gắn chặt vào Huy hiệu, sắc, không tù, để cài được vào vải dày
+ Cuống huy hiệu: hình chữ nhật, mặt trước nền đỏ bằng tơ, kích thước 25mm x 9mm, mặt sau bằng nhôm dưỡng hóa màu vàng kim loại kích thước 25mm x 12mm
- Số năm trên cuống và huy hiệu phải đồng nhất, (tránh tình trạng số năm của Cuống khác số năm của Huy hiệu)
- Bao gói sản phẩm đi kèm: Mỗi Huy hiệu Đảng được đựng riêng trong 01 hộp nhựa tổng hợp, màu trắng trong, bên trong lót vải nhung đỏ (có mẫu kèm theo)
- Màu sắc của Huy hiệu Đảng: 
Phải đảm bảo bền màu không bị bạc, biến đổi, phai màu trong quá trình sử dụng và cất giữ";46000;405/2025/1208/HĐTĐG;28/11/2025;…;Bùi Thị Trà Giang
145;;HHĐ  80 năm ;Cái;"- Chất liệu để sản xuất Huy hiệu Đảng: 
Bằng đồng, mạ vàng 24K (Hàm lượng đồng trong lớp nền > 60% và thành phần lớp mạ Huy hiệu Đảng có vàng 24k; độ bền màu ánh sáng nhân tạo của Huy hiệu Đảng đạt tối thiểu cấp 5)
- Quy cách: đường kính 28mm, dày 2mm
- Hình thức: Theo mẫu tại Mục 1 phần VI Phụ lục 2 kèm theo Hướng dẫn số 38-HD/BTCTW, ngày 29/09/2025 của Ban Tổ chức Trung ương
+ Mặt trước: giữa là cờ Đảng nền đỏ, chung quanh kết vòng hoa chiến thắng và vinh dự, giữa hai cuống cành nguyệt quế có số 90 (hoặc 85, 80, 75, 70, 65, 60, 55, 50, 45, 40, 30) màu đỏ, biểu tượng của số năm tuổi đảng
+ Mặt sau: có đính ghim cài đảm bảo đúng quy cách, chất lượng, (chiều dài của ghim là 19mm), ghim cài phải đảm bảo độ cứng, không bị gãy, ít đường gấp khúc, gắn chặt vào Huy hiệu, sắc, không tù, để cài được vào vải dày
+ Cuống huy hiệu: hình chữ nhật, mặt trước nền đỏ bằng tơ, kích thước 25mm x 9mm, mặt sau bằng nhôm dưỡng hóa màu vàng kim loại kích thước 25mm x 12mm
- Số năm trên cuống và huy hiệu phải đồng nhất, (tránh tình trạng số năm của Cuống khác số năm của Huy hiệu)
- Bao gói sản phẩm đi kèm: Mỗi Huy hiệu Đảng được đựng riêng trong 01 hộp nhựa tổng hợp, màu trắng trong, bên trong lót vải nhung đỏ (có mẫu kèm theo)
- Màu sắc của Huy hiệu Đảng: 
Phải đảm bảo bền màu không bị bạc, biến đổi, phai màu trong quá trình sử dụng và cất giữ";46000;405/2025/1208/HĐTĐG;28/11/2025;…;Bùi Thị Trà Giang
146;;HHĐ  75 năm ;Cái;"- Chất liệu để sản xuất Huy hiệu Đảng: 
Bằng đồng, mạ vàng 24K (Hàm lượng đồng trong lớp nền > 60% và thành phần lớp mạ Huy hiệu Đảng có vàng 24k; độ bền màu ánh sáng nhân tạo của Huy hiệu Đảng đạt tối thiểu cấp 5)
- Quy cách: đường kính 28mm, dày 2mm
- Hình thức: Theo mẫu tại Mục 1 phần VI Phụ lục 2 kèm theo Hướng dẫn số 38-HD/BTCTW, ngày 29/09/2025 của Ban Tổ chức Trung ương
+ Mặt trước: giữa là cờ Đảng nền đỏ, chung quanh kết vòng hoa chiến thắng và vinh dự, giữa hai cuống cành nguyệt quế có số 90 (hoặc 85, 80, 75, 70, 65, 60, 55, 50, 45, 40, 30) màu đỏ, biểu tượng của số năm tuổi đảng
+ Mặt sau: có đính ghim cài đảm bảo đúng quy cách, chất lượng, (chiều dài của ghim là 19mm), ghim cài phải đảm bảo độ cứng, không bị gãy, ít đường gấp khúc, gắn chặt vào Huy hiệu, sắc, không tù, để cài được vào vải dày
+ Cuống huy hiệu: hình chữ nhật, mặt trước nền đỏ bằng tơ, kích thước 25mm x 9mm, mặt sau bằng nhôm dưỡng hóa màu vàng kim loại kích thước 25mm x 12mm
- Số năm trên cuống và huy hiệu phải đồng nhất, (tránh tình trạng số năm của Cuống khác số năm của Huy hiệu)
- Bao gói sản phẩm đi kèm: Mỗi Huy hiệu Đảng được đựng riêng trong 01 hộp nhựa tổng hợp, màu trắng trong, bên trong lót vải nhung đỏ (có mẫu kèm theo)
- Màu sắc của Huy hiệu Đảng: 
Phải đảm bảo bền màu không bị bạc, biến đổi, phai màu trong quá trình sử dụng và cất giữ";46000;405/2025/1208/HĐTĐG;28/11/2025;…;Bùi Thị Trà Giang
147;;HHĐ  70 năm ;Cái;"- Chất liệu để sản xuất Huy hiệu Đảng: 
Bằng đồng, mạ vàng 24K (Hàm lượng đồng trong lớp nền > 60% và thành phần lớp mạ Huy hiệu Đảng có vàng 24k; độ bền màu ánh sáng nhân tạo của Huy hiệu Đảng đạt tối thiểu cấp 5)
- Quy cách: đường kính 28mm, dày 2mm
- Hình thức: Theo mẫu tại Mục 1 phần VI Phụ lục 2 kèm theo Hướng dẫn số 38-HD/BTCTW, ngày 29/09/2025 của Ban Tổ chức Trung ương
+ Mặt trước: giữa là cờ Đảng nền đỏ, chung quanh kết vòng hoa chiến thắng và vinh dự, giữa hai cuống cành nguyệt quế có số 90 (hoặc 85, 80, 75, 70, 65, 60, 55, 50, 45, 40, 30) màu đỏ, biểu tượng của số năm tuổi đảng
+ Mặt sau: có đính ghim cài đảm bảo đúng quy cách, chất lượng, (chiều dài của ghim là 19mm), ghim cài phải đảm bảo độ cứng, không bị gãy, ít đường gấp khúc, gắn chặt vào Huy hiệu, sắc, không tù, để cài được vào vải dày
+ Cuống huy hiệu: hình chữ nhật, mặt trước nền đỏ bằng tơ, kích thước 25mm x 9mm, mặt sau bằng nhôm dưỡng hóa màu vàng kim loại kích thước 25mm x 12mm
- Số năm trên cuống và huy hiệu phải đồng nhất, (tránh tình trạng số năm của Cuống khác số năm của Huy hiệu)
- Bao gói sản phẩm đi kèm: Mỗi Huy hiệu Đảng được đựng riêng trong 01 hộp nhựa tổng hợp, màu trắng trong, bên trong lót vải nhung đỏ (có mẫu kèm theo)
- Màu sắc của Huy hiệu Đảng: 
Phải đảm bảo bền màu không bị bạc, biến đổi, phai màu trong quá trình sử dụng và cất giữ";46000;405/2025/1208/HĐTĐG;28/11/2025;…;Bùi Thị Trà Giang
148;;HHĐ  65 năm ;Cái;"- Chất liệu để sản xuất Huy hiệu Đảng: 
Bằng đồng, mạ vàng 24K (Hàm lượng đồng trong lớp nền > 60% và thành phần lớp mạ Huy hiệu Đảng có vàng 24k; độ bền màu ánh sáng nhân tạo của Huy hiệu Đảng đạt tối thiểu cấp 5)
- Quy cách: đường kính 28mm, dày 2mm
- Hình thức: Theo mẫu tại Mục 1 phần VI Phụ lục 2 kèm theo Hướng dẫn số 38-HD/BTCTW, ngày 29/09/2025 của Ban Tổ chức Trung ương
+ Mặt trước: giữa là cờ Đảng nền đỏ, chung quanh kết vòng hoa chiến thắng và vinh dự, giữa hai cuống cành nguyệt quế có số 90 (hoặc 85, 80, 75, 70, 65, 60, 55, 50, 45, 40, 30) màu đỏ, biểu tượng của số năm tuổi đảng
+ Mặt sau: có đính ghim cài đảm bảo đúng quy cách, chất lượng, (chiều dài của ghim là 19mm), ghim cài phải đảm bảo độ cứng, không bị gãy, ít đường gấp khúc, gắn chặt vào Huy hiệu, sắc, không tù, để cài được vào vải dày
+ Cuống huy hiệu: hình chữ nhật, mặt trước nền đỏ bằng tơ, kích thước 25mm x 9mm, mặt sau bằng nhôm dưỡng hóa màu vàng kim loại kích thước 25mm x 12mm
- Số năm trên cuống và huy hiệu phải đồng nhất, (tránh tình trạng số năm của Cuống khác số năm của Huy hiệu)
- Bao gói sản phẩm đi kèm: Mỗi Huy hiệu Đảng được đựng riêng trong 01 hộp nhựa tổng hợp, màu trắng trong, bên trong lót vải nhung đỏ (có mẫu kèm theo)
- Màu sắc của Huy hiệu Đảng: 
Phải đảm bảo bền màu không bị bạc, biến đổi, phai màu trong quá trình sử dụng và cất giữ";46000;405/2025/1208/HĐTĐG;28/11/2025;…;Bùi Thị Trà Giang
149;;HHĐ  60 năm ;Cái;"- Chất liệu để sản xuất Huy hiệu Đảng: 
Bằng đồng, mạ vàng 24K (Hàm lượng đồng trong lớp nền > 60% và thành phần lớp mạ Huy hiệu Đảng có vàng 24k; độ bền màu ánh sáng nhân tạo của Huy hiệu Đảng đạt tối thiểu cấp 5)
- Quy cách: đường kính 28mm, dày 2mm
- Hình thức: Theo mẫu tại Mục 1 phần VI Phụ lục 2 kèm theo Hướng dẫn số 38-HD/BTCTW, ngày 29/09/2025 của Ban Tổ chức Trung ương
+ Mặt trước: giữa là cờ Đảng nền đỏ, chung quanh kết vòng hoa chiến thắng và vinh dự, giữa hai cuống cành nguyệt quế có số 90 (hoặc 85, 80, 75, 70, 65, 60, 55, 50, 45, 40, 30) màu đỏ, biểu tượng của số năm tuổi đảng
+ Mặt sau: có đính ghim cài đảm bảo đúng quy cách, chất lượng, (chiều dài của ghim là 19mm), ghim cài phải đảm bảo độ cứng, không bị gãy, ít đường gấp khúc, gắn chặt vào Huy hiệu, sắc, không tù, để cài được vào vải dày
+ Cuống huy hiệu: hình chữ nhật, mặt trước nền đỏ bằng tơ, kích thước 25mm x 9mm, mặt sau bằng nhôm dưỡng hóa màu vàng kim loại kích thước 25mm x 12mm
- Số năm trên cuống và huy hiệu phải đồng nhất, (tránh tình trạng số năm của Cuống khác số năm của Huy hiệu)
- Bao gói sản phẩm đi kèm: Mỗi Huy hiệu Đảng được đựng riêng trong 01 hộp nhựa tổng hợp, màu trắng trong, bên trong lót vải nhung đỏ (có mẫu kèm theo)
- Màu sắc của Huy hiệu Đảng: 
Phải đảm bảo bền màu không bị bạc, biến đổi, phai màu trong quá trình sử dụng và cất giữ";46000;405/2025/1208/HĐTĐG;28/11/2025;…;Bùi Thị Trà Giang
150;;HHĐ  55 năm ;Cái;"- Chất liệu để sản xuất Huy hiệu Đảng: 
Bằng đồng, mạ vàng 24K (Hàm lượng đồng trong lớp nền > 60% và thành phần lớp mạ Huy hiệu Đảng có vàng 24k; độ bền màu ánh sáng nhân tạo của Huy hiệu Đảng đạt tối thiểu cấp 5)
- Quy cách: đường kính 28mm, dày 2mm
- Hình thức: Theo mẫu tại Mục 1 phần VI Phụ lục 2 kèm theo Hướng dẫn số 38-HD/BTCTW, ngày 29/09/2025 của Ban Tổ chức Trung ương
+ Mặt trước: giữa là cờ Đảng nền đỏ, chung quanh kết vòng hoa chiến thắng và vinh dự, giữa hai cuống cành nguyệt quế có số 90 (hoặc 85, 80, 75, 70, 65, 60, 55, 50, 45, 40, 30) màu đỏ, biểu tượng của số năm tuổi đảng
+ Mặt sau: có đính ghim cài đảm bảo đúng quy cách, chất lượng, (chiều dài của ghim là 19mm), ghim cài phải đảm bảo độ cứng, không bị gãy, ít đường gấp khúc, gắn chặt vào Huy hiệu, sắc, không tù, để cài được vào vải dày
+ Cuống huy hiệu: hình chữ nhật, mặt trước nền đỏ bằng tơ, kích thước 25mm x 9mm, mặt sau bằng nhôm dưỡng hóa màu vàng kim loại kích thước 25mm x 12mm
- Số năm trên cuống và huy hiệu phải đồng nhất, (tránh tình trạng số năm của Cuống khác số năm của Huy hiệu)
- Bao gói sản phẩm đi kèm: Mỗi Huy hiệu Đảng được đựng riêng trong 01 hộp nhựa tổng hợp, màu trắng trong, bên trong lót vải nhung đỏ (có mẫu kèm theo)
- Màu sắc của Huy hiệu Đảng: 
Phải đảm bảo bền màu không bị bạc, biến đổi, phai màu trong quá trình sử dụng và cất giữ";46000;405/2025/1208/HĐTĐG;28/11/2025;…;Bùi Thị Trà Giang
151;;HHĐ  50 năm ;Cái;"- Chất liệu để sản xuất Huy hiệu Đảng: 
Bằng đồng, mạ vàng 24K (Hàm lượng đồng trong lớp nền > 60% và thành phần lớp mạ Huy hiệu Đảng có vàng 24k; độ bền màu ánh sáng nhân tạo của Huy hiệu Đảng đạt tối thiểu cấp 5)
- Quy cách: đường kính 28mm, dày 2mm
- Hình thức: Theo mẫu tại Mục 1 phần VI Phụ lục 2 kèm theo Hướng dẫn số 38-HD/BTCTW, ngày 29/09/2025 của Ban Tổ chức Trung ương
+ Mặt trước: giữa là cờ Đảng nền đỏ, chung quanh kết vòng hoa chiến thắng và vinh dự, giữa hai cuống cành nguyệt quế có số 90 (hoặc 85, 80, 75, 70, 65, 60, 55, 50, 45, 40, 30) màu đỏ, biểu tượng của số năm tuổi đảng
+ Mặt sau: có đính ghim cài đảm bảo đúng quy cách, chất lượng, (chiều dài của ghim là 19mm), ghim cài phải đảm bảo độ cứng, không bị gãy, ít đường gấp khúc, gắn chặt vào Huy hiệu, sắc, không tù, để cài được vào vải dày
+ Cuống huy hiệu: hình chữ nhật, mặt trước nền đỏ bằng tơ, kích thước 25mm x 9mm, mặt sau bằng nhôm dưỡng hóa màu vàng kim loại kích thước 25mm x 12mm
- Số năm trên cuống và huy hiệu phải đồng nhất, (tránh tình trạng số năm của Cuống khác số năm của Huy hiệu)
- Bao gói sản phẩm đi kèm: Mỗi Huy hiệu Đảng được đựng riêng trong 01 hộp nhựa tổng hợp, màu trắng trong, bên trong lót vải nhung đỏ (có mẫu kèm theo)
- Màu sắc của Huy hiệu Đảng: 
Phải đảm bảo bền màu không bị bạc, biến đổi, phai màu trong quá trình sử dụng và cất giữ";46000;405/2025/1208/HĐTĐG;28/11/2025;…;Bùi Thị Trà Giang
152;;HHĐ  45 năm ;Cái;"- Chất liệu để sản xuất Huy hiệu Đảng: 
Bằng đồng, mạ vàng 24K (Hàm lượng đồng trong lớp nền > 60% và thành phần lớp mạ Huy hiệu Đảng có vàng 24k; độ bền màu ánh sáng nhân tạo của Huy hiệu Đảng đạt tối thiểu cấp 5)
- Quy cách: đường kính 28mm, dày 2mm
- Hình thức: Theo mẫu tại Mục 1 phần VI Phụ lục 2 kèm theo Hướng dẫn số 38-HD/BTCTW, ngày 29/09/2025 của Ban Tổ chức Trung ương
+ Mặt trước: giữa là cờ Đảng nền đỏ, chung quanh kết vòng hoa chiến thắng và vinh dự, giữa hai cuống cành nguyệt quế có số 90 (hoặc 85, 80, 75, 70, 65, 60, 55, 50, 45, 40, 30) màu đỏ, biểu tượng của số năm tuổi đảng
+ Mặt sau: có đính ghim cài đảm bảo đúng quy cách, chất lượng, (chiều dài của ghim là 19mm), ghim cài phải đảm bảo độ cứng, không bị gãy, ít đường gấp khúc, gắn chặt vào Huy hiệu, sắc, không tù, để cài được vào vải dày
+ Cuống huy hiệu: hình chữ nhật, mặt trước nền đỏ bằng tơ, kích thước 25mm x 9mm, mặt sau bằng nhôm dưỡng hóa màu vàng kim loại kích thước 25mm x 12mm
- Số năm trên cuống và huy hiệu phải đồng nhất, (tránh tình trạng số năm của Cuống khác số năm của Huy hiệu)
- Bao gói sản phẩm đi kèm: Mỗi Huy hiệu Đảng được đựng riêng trong 01 hộp nhựa tổng hợp, màu trắng trong, bên trong lót vải nhung đỏ (có mẫu kèm theo)
- Màu sắc của Huy hiệu Đảng: 
Phải đảm bảo bền màu không bị bạc, biến đổi, phai màu trong quá trình sử dụng và cất giữ";46000;405/2025/1208/HĐTĐG;28/11/2025;…;Bùi Thị Trà Giang
153;;HHĐ  40 năm ;Cái;"- Chất liệu để sản xuất Huy hiệu Đảng: 
Bằng đồng, mạ vàng 24K (Hàm lượng đồng trong lớp nền > 60% và thành phần lớp mạ Huy hiệu Đảng có vàng 24k; độ bền màu ánh sáng nhân tạo của Huy hiệu Đảng đạt tối thiểu cấp 5)
- Quy cách: đường kính 28mm, dày 2mm
- Hình thức: Theo mẫu tại Mục 1 phần VI Phụ lục 2 kèm theo Hướng dẫn số 38-HD/BTCTW, ngày 29/09/2025 của Ban Tổ chức Trung ương
+ Mặt trước: giữa là cờ Đảng nền đỏ, chung quanh kết vòng hoa chiến thắng và vinh dự, giữa hai cuống cành nguyệt quế có số 90 (hoặc 85, 80, 75, 70, 65, 60, 55, 50, 45, 40, 30) màu đỏ, biểu tượng của số năm tuổi đảng
+ Mặt sau: có đính ghim cài đảm bảo đúng quy cách, chất lượng, (chiều dài của ghim là 19mm), ghim cài phải đảm bảo độ cứng, không bị gãy, ít đường gấp khúc, gắn chặt vào Huy hiệu, sắc, không tù, để cài được vào vải dày
+ Cuống huy hiệu: hình chữ nhật, mặt trước nền đỏ bằng tơ, kích thước 25mm x 9mm, mặt sau bằng nhôm dưỡng hóa màu vàng kim loại kích thước 25mm x 12mm
- Số năm trên cuống và huy hiệu phải đồng nhất, (tránh tình trạng số năm của Cuống khác số năm của Huy hiệu)
- Bao gói sản phẩm đi kèm: Mỗi Huy hiệu Đảng được đựng riêng trong 01 hộp nhựa tổng hợp, màu trắng trong, bên trong lót vải nhung đỏ (có mẫu kèm theo)
- Màu sắc của Huy hiệu Đảng: 
Phải đảm bảo bền màu không bị bạc, biến đổi, phai màu trong quá trình sử dụng và cất giữ";46000;405/2025/1208/HĐTĐG;28/11/2025;…;Bùi Thị Trà Giang
154;;HHĐ  30 năm ;Cái;"- Chất liệu để sản xuất Huy hiệu Đảng: 
Bằng đồng, mạ vàng 24K (Hàm lượng đồng trong lớp nền > 60% và thành phần lớp mạ Huy hiệu Đảng có vàng 24k; độ bền màu ánh sáng nhân tạo của Huy hiệu Đảng đạt tối thiểu cấp 5)
- Quy cách: đường kính 28mm, dày 2mm
- Hình thức: Theo mẫu tại Mục 1 phần VI Phụ lục 2 kèm theo Hướng dẫn số 38-HD/BTCTW, ngày 29/09/2025 của Ban Tổ chức Trung ương
+ Mặt trước: giữa là cờ Đảng nền đỏ, chung quanh kết vòng hoa chiến thắng và vinh dự, giữa hai cuống cành nguyệt quế có số 90 (hoặc 85, 80, 75, 70, 65, 60, 55, 50, 45, 40, 30) màu đỏ, biểu tượng của số năm tuổi đảng
+ Mặt sau: có đính ghim cài đảm bảo đúng quy cách, chất lượng, (chiều dài của ghim là 19mm), ghim cài phải đảm bảo độ cứng, không bị gãy, ít đường gấp khúc, gắn chặt vào Huy hiệu, sắc, không tù, để cài được vào vải dày
+ Cuống huy hiệu: hình chữ nhật, mặt trước nền đỏ bằng tơ, kích thước 25mm x 9mm, mặt sau bằng nhôm dưỡng hóa màu vàng kim loại kích thước 25mm x 12mm
- Số năm trên cuống và huy hiệu phải đồng nhất, (tránh tình trạng số năm của Cuống khác số năm của Huy hiệu)
- Bao gói sản phẩm đi kèm: Mỗi Huy hiệu Đảng được đựng riêng trong 01 hộp nhựa tổng hợp, màu trắng trong, bên trong lót vải nhung đỏ (có mẫu kèm theo)
- Màu sắc của Huy hiệu Đảng: 
Phải đảm bảo bền màu không bị bạc, biến đổi, phai màu trong quá trình sử dụng và cất giữ";46000;405/2025/1208/HĐTĐG;28/11/2025;…;Bùi Thị Trà Giang
155;;GCNHHĐ  90 năm ;Cái;"- Chất liệu để sản xuất Huy hiệu Đảng: 
Bằng đồng, mạ vàng 24K (Hàm lượng đồng trong lớp nền > 60% và thành phần lớp mạ Huy hiệu Đảng có vàng 24k; độ bền màu ánh sáng nhân tạo của Huy hiệu Đảng đạt tối thiểu cấp 5)
- Quy cách: đường kính 28mm, dày 2mm
- Hình thức: Theo mẫu tại Mục 1 phần VI Phụ lục 2 kèm theo Hướng dẫn số 38-HD/BTCTW, ngày 29/09/2025 của Ban Tổ chức Trung ương
+ Mặt trước: giữa là cờ Đảng nền đỏ, chung quanh kết vòng hoa chiến thắng và vinh dự, giữa hai cuống cành nguyệt quế có số 90 (hoặc 85, 80, 75, 70, 65, 60, 55, 50, 45, 40, 30) màu đỏ, biểu tượng của số năm tuổi đảng
+ Mặt sau: có đính ghim cài đảm bảo đúng quy cách, chất lượng, (chiều dài của ghim là 19mm), ghim cài phải đảm bảo độ cứng, không bị gãy, ít đường gấp khúc, gắn chặt vào Huy hiệu, sắc, không tù, để cài được vào vải dày
+ Cuống huy hiệu: hình chữ nhật, mặt trước nền đỏ bằng tơ, kích thước 25mm x 9mm, mặt sau bằng nhôm dưỡng hóa màu vàng kim loại kích thước 25mm x 12mm
- Số năm trên cuống và huy hiệu phải đồng nhất, (tránh tình trạng số năm của Cuống khác số năm của Huy hiệu)
- Bao gói sản phẩm đi kèm: Mỗi Huy hiệu Đảng được đựng riêng trong 01 hộp nhựa tổng hợp, màu trắng trong, bên trong lót vải nhung đỏ (có mẫu kèm theo)
- Màu sắc của Huy hiệu Đảng: 
Phải đảm bảo bền màu không bị bạc, biến đổi, phai màu trong quá trình sử dụng và cất giữ";5200;405/2025/1208/HĐTĐG;28/11/2025;…;Bùi Thị Trà Giang
156;;GCNHHĐ  85 năm ;Cái;"- Chất liệu để sản xuất Huy hiệu Đảng: 
Bằng đồng, mạ vàng 24K (Hàm lượng đồng trong lớp nền > 60% và thành phần lớp mạ Huy hiệu Đảng có vàng 24k; độ bền màu ánh sáng nhân tạo của Huy hiệu Đảng đạt tối thiểu cấp 5)
- Quy cách: đường kính 28mm, dày 2mm
- Hình thức: Theo mẫu tại Mục 1 phần VI Phụ lục 2 kèm theo Hướng dẫn số 38-HD/BTCTW, ngày 29/09/2025 của Ban Tổ chức Trung ương
+ Mặt trước: giữa là cờ Đảng nền đỏ, chung quanh kết vòng hoa chiến thắng và vinh dự, giữa hai cuống cành nguyệt quế có số 90 (hoặc 85, 80, 75, 70, 65, 60, 55, 50, 45, 40, 30) màu đỏ, biểu tượng của số năm tuổi đảng
+ Mặt sau: có đính ghim cài đảm bảo đúng quy cách, chất lượng, (chiều dài của ghim là 19mm), ghim cài phải đảm bảo độ cứng, không bị gãy, ít đường gấp khúc, gắn chặt vào Huy hiệu, sắc, không tù, để cài được vào vải dày
+ Cuống huy hiệu: hình chữ nhật, mặt trước nền đỏ bằng tơ, kích thước 25mm x 9mm, mặt sau bằng nhôm dưỡng hóa màu vàng kim loại kích thước 25mm x 12mm
- Số năm trên cuống và huy hiệu phải đồng nhất, (tránh tình trạng số năm của Cuống khác số năm của Huy hiệu)
- Bao gói sản phẩm đi kèm: Mỗi Huy hiệu Đảng được đựng riêng trong 01 hộp nhựa tổng hợp, màu trắng trong, bên trong lót vải nhung đỏ (có mẫu kèm theo)
- Màu sắc của Huy hiệu Đảng: 
Phải đảm bảo bền màu không bị bạc, biến đổi, phai màu trong quá trình sử dụng và cất giữ";5200;405/2025/1208/HĐTĐG;28/11/2025;…;Bùi Thị Trà Giang
157;;GCNHHĐ  80 năm ;Cái;"- Chất liệu để sản xuất Huy hiệu Đảng: 
Bằng đồng, mạ vàng 24K (Hàm lượng đồng trong lớp nền > 60% và thành phần lớp mạ Huy hiệu Đảng có vàng 24k; độ bền màu ánh sáng nhân tạo của Huy hiệu Đảng đạt tối thiểu cấp 5)
- Quy cách: đường kính 28mm, dày 2mm
- Hình thức: Theo mẫu tại Mục 1 phần VI Phụ lục 2 kèm theo Hướng dẫn số 38-HD/BTCTW, ngày 29/09/2025 của Ban Tổ chức Trung ương
+ Mặt trước: giữa là cờ Đảng nền đỏ, chung quanh kết vòng hoa chiến thắng và vinh dự, giữa hai cuống cành nguyệt quế có số 90 (hoặc 85, 80, 75, 70, 65, 60, 55, 50, 45, 40, 30) màu đỏ, biểu tượng của số năm tuổi đảng
+ Mặt sau: có đính ghim cài đảm bảo đúng quy cách, chất lượng, (chiều dài của ghim là 19mm), ghim cài phải đảm bảo độ cứng, không bị gãy, ít đường gấp khúc, gắn chặt vào Huy hiệu, sắc, không tù, để cài được vào vải dày
+ Cuống huy hiệu: hình chữ nhật, mặt trước nền đỏ bằng tơ, kích thước 25mm x 9mm, mặt sau bằng nhôm dưỡng hóa màu vàng kim loại kích thước 25mm x 12mm
- Số năm trên cuống và huy hiệu phải đồng nhất, (tránh tình trạng số năm của Cuống khác số năm của Huy hiệu)
- Bao gói sản phẩm đi kèm: Mỗi Huy hiệu Đảng được đựng riêng trong 01 hộp nhựa tổng hợp, màu trắng trong, bên trong lót vải nhung đỏ (có mẫu kèm theo)
- Màu sắc của Huy hiệu Đảng: 
Phải đảm bảo bền màu không bị bạc, biến đổi, phai màu trong quá trình sử dụng và cất giữ";5200;405/2025/1208/HĐTĐG;28/11/2025;…;Bùi Thị Trà Giang
158;;GCNHHĐ  75 năm ;Cái;"- Chất liệu để sản xuất Huy hiệu Đảng: 
Bằng đồng, mạ vàng 24K (Hàm lượng đồng trong lớp nền > 60% và thành phần lớp mạ Huy hiệu Đảng có vàng 24k; độ bền màu ánh sáng nhân tạo của Huy hiệu Đảng đạt tối thiểu cấp 5)
- Quy cách: đường kính 28mm, dày 2mm
- Hình thức: Theo mẫu tại Mục 1 phần VI Phụ lục 2 kèm theo Hướng dẫn số 38-HD/BTCTW, ngày 29/09/2025 của Ban Tổ chức Trung ương
+ Mặt trước: giữa là cờ Đảng nền đỏ, chung quanh kết vòng hoa chiến thắng và vinh dự, giữa hai cuống cành nguyệt quế có số 90 (hoặc 85, 80, 75, 70, 65, 60, 55, 50, 45, 40, 30) màu đỏ, biểu tượng của số năm tuổi đảng
+ Mặt sau: có đính ghim cài đảm bảo đúng quy cách, chất lượng, (chiều dài của ghim là 19mm), ghim cài phải đảm bảo độ cứng, không bị gãy, ít đường gấp khúc, gắn chặt vào Huy hiệu, sắc, không tù, để cài được vào vải dày
+ Cuống huy hiệu: hình chữ nhật, mặt trước nền đỏ bằng tơ, kích thước 25mm x 9mm, mặt sau bằng nhôm dưỡng hóa màu vàng kim loại kích thước 25mm x 12mm
- Số năm trên cuống và huy hiệu phải đồng nhất, (tránh tình trạng số năm của Cuống khác số năm của Huy hiệu)
- Bao gói sản phẩm đi kèm: Mỗi Huy hiệu Đảng được đựng riêng trong 01 hộp nhựa tổng hợp, màu trắng trong, bên trong lót vải nhung đỏ (có mẫu kèm theo)
- Màu sắc của Huy hiệu Đảng: 
Phải đảm bảo bền màu không bị bạc, biến đổi, phai màu trong quá trình sử dụng và cất giữ";5200;405/2025/1208/HĐTĐG;28/11/2025;…;Bùi Thị Trà Giang
159;;GCNHHĐ  70 năm ;Cái;"- Chất liệu để sản xuất Huy hiệu Đảng: 
Bằng đồng, mạ vàng 24K (Hàm lượng đồng trong lớp nền > 60% và thành phần lớp mạ Huy hiệu Đảng có vàng 24k; độ bền màu ánh sáng nhân tạo của Huy hiệu Đảng đạt tối thiểu cấp 5)
- Quy cách: đường kính 28mm, dày 2mm
- Hình thức: Theo mẫu tại Mục 1 phần VI Phụ lục 2 kèm theo Hướng dẫn số 38-HD/BTCTW, ngày 29/09/2025 của Ban Tổ chức Trung ương
+ Mặt trước: giữa là cờ Đảng nền đỏ, chung quanh kết vòng hoa chiến thắng và vinh dự, giữa hai cuống cành nguyệt quế có số 90 (hoặc 85, 80, 75, 70, 65, 60, 55, 50, 45, 40, 30) màu đỏ, biểu tượng của số năm tuổi đảng
+ Mặt sau: có đính ghim cài đảm bảo đúng quy cách, chất lượng, (chiều dài của ghim là 19mm), ghim cài phải đảm bảo độ cứng, không bị gãy, ít đường gấp khúc, gắn chặt vào Huy hiệu, sắc, không tù, để cài được vào vải dày
+ Cuống huy hiệu: hình chữ nhật, mặt trước nền đỏ bằng tơ, kích thước 25mm x 9mm, mặt sau bằng nhôm dưỡng hóa màu vàng kim loại kích thước 25mm x 12mm
- Số năm trên cuống và huy hiệu phải đồng nhất, (tránh tình trạng số năm của Cuống khác số năm của Huy hiệu)
- Bao gói sản phẩm đi kèm: Mỗi Huy hiệu Đảng được đựng riêng trong 01 hộp nhựa tổng hợp, màu trắng trong, bên trong lót vải nhung đỏ (có mẫu kèm theo)
- Màu sắc của Huy hiệu Đảng: 
Phải đảm bảo bền màu không bị bạc, biến đổi, phai màu trong quá trình sử dụng và cất giữ";5200;405/2025/1208/HĐTĐG;28/11/2025;…;Bùi Thị Trà Giang
160;;GCNHHĐ  65 năm ;Cái;"- Chất liệu để sản xuất Huy hiệu Đảng: 
Bằng đồng, mạ vàng 24K (Hàm lượng đồng trong lớp nền > 60% và thành phần lớp mạ Huy hiệu Đảng có vàng 24k; độ bền màu ánh sáng nhân tạo của Huy hiệu Đảng đạt tối thiểu cấp 5)
- Quy cách: đường kính 28mm, dày 2mm
- Hình thức: Theo mẫu tại Mục 1 phần VI Phụ lục 2 kèm theo Hướng dẫn số 38-HD/BTCTW, ngày 29/09/2025 của Ban Tổ chức Trung ương
+ Mặt trước: giữa là cờ Đảng nền đỏ, chung quanh kết vòng hoa chiến thắng và vinh dự, giữa hai cuống cành nguyệt quế có số 90 (hoặc 85, 80, 75, 70, 65, 60, 55, 50, 45, 40, 30) màu đỏ, biểu tượng của số năm tuổi đảng
+ Mặt sau: có đính ghim cài đảm bảo đúng quy cách, chất lượng, (chiều dài của ghim là 19mm), ghim cài phải đảm bảo độ cứng, không bị gãy, ít đường gấp khúc, gắn chặt vào Huy hiệu, sắc, không tù, để cài được vào vải dày
+ Cuống huy hiệu: hình chữ nhật, mặt trước nền đỏ bằng tơ, kích thước 25mm x 9mm, mặt sau bằng nhôm dưỡng hóa màu vàng kim loại kích thước 25mm x 12mm
- Số năm trên cuống và huy hiệu phải đồng nhất, (tránh tình trạng số năm của Cuống khác số năm của Huy hiệu)
- Bao gói sản phẩm đi kèm: Mỗi Huy hiệu Đảng được đựng riêng trong 01 hộp nhựa tổng hợp, màu trắng trong, bên trong lót vải nhung đỏ (có mẫu kèm theo)
- Màu sắc của Huy hiệu Đảng: 
Phải đảm bảo bền màu không bị bạc, biến đổi, phai màu trong quá trình sử dụng và cất giữ";5200;405/2025/1208/HĐTĐG;28/11/2025;…;Bùi Thị Trà Giang
161;;GCNHHĐ  60 năm ;Cái;"- Chất liệu để sản xuất Huy hiệu Đảng: 
Bằng đồng, mạ vàng 24K (Hàm lượng đồng trong lớp nền > 60% và thành phần lớp mạ Huy hiệu Đảng có vàng 24k; độ bền màu ánh sáng nhân tạo của Huy hiệu Đảng đạt tối thiểu cấp 5)
- Quy cách: đường kính 28mm, dày 2mm
- Hình thức: Theo mẫu tại Mục 1 phần VI Phụ lục 2 kèm theo Hướng dẫn số 38-HD/BTCTW, ngày 29/09/2025 của Ban Tổ chức Trung ương
+ Mặt trước: giữa là cờ Đảng nền đỏ, chung quanh kết vòng hoa chiến thắng và vinh dự, giữa hai cuống cành nguyệt quế có số 90 (hoặc 85, 80, 75, 70, 65, 60, 55, 50, 45, 40, 30) màu đỏ, biểu tượng của số năm tuổi đảng
+ Mặt sau: có đính ghim cài đảm bảo đúng quy cách, chất lượng, (chiều dài của ghim là 19mm), ghim cài phải đảm bảo độ cứng, không bị gãy, ít đường gấp khúc, gắn chặt vào Huy hiệu, sắc, không tù, để cài được vào vải dày
+ Cuống huy hiệu: hình chữ nhật, mặt trước nền đỏ bằng tơ, kích thước 25mm x 9mm, mặt sau bằng nhôm dưỡng hóa màu vàng kim loại kích thước 25mm x 12mm
- Số năm trên cuống và huy hiệu phải đồng nhất, (tránh tình trạng số năm của Cuống khác số năm của Huy hiệu)
- Bao gói sản phẩm đi kèm: Mỗi Huy hiệu Đảng được đựng riêng trong 01 hộp nhựa tổng hợp, màu trắng trong, bên trong lót vải nhung đỏ (có mẫu kèm theo)
- Màu sắc của Huy hiệu Đảng: 
Phải đảm bảo bền màu không bị bạc, biến đổi, phai màu trong quá trình sử dụng và cất giữ";5200;405/2025/1208/HĐTĐG;28/11/2025;…;Bùi Thị Trà Giang
162;;GCNHHĐ  55 năm ;Cái;"- Chất liệu để sản xuất Huy hiệu Đảng: 
Bằng đồng, mạ vàng 24K (Hàm lượng đồng trong lớp nền > 60% và thành phần lớp mạ Huy hiệu Đảng có vàng 24k; độ bền màu ánh sáng nhân tạo của Huy hiệu Đảng đạt tối thiểu cấp 5)
- Quy cách: đường kính 28mm, dày 2mm
- Hình thức: Theo mẫu tại Mục 1 phần VI Phụ lục 2 kèm theo Hướng dẫn số 38-HD/BTCTW, ngày 29/09/2025 của Ban Tổ chức Trung ương
+ Mặt trước: giữa là cờ Đảng nền đỏ, chung quanh kết vòng hoa chiến thắng và vinh dự, giữa hai cuống cành nguyệt quế có số 90 (hoặc 85, 80, 75, 70, 65, 60, 55, 50, 45, 40, 30) màu đỏ, biểu tượng của số năm tuổi đảng
+ Mặt sau: có đính ghim cài đảm bảo đúng quy cách, chất lượng, (chiều dài của ghim là 19mm), ghim cài phải đảm bảo độ cứng, không bị gãy, ít đường gấp khúc, gắn chặt vào Huy hiệu, sắc, không tù, để cài được vào vải dày
+ Cuống huy hiệu: hình chữ nhật, mặt trước nền đỏ bằng tơ, kích thước 25mm x 9mm, mặt sau bằng nhôm dưỡng hóa màu vàng kim loại kích thước 25mm x 12mm
- Số năm trên cuống và huy hiệu phải đồng nhất, (tránh tình trạng số năm của Cuống khác số năm của Huy hiệu)
- Bao gói sản phẩm đi kèm: Mỗi Huy hiệu Đảng được đựng riêng trong 01 hộp nhựa tổng hợp, màu trắng trong, bên trong lót vải nhung đỏ (có mẫu kèm theo)
- Màu sắc của Huy hiệu Đảng: 
Phải đảm bảo bền màu không bị bạc, biến đổi, phai màu trong quá trình sử dụng và cất giữ";5200;405/2025/1208/HĐTĐG;28/11/2025;…;Bùi Thị Trà Giang
163;;GCNHHĐ  50 năm ;Cái;"- Chất liệu để sản xuất Huy hiệu Đảng: 
Bằng đồng, mạ vàng 24K (Hàm lượng đồng trong lớp nền > 60% và thành phần lớp mạ Huy hiệu Đảng có vàng 24k; độ bền màu ánh sáng nhân tạo của Huy hiệu Đảng đạt tối thiểu cấp 5)
- Quy cách: đường kính 28mm, dày 2mm
- Hình thức: Theo mẫu tại Mục 1 phần VI Phụ lục 2 kèm theo Hướng dẫn số 38-HD/BTCTW, ngày 29/09/2025 của Ban Tổ chức Trung ương
+ Mặt trước: giữa là cờ Đảng nền đỏ, chung quanh kết vòng hoa chiến thắng và vinh dự, giữa hai cuống cành nguyệt quế có số 90 (hoặc 85, 80, 75, 70, 65, 60, 55, 50, 45, 40, 30) màu đỏ, biểu tượng của số năm tuổi đảng
+ Mặt sau: có đính ghim cài đảm bảo đúng quy cách, chất lượng, (chiều dài của ghim là 19mm), ghim cài phải đảm bảo độ cứng, không bị gãy, ít đường gấp khúc, gắn chặt vào Huy hiệu, sắc, không tù, để cài được vào vải dày
+ Cuống huy hiệu: hình chữ nhật, mặt trước nền đỏ bằng tơ, kích thước 25mm x 9mm, mặt sau bằng nhôm dưỡng hóa màu vàng kim loại kích thước 25mm x 12mm
- Số năm trên cuống và huy hiệu phải đồng nhất, (tránh tình trạng số năm của Cuống khác số năm của Huy hiệu)
- Bao gói sản phẩm đi kèm: Mỗi Huy hiệu Đảng được đựng riêng trong 01 hộp nhựa tổng hợp, màu trắng trong, bên trong lót vải nhung đỏ (có mẫu kèm theo)
- Màu sắc của Huy hiệu Đảng: 
Phải đảm bảo bền màu không bị bạc, biến đổi, phai màu trong quá trình sử dụng và cất giữ";5200;405/2025/1208/HĐTĐG;28/11/2025;…;Bùi Thị Trà Giang
164;;GCNHHĐ  45 năm ;Cái;"- Chất liệu để sản xuất Huy hiệu Đảng: 
Bằng đồng, mạ vàng 24K (Hàm lượng đồng trong lớp nền > 60% và thành phần lớp mạ Huy hiệu Đảng có vàng 24k; độ bền màu ánh sáng nhân tạo của Huy hiệu Đảng đạt tối thiểu cấp 5)
- Quy cách: đường kính 28mm, dày 2mm
- Hình thức: Theo mẫu tại Mục 1 phần VI Phụ lục 2 kèm theo Hướng dẫn số 38-HD/BTCTW, ngày 29/09/2025 của Ban Tổ chức Trung ương
+ Mặt trước: giữa là cờ Đảng nền đỏ, chung quanh kết vòng hoa chiến thắng và vinh dự, giữa hai cuống cành nguyệt quế có số 90 (hoặc 85, 80, 75, 70, 65, 60, 55, 50, 45, 40, 30) màu đỏ, biểu tượng của số năm tuổi đảng
+ Mặt sau: có đính ghim cài đảm bảo đúng quy cách, chất lượng, (chiều dài của ghim là 19mm), ghim cài phải đảm bảo độ cứng, không bị gãy, ít đường gấp khúc, gắn chặt vào Huy hiệu, sắc, không tù, để cài được vào vải dày
+ Cuống huy hiệu: hình chữ nhật, mặt trước nền đỏ bằng tơ, kích thước 25mm x 9mm, mặt sau bằng nhôm dưỡng hóa màu vàng kim loại kích thước 25mm x 12mm
- Số năm trên cuống và huy hiệu phải đồng nhất, (tránh tình trạng số năm của Cuống khác số năm của Huy hiệu)
- Bao gói sản phẩm đi kèm: Mỗi Huy hiệu Đảng được đựng riêng trong 01 hộp nhựa tổng hợp, màu trắng trong, bên trong lót vải nhung đỏ (có mẫu kèm theo)
- Màu sắc của Huy hiệu Đảng: 
Phải đảm bảo bền màu không bị bạc, biến đổi, phai màu trong quá trình sử dụng và cất giữ";5200;405/2025/1208/HĐTĐG;28/11/2025;…;Bùi Thị Trà Giang
165;;GCNHHĐ  40 năm ;Cái;"- Chất liệu để sản xuất Huy hiệu Đảng: 
Bằng đồng, mạ vàng 24K (Hàm lượng đồng trong lớp nền > 60% và thành phần lớp mạ Huy hiệu Đảng có vàng 24k; độ bền màu ánh sáng nhân tạo của Huy hiệu Đảng đạt tối thiểu cấp 5)
- Quy cách: đường kính 28mm, dày 2mm
- Hình thức: Theo mẫu tại Mục 1 phần VI Phụ lục 2 kèm theo Hướng dẫn số 38-HD/BTCTW, ngày 29/09/2025 của Ban Tổ chức Trung ương
+ Mặt trước: giữa là cờ Đảng nền đỏ, chung quanh kết vòng hoa chiến thắng và vinh dự, giữa hai cuống cành nguyệt quế có số 90 (hoặc 85, 80, 75, 70, 65, 60, 55, 50, 45, 40, 30) màu đỏ, biểu tượng của số năm tuổi đảng
+ Mặt sau: có đính ghim cài đảm bảo đúng quy cách, chất lượng, (chiều dài của ghim là 19mm), ghim cài phải đảm bảo độ cứng, không bị gãy, ít đường gấp khúc, gắn chặt vào Huy hiệu, sắc, không tù, để cài được vào vải dày
+ Cuống huy hiệu: hình chữ nhật, mặt trước nền đỏ bằng tơ, kích thước 25mm x 9mm, mặt sau bằng nhôm dưỡng hóa màu vàng kim loại kích thước 25mm x 12mm
- Số năm trên cuống và huy hiệu phải đồng nhất, (tránh tình trạng số năm của Cuống khác số năm của Huy hiệu)
- Bao gói sản phẩm đi kèm: Mỗi Huy hiệu Đảng được đựng riêng trong 01 hộp nhựa tổng hợp, màu trắng trong, bên trong lót vải nhung đỏ (có mẫu kèm theo)
- Màu sắc của Huy hiệu Đảng: 
Phải đảm bảo bền màu không bị bạc, biến đổi, phai màu trong quá trình sử dụng và cất giữ";5200;405/2025/1208/HĐTĐG;28/11/2025;…;Bùi Thị Trà Giang
166;;GCNHHĐ  30 năm ;Cái;"- Chất liệu để sản xuất Huy hiệu Đảng: 
Bằng đồng, mạ vàng 24K (Hàm lượng đồng trong lớp nền > 60% và thành phần lớp mạ Huy hiệu Đảng có vàng 24k; độ bền màu ánh sáng nhân tạo của Huy hiệu Đảng đạt tối thiểu cấp 5)
- Quy cách: đường kính 28mm, dày 2mm
- Hình thức: Theo mẫu tại Mục 1 phần VI Phụ lục 2 kèm theo Hướng dẫn số 38-HD/BTCTW, ngày 29/09/2025 của Ban Tổ chức Trung ương
+ Mặt trước: giữa là cờ Đảng nền đỏ, chung quanh kết vòng hoa chiến thắng và vinh dự, giữa hai cuống cành nguyệt quế có số 90 (hoặc 85, 80, 75, 70, 65, 60, 55, 50, 45, 40, 30) màu đỏ, biểu tượng của số năm tuổi đảng
+ Mặt sau: có đính ghim cài đảm bảo đúng quy cách, chất lượng, (chiều dài của ghim là 19mm), ghim cài phải đảm bảo độ cứng, không bị gãy, ít đường gấp khúc, gắn chặt vào Huy hiệu, sắc, không tù, để cài được vào vải dày
+ Cuống huy hiệu: hình chữ nhật, mặt trước nền đỏ bằng tơ, kích thước 25mm x 9mm, mặt sau bằng nhôm dưỡng hóa màu vàng kim loại kích thước 25mm x 12mm
- Số năm trên cuống và huy hiệu phải đồng nhất, (tránh tình trạng số năm của Cuống khác số năm của Huy hiệu)
- Bao gói sản phẩm đi kèm: Mỗi Huy hiệu Đảng được đựng riêng trong 01 hộp nhựa tổng hợp, màu trắng trong, bên trong lót vải nhung đỏ (có mẫu kèm theo)
- Màu sắc của Huy hiệu Đảng: 
Phải đảm bảo bền màu không bị bạc, biến đổi, phai màu trong quá trình sử dụng và cất giữ";5200;405/2025/1208/HĐTĐG;28/11/2025;…;Bùi Thị Trà Giang
167;;"Phân bón NPK - vi lượng: Lacca SOTO 500PC
";Chai;"- Phân bón NPK - vi lượng: Lacca SOTO 500PC
Thành phần:
- Đạm tổng số (Nts): 9%;
- Lân hữu hiệu (P2O5hh): 9%;
- Kali hữu hiệu (K2Ohh): 9%;
- Bo (B): 1000 mg/l; 
- Sắt (Fe): 100 mg/l; 
- Kẽm (Zn): 50 mg/l;
- Mangan (Mn): 50 mg/l;
- Tỷ trọng: 1,21
Quy cách: 500ml/chai";126500;405/2025/1383/HĐTĐG;28/11/2025;…;Bùi Thị Trà Giang
168;;" Phân bón vi lượng: I300M-RI
";Chai;"- Phân bón vi lượng: I300M-RI
Thành phần: 
- Bo (B): 3500 mg/l;
- Molipđen (Mo): 55 mg/l; 
- Mangan (Mn): 140 mg/l; 
- Đồng (Cu): 50 mg/l;
- Kẽm (Zn): 100 mg/l;
- Sắt (Fe): 50 mg/l;
- Tỷ trọng: 1,20;
Quy cách: 500ml/chai";140000;405/2025/1383/HĐTĐG;28/11/2025;…;Bùi Thị Trà Giang
169;;"Phân bón sinh học - vi lượng: HT-HUMIC
";kg;"- Phân bón sinh học - vi lượng: HT-HUMIC
Thành phần:
- Axit humic (C): 37,7%; 
- Bo (B): 2000 ppm;
- Độ ẩm: 25%;
- pHH2O: 7;  
Quy cách: 1kg/gói";110000;405/2025/1383/HĐTĐG;28/11/2025;…;Bùi Thị Trà Giang
170;;"Chế phẩm vi sinh: SUMITRI
 ";kg;"- Chế phẩm vi sinh: SUMITRI
 Chế phẩm sinh học: Chế phẩm sinh học phân hủy rơm rạ R1
Thành phần:
- Vi sinh vật phân giải Xenlulo (min): 1010 CFU/kg
Quy cách: 1kg/gói";230000;405/2025/1383/HĐTĐG;28/11/2025;…;Bùi Thị Trà Giang
171;;Bộ ấm chén BONE-BAT08 kẻ vàng (gồm 6 cốc, 6 đĩa lót cốc, 1 ấm trà, 1 đĩa lót ấm trà);Bộ;"- Nguyên liệu: Cao lanh, fenspat, thạch anh
- Nhiệt độ nung: 1280°C lần 1 – phủ men không chì sau đó nung lần 2 ở nhiệt độ 1080°C đảm bảo an toàn cho sức khỏe
- Đặc điểm: Bộ sản phẩm sứ quà tặng cao cấp: trắng mịn, độ trong độ xuyên thấu cao, siêu nhẹ, bền đẹp, chịu nhiệt, không nhiễm chì, không nhiễm kim loại nặng, an toàn khi sử dụng, dễ dàng vệ sinh";509000;405/2025/955/HĐTĐG;28/11/2025;…;Bùi Thị Trà Giang
172;;Bánh Omeli Cracker khoai tây 288g;Hộp;"- Khối lượng tịnh : 540g/hộp
-Thành phần cơ bản: Bột mì, đường, bơ (172%), chất béo thực vật (shortening, dầu cọ, dầu dừa), sữa bột gầy, trứng gà, dừa sấy, mạch nha, bột cacao, socola chíp, hạt chia, chất nhũ hoá (322(i)), muối, chất tạo xốp (503(ii), hương liệu tổng hợp (sữa, bơ, vanilla, dừa), màu thực phẩm tổng hợp [beta-caroten (160a(i), 110]
- Mô tả sản phẩm: Bánh giòn, xốp được xếp vào khay và bảo quản trong hộp thiếc đảm bảo an toàn thực phẩm
- Hạn sử dụng: Hạn sử dụng 18 tháng, hạn sử dụng còn lại ≥ 2/3 hạn sử dụng kể từ ngày giao hàng
- Tiêu chuẩn sản xuất: Hệ thống quản lý Iso Tiêu chuẩn ISO 22000: 2018
- Sản xuất tại: Việt Nam – Công ty cổ phần quốc tế Bảo Hưng";128000;405/2025/838/HĐ;28/11/2025;…;Bùi Thị Trà Giang
173;;Bánh mềm phủ Sôcôla Donut Omeli vị chuối 300g;Hộp;"- Khối lượng tịnh: 300g/hộp
- Thành phần cơ bản: Bột mì, đường, chất béo thực vật, mạch nha, trứng gà, chất làm ẩm (420(ii), 422, 1520), bột ca cao (25%), sữa bột béo, tinh bột bắp, sữa bột gầy, chất nhũ hóa (471, 475, 477, 491, 322(i), 492, 476), bột trứng, bột kem thực vật, bột chuối (05%), chất tạo xốp, (500(ii), 503(ii), 450(i)), đạm đậu nành, bơ, đường dextrose, kem đặc có đường, bột whey, muối, hương liệu tổng hợp (chuối, vanilla, sôcôla, sữa), chất điều chỉnh độ acid (341(i)), chất làm dày (415), chất bảo quản (202), chất xử lý bột (170(i)), màu thực phẩm tông hợp [Beta Caroten tổng hợp 160a(i)]
- Quy cách: Bánh hình tròn, xốp, mềm, ở giữa là lớp kem ở ngoài phủ socola mịn Đóng trong hộp bằng chất liệu giấy cứng đảm bảo an toàn thực phẩm
- Hạn sử dụng: Hạn sử dụng 12 tháng, hạn sử dụng còn lại ≥ 2/3 hạn sử dụng kể từ ngày giao hàng
- Tiêu chuẩn sản xuất: Hệ thống quản lý Iso Tiêu chuẩn ISO 22000: 2018
- Sản xuất tại: Việt Nam – Công ty cổ phần quốc tế Bảo Hưng";39000;405/2025/838/HĐ;28/11/2025;…;Bùi Thị Trà Giang
174;;Bánh quế cuộn sữa dừa BH Omeli 210g;Hộp;"- Khối lượng tịnh: 210g/hộp
- Thành phần cơ bản : Bột mì, đường, chất béo thực vật [shortening, dầu cọ tinh luyện [có chứa chất chống oxi hóa (320, 321)], tỉnh bột đậu, sữa whey, đường glucô, sữa béo (3%), bơ (196%), bột sữa dừa (15%), tinh bột biến tính (1422), chất làm dày [xanhthan gum (415)], chất nhũ hóa [lecithin (322i)], muối, hương liệu tổng hợp (vanillin, dừa)
- Quy cách : Bánh giòn xốp, hình ống có nhân kem bên trong Được bảo quản trong hộp thiếc đảm bảo tiêu chuẩn an toàn thực phẩm Được bảo quản trong hộp thiếc đảm bảo tiêu chuẩn an toàn thực phẩm
- Hạn sử dụng: Hạn sử dụng 12 tháng, hạn sử dụng còn lại ≥ 2/3 hạn sử dụng kể từ ngày giao hàng
- Tiêu chuẩn sản xuất: Hệ thống quản lý Iso Tiêu chuẩn ISO 22000: 2018
- Sản xuất tại: Việt Nam – Công ty cổ phần quốc tế Bảo Hưng";45000;405/2025/838/HĐ;28/11/2025;…;Bùi Thị Trà Giang
175;;Bánh Omeli Cracker khoai tây 288g;Hộp;"- Khối lượng tịnh : 288g/hộp
- Thành phần cơ bản : Bột mì, chất béo thực vật ( Có chứa chất chống oxi hóa (320,321)), đường, bột bắp, sữa béo, bột khoai tây (2%), mạch nha, đường gluco, trứng gà, muối, chất tạo xốp ( amoni hydro carbonat (503ii, natri hydro carbonat 500ii), chất nhũ hóa ( lecithin 322i) hương liệu tổng hợp (khoai tây, hương hành), chất điều vị (631, 627, 621), chất xử lý bột : natri metabisulfit (223)
- Quy cách : Bánh hình tròn, mỏng, giòn được đóng màng OPP/MCPP bảo đảm an toàn thực phẩm Đóng trong hộp bằng chất liệu giấy cứng đảm bảo an toàn thực phẩm
- Hạn sử dụng: Hạn sử dụng 12 tháng, hạn sử dụng còn lại ≥ 2/3 hạn sử dụng kể từ ngày giao hàng
- Tiêu chuẩn sản xuất: Hệ thống quản lý Iso Tiêu chuẩn ISO 22000: 2018
- Sản xuất tại: Việt Nam – Công ty cổ phần quốc tế Bảo Hưng";37000;405/2025/838/HĐ;28/11/2025;…;Bùi Thị Trà Giang
176;;Kẹo sôcôla sữa Omeli Chocolate milk 138g;Hộp;"- Khối lượng: 138g/ Hộp
- Thành phần cơ bản: Chất béo thực vật, đường, bột mì, bột ca cao (1123%), sữa béo (752%), sữa bột gầy (687%), bột gạo, tinh bột bắp, tinh bột sắn biến tinh, dầu ăn, muối, chất điều vị (621), tỏi, bột ớt, đường lactose, đường dextrose, chất nhũ hóa (322(i), 476), chất làm bóng (904), hương liệu tổng hợp (vanilla, sữa, sôcôla)
- Quy cách : Nhân kẹo hình tròn giòn xốp, bên ngoài bọc lớp socola Được bảo quản trong hộp giấy đảm bảo an toàn thực phẩm
- Hạn sử dụng: Hạn sử dụng 12 tháng, hạn sử dụng còn lại ≥ 2/3 hạn sử dụng kể từ ngày giao hàng
- Tiêu chuẩn sản xuất: Hệ thống quản lý Iso Tiêu chuẩn ISO 22000: 2018
- Sản xuất tại: Việt Nam – Công ty cổ phần quốc tế Bảo Hưng";34000;405/2025/838/HĐ;28/11/2025;…;Bùi Thị Trà Giang
177;;Màn Hình led P3 trong nhà, 14m2;m2;"Modul P3 (dự phòng 02 tấm), đã bao gồm hệ khung, nẹp viền và lắp đặt	
Kích thước hiển thị (mm)	4992 x 2688
Độ phân giải màn hình (Pixels)	1664 x 896
Tỷ lệ khung hình	179
Kích thước	5x2,8m
Module LED: 366 tấm	Module Led P3
Hãng sản xuất	DAHUA
Môi trường sử dụng	Trong nhà
Loại bóng	SMD 2121
Kích thước MODULE (mm)	192 x 192
Độ phân giải MODULE (pixel)	64 x 64
Tần số làm tươi	3840hz
Khu màn hình: 14m2	Thép hộp 2x4, dày 1,4ly
Nẹp viền màn hình: 156md	Nẹp nhôm vàng
Card xử lý tín hiệu nhận (dự phòng 02 chiếc), đã bao gồm lắp đặt	
Card xử lý tín hiệu nhận: 26 chiếc	Model Bx V75E
Hãng sản xuất	Onbon
Độ phân giải Quản lý	256 x 384
Nguồn cấp 5v60a Binazk, đã bao gồm lắp đặt	
Nguồn: 48 chiếc	Model 5v60a
Hãng sản xuất	Binazk
Công xuất	300W
Bộ xử lý hình ảnh, đã bao gồm lắp đặt	
Bộ xử lý hình ảnh XL HA Bx OVP-K4: 01 bộ	Model OVP-K4
Hãng sản xuất	Onbon
Độ phân giải	13 tr
Dây mạng, đã bao gồm lắp đặt	
Dây mạng: 26 sợi	Dahua
Cáp tín hiệu, đã bao gồm lắp đặt	
Cáp tín hiệu	Onbon
	Loại 25cm: 55 sợi
	Loại 45cm: 55 sợi
	Loại 65cm: 55 sợi
	Loại 85cm: 55 sợi";16000000;405/2025/1295/HĐ;28/11/2025;…;Bùi Thị Trà Giang
178;;Màn Hình led P25 trong nhà, 375m2;m2;"1	Modul P25 (dự phòng 01 tấm), đã bao gồm hệ khung, nẹp viền và lắp đặt	
	Kích thước hiển thị (mm)	2240 x 1120
	Độ phân giải màn hình (Pixels)	896 x 512
	Tỷ lệ khung hình	167
	Kích thước	2,5x1,5m
	Module LED: 56 tấm	Module Led P25
	Hãng sản xuất	HOBBLED
	Môi trường sử dụng	Trong nhà
	Loại bóng	SMD 2121
	Kích thước MODULE (mm)	320 x 160
	Độ phân giải MODULE (pixel)	128 x 64
	Tần số làm tươi	3840hz
	Chế độ quét	1/64S
	Khu màn hình: 3,75m2	Thép hộp 2x4, dày 1,4ly
	Nẹp viền màn hình: 8md	Nẹp nhôm vàng
2	Card xử lý tín hiệu nhận (dự phòng 02 chiếc), đã bao gồm lắp đặt	
	Card xử lý tín hiệu nhận: 7chiếc	Model Bx V75E
	Hãng sản xuất	Onbon
	Độ phân giải Quản lý	256 x 384
3	Nguồn cấp 5v60a Binazk, đã bao gồm lắp đặt	
	Nguồn: 10 chiếc	Model 5v60a
	Hãng sản xuất	Binazk
	Công xuất	300W
4	Bộ xử lý hình ảnh, đã bao gồm lắp đặt	
	Bộ xử lý hình ảnh XL HA Bx OVP-K2: 01 bộ	Model OVP-K2
	Hãng sản xuất	Onbon
	Độ phân giải	13 tr
5	""Dây mạng, đã bao gồm lắp đặt		""	
	Dây mạng: 7 sợi	Dahua
6	""Cáp tín hiệu, đã bao gồm lắp đặt		""	
	Cáp tín hiệu	Onbon
		Loại 25cm: 17 sợi
		Loại 45cm: 17 sợi
		Loại 65cm: 17 sợi
		Loại 85cm: 55 sợi";19600000;405/2025/1295/HĐ;28/11/2025;…;Bùi Thị Trà Giang
179;;Ốp sân khấu ;m2;"Ốp sân khấu gỗ MDF cốt xanh dày 17mm
hệ khung sắt hộp 2x4, 14 ly";1700000;405/2025/1295/HĐ;28/11/2025;…;Bùi Thị Trà Giang
180;;"BACKDROP PHỤC VỤ HÀNH CHÍNH CÔNG
";M2;"BACKDROP PHỤC VỤ HÀNH CHÍNH CÔNG
QUY CÁCH:
Kích thước 5,55 x 3,5m
Khung sắt hộp 25x25, khoảng cách đan 0,61x0,61
Nền Alu xanh bóng 3mm,
logo Alu vàng gương chân nổi 17mm
Bộ chữ alu trắng bóng chân nổi 17mm";899974;405/2025/1143/CTTĐG-VNVIC;28/11/2025;…;Bùi Thị Trà Giang
181;;"Quốc huy treo mái nhà 1m x 1m
";Cái;"Quốc huy treo mái nhà 1m x 1m
chất liệu: Alu Vàng gương, họa tiết cắt decal đỏ
ngôi sao nổi, chân nổi 40mm
Treo lắp trên cao";3500000;405/2025/1143/CTTĐG-VNVIC;28/11/2025;…;Bùi Thị Trà Giang
182;;"Trang trí Khẩu hiệu 2 bên ngoài cột sảnh trung tâm hành chính công
";Cái;"Trang trí Khẩu hiệu 2 bên ngoài cột sảnh trung tâm hành chính công
Kích thước 1,45 x 2,44m
Khung sắt hộp 20X20, khoảng cách đan 0,61x0,61
Nền fomex dày 10mm,
nội dung in UV phủ bóng";4400000;405/2025/1143/CTTĐG-VNVIC;28/11/2025;…;Bùi Thị Trà Giang
183;;"Hộp thư góp ý
";Cái;"Hộp thư góp ý
Kích thước 1,35 x 0,9m
Một bảng gồm 5 hộp KT S10x C35x D25cm
Gỗ MDF cốt xanh chống ẩm dày 17mm
Hộp thư cánh bản lề giảm chân có khóa";3200000;405/2025/1143/CTTĐG-VNVIC;28/11/2025;…;Bùi Thị Trà Giang
184;;"Biển chức danh tam cấp mặt bằng Đồng
đế gỗ tam cấp ";Cái;"Biển chức danh tam cấp mặt bằng Đồng
đế gỗ tam cấp sơn phủ PU
mặt đồng inox in UV 1 mặt ăn mòn nội dung sơn đỏ
KT 120x 250 mm";850000;405/2025/1143/CTTĐG-VNVIC;28/11/2025;…;Bùi Thị Trà Giang
185;;Biển chức danh Mica dẻo0;Cái;"Biển chức danh Mica dẻo Mica dẻo 2cm, in Opset 2 mặt
kích thước 12x24 cm
mặt mica 5mm đế 20mm
nội dung in ofset giấy c300";140000;405/2025/1143/CTTĐG-VNVIC;28/11/2025;…;Bùi Thị Trà Giang
186;;"Biển Phòng ban
";Cái;"Biển Phòng ban
Kích thước 0,25 x 0,5m
Chất liệu in decal cán trên alu";120000;405/2025/1143/CTTĐG-VNVIC;28/11/2025;…;Bùi Thị Trà Giang
187;;"Biển khung 7,3m x 90cm x 2 mặt + nền 2 cột
";M2;"Biển khung 7,3m x 90cm x 2 mặt + nền 2 cột
Kích thước 7,3 x 0,9m x 0,3m
chân cao 1,2 x 0,3 x 0,3 x 0,3 x0,3m
Chất liệu mặt nền Alu đỏ 3mm, nội dung chữ nổi 17mm cắt cnc Alu vàng gương, ốp 04 cạnh alu đỏ
chân cột ốp màu ghi";2550000;405/2025/1143/CTTĐG-VNVIC;28/11/2025;…;Bùi Thị Trà Giang
188;;"Biển niêm yết cỡ hộp
";Cái;"Biển niêm yết cỡ hộp
Kích thước 1,2 x 1,3m
Khung nhôm trắng, nền alu, nội dung in decal UV
Hộp nhôm kích thuớc 220x300mm nổi 30mm mặt alu mã in mã QR";546000;405/2025/1143/CTTĐG-VNVIC;28/11/2025;…;Bùi Thị Trà Giang
189;;"Biển thông báo, nội quy, thủ tục lệ phí TTHC
";Cái;"Biển thông báo, nội quy, thủ tục lệ phí TTHC
Kích thước 0,8 x 1,2M
Khung nhôm, in decal UV can alu 2mm";2600000;405/2025/1143/CTTĐG-VNVIC;28/11/2025;…;Bùi Thị Trà Giang
190;;"Maket phòng họp (khung + in, căng 2x1m)
";Cái;"Maket phòng họp (khung + in, căng 2x1m)
Khung Maket Kích Thước 1,2 X 2M
Khung Sát Hộp 16x16, Mặt Bạt Hiflex 032";730000;405/2025/1143/CTTĐG-VNVIC;28/11/2025;…;Bùi Thị Trà Giang
191;;"Maket phòng họp (in, căng) 2x1,2m
";Cái;"Maket phòng họp (in, căng) 2x1,2m
Khung Maket Kích Thước 1,2 X 2m
Mặt Bạt Hiflex 032
";480000;405/2025/1143/CTTĐG-VNVIC;28/11/2025;…;Bùi Thị Trà Giang
192;;"Maket hội trường (khung + in, căng) 3x1,5m
";Cái;"Maket hội trường (khung + in, căng) 3x1,5m
Khung Maket Kích Thước 1,5 X 3m
Khung Sát Hộp 20x20, Mặt Bạt Hiflex 032";1642500;405/2025/1143/CTTĐG-VNVIC;28/11/2025;…;Bùi Thị Trà Giang
193;;"Băng rôn in bạt 8m x 0,7 + ống sắt 2 bên
";Cái;"Băng rôn in bạt 8m x 0,7 + ống sắt 2 bên
In băng rôn vượt đường dài 8m
chất liệu in bạt hiflex 032, gấp mét hai đâu
thép hộp 14x14 dài 0,8m";1008000;405/2025/1143/CTTĐG-VNVIC;28/11/2025;…;Bùi Thị Trà Giang
194;;"Maket phiên họp thứ II 2x1m
";Cái;"Maket phiên họp thứ II 2x1m
Khung Maket Kích Thước 1m X 2m
Khung Sát Hộp 16x16, Mặt Bạt Hiflex 032";400000;405/2025/1143/CTTĐG-VNVIC;28/11/2025;…;Bùi Thị Trà Giang
195;;"Biển khẩu hiệu
Kích thước 8,6 x 0,8m
";Cái;"Biển khẩu hiệu
Kích thước 8,6 x 0,8m
Khung sắt hộp 25x50, khoẳng cách đan 0,61x0,61
Nền Alu đỏ 2mm,
Bộ chữ Alu vàng gương chân nổi 17mm";8256000;405/2025/1143/CTTĐG-VNVIC;28/11/2025;…;Bùi Thị Trà Giang
196;;"Bảng phòng tiếp công dân
";Cái;"Bảng phòng tiếp công dân
QUY CÁCH:
Kích thước 1,83 x 2,39M
Khung sắt hộp 2x2, khoảng cách đan 0,61x0,61
Nền Alu trắng bóng 2mm,
Bộ chữ + logo Alu vàng gương chân nổi 13mm";4370000;405/2025/1143/CTTĐG-VNVIC;28/11/2025;…;Bùi Thị Trà Giang
197;;In Thẻ cán bộ công nhân viên;Cái;In Thẻ cán bộ công nhân viên;40000;405/2025/1143/CTTĐG-VNVIC;28/11/2025;…;Bùi Thị Trà Giang
198;;Kiosk thông minh;TT;"Việt Nam
Kiosk thông minh: Xếp hàng, tra cứu & phục vụ dịch vụ công
* MÀN HÌNH:
- Kích thước: 27 inch LED Backlight
- Độ sáng: 300cd/m2
- Tương phản: 1000:1
- Độ phân giải: 1920 x 1080 (Full HD)
- Góc nhìn: 178 độ
- Loa speaker: 2x5W
- Công nghệ chạm: Capacitive Multi-touch screen, up to 10 points
- Tuổi thọ số lần chạm: Up to 10000000 touch
- Thời gian phản hồi: 5ms
* BỘ VI XỬ LÝ TRUNG TÂM:
- CPU/Bộ vi xử lý: Intel® Core™ i3 - gen 10th
- RAM/Bộ nhớ trong: 8GB
- Bộ nhớ lưu trữ: SSD 256GB
- Thẻ đồ họa: Intel® UHD Graphics output up to 4K@60Hz
- Kết nối mạng: Ethernet Controller Giga LAN 10/100/1000 Mbps
- Cổng kết nối: 6*USB-A, 1*USB-C, 1*HDMI, 1*VGA, 1*Line-out
* MÁY IN PHIẾU:
- Máy in phiếu gắn trong, Công nghệ in nhiệt trực tiếp, khổ giấy 80mm
- Điều khiển mở khay lấy giấy bằng mơ tơ điện tự động
- Khay thay giấy từ phía trước, cắt giấy tự động, bền bỉ
- Kết nối: USB
* ĐẦU ĐỌC QRCODE:
- Đọc các loại mã vạch 1D (Barecode) và 2D (QRcode) 
- Đoc các loại thẻ: CCCD, thẻ CC, thẻ BHYT, barecode hồ sơ, đọc trên giấy và LCD 
- Cảm biến hình ảnh lớn, tốc độ đọc cao, Góc đọc rộng, đọc và giải mã thông tin tiếng Việt
* ĐẦU ĐỌC CCCD gắn chip
Đọc CCCD bằng một động tác là giải mã thành tiếng Việt ra các trường dữ liệu: Hình ảnh, số CCCD, ngày cấp, ngày hết hạn, số CMND, Họ và tên, Ngày tháng năm sinh, Dân tộc, Giới tính…
Nhận dạng thẻ CCCD thật/ giả
Cổng giao tiếp: USB, Ethernet
Đọc thẻ không tiếp xúc (contactless): tốc độ đọc lên đến 424 Kbps, chuẩn ISO14443 Type A/B, hỗ trợ đọc thẻ căn cước gắn chip
Đọc mã QR code: hỗ trợ đọc mã QR code trên CCCD, tốc độ đọc cao, chuẩn xác
Hỗ trợ đọc chỉ 01 thao tác: đọc thẻ không tiếp xúc (NFC) và quét mã QR code chỉ với 01 thao tác, tự động kiểm tra trạng thái có thẻ và không có thẻ
Ngoại vi: còi báo hiệu trạng thái tiếng Beep
Nhiệt độ hoạt động: 0°C ~ 60°C
Độ ẩm hoạt động: tới 85% (không ngưng tụ)
Tốc độ: 20 tốc độ cao
Tần số hoạt động: 1356 MHz
Đọc và giải mã trên CCCD: đọc QR code trên căn cước công dân tự động, đọc OCR trên thẻ CCCD
Còi Buzzer: báo hiệu đọc QR thành công
Ứng dụng phần mềm: hỗ trợ API tích hợp với phần mềm bên thứ 3
Hệ điều hành hỗ trợ: Win 10, Win11, Linux
- Xác thực thông tin người dùng phục vụ cho hệ thống xếp hàng
- Sẵn sàng tích hợp xác thực CCCD với Cơ sở dữ liệu thông tin của BCA
* CAMERA:
Độ phân giải 2K@30/25fps Độ sáng tối thiểu: 01 Lux (@ F12, AGC ON) AGC tự điều chỉnh độ sáng Tích hợp Mic, chống độ rung mạnh
* AN TOÀN:
- An toàn điện: Cách ly điện áp cao, tự động ngắt điện tự động khi có sự cố điện
- Thiết kế cơ khí: Đế chắc chắn, vật liệu chống trượt chống đổ, phân bố trọng lực tốt, phù hợp nơi công cộng
CHỨNG NHẬN:
- ISO 9001:2015
- ISO 45001:2018
- ISO 14001:2015
- ISO 27001:2022";54307000;405/2025/1206/CTTĐG-VNVIC;28/11/2025;…;Bùi Thị Trà Giang
199;;"Hệ thống quản lý kiosks và xếp hàng VDS - SQSM v10
";License/Hệ thống;"Việt Nam
Hệ thống quản lý kiosks và xếp hàng VDS - SQSM v10
1 Module cấu hình
- Thiết bị được lập trình tự động tắt vào thời điểm kết thúc ngày làm việc, giúp tiết kiệm điện năng và hạn chế can thiệp thủ công
- Sau khi khởi động, kiosk sẽ tự động chạy ứng dụng tra cứu hoặc lấy số thứ tự mà không cần thao tác từ người dùng Giao diện URL được ẩn và màn hình được khóa để ngăn chặn truy cập hoặc thao tác trái phép, đặc biệt phù hợp cho các mô hình kiosk phục vụ công cộng như tra cứu thông tin hành chính
- Hệ thống hỗ trợ giám sát thời gian thực các chỉ số quan trọng của thiết bị như tình trạng CPU, mức sử dụng RAM, ổ cứng và kết nối mạng Dữ liệu này được tổng hợp và hiển thị qua giao diện dashboard trực quan
- Cho phép cấu hình mở URL hiển thị chỉ định
- Cho phép cấu hình phát nội dung quảng báo chờ khi không có thao tác
- Giao diện quản trị cấu hình tham số thiết bị
- Cấu hình tùy chỉnh thiết lập số quầy theo số lượng, cách hiển thị
2 Module hiển thị gọi số - VDS Queue Display Manager (VDS-QDM)
- Giao diện hiển thị tại màn hình quầy: Cài đặt cấu hình hiển thị cho màn hình, hiển thị số thứ tự, quầy, tên dịch vụ
- Màn hình hiển thị trung tâm: Hiển thị tùy chỉnh số lượng quầy được cấu hình, tùy biến logo, chữ chạy
3 Module gọi số tại quầy - VDS Queue Call Station (VDS-QCS)
- Hiển thị thông tin khách hàng đang đến lượt
- Có các chức năng gọi lại, gọi số tiếp theo, chuyển số giữa các quầy
- Thông báo khi có số mới trong hàng chờ qua hệ thống loa
4 Module Tra cứu & Tìm kiếm thủ tục dịch vụ – VDS Service Lookup (VDS-SLK)
Tra cứu dịch vụ hành chính công: Cho phép người dân tra cứu thủ tục, hồ sơ, tình trạng giải quyết hoặc thông tin liên hệ; Giao diện tối ưu cho thao tác cảm ứng, hỗ trợ tìm kiếm theo tên, mã hồ sơ, hoặc mã QR
5 Module Báo cáo & Phân tích dữ liệu – VDS Report & Analytics (VDS-RPA)
Báo cáo đa chiều: Thống kê lượng khách đến theo giờ, dịch vụ, quầy, nhân viên; Thời gian chờ trung bình, thời gian phục vụ trung bình; Tỷ lệ hoàn tất, tỷ lệ chuyển số, tỷ lệ hủy
Tùy biến mẫu báo cáo: Cho phép người dùng chọn tiêu chí lọc và định dạng xuất (PDF, Excel, CSV)
Phân tích nâng cao: Biểu đồ thời gian thực hiển thị hiệu suất từng quầy; Cảnh báo khi phát hiện quầy tắc nghẽn hoặc thời gian chờ vượt ngưỡng
Hỗ trợ dashboard tổng hợp: Giao diện quản trị trực quan hiển thị dữ liệu tổng hợp toàn hệ thống
6 Module Bảo mật & Kết nối hệ thống
Phân quyền chi tiết: Cho phép cấu hình quyền xem, sửa, quản lý từng module
Kết nối & Mở rộng: Tích hợp HTTPS, MQTT, WebSocket/ RESTful API cho phép kết nối liên hệ thống khác; Hỗ trợ triển khai tại chỗ (on-premise) hoặc trên nền tảng đám mây (cloud); Cho phép giám sát và điều khiển từ xa qua giao diện quản lý trung tâm
";49500000;405/2025/1206/CTTĐG-VNVIC;28/11/2025;…;Bùi Thị Trà Giang
200;;"Switch
";Chiếc;"Switch TP Link TL-SF1016D 16 port/ Châu Á
Switch
Interface: 16×10/100Mbps RJ45, Auto Negotiation/MDI/MDIX
Công suất: Tối đa 31W (220V/50Hz)
Nguồn: 100~240VAC, 50/60Hz
Chuyển mạch: Store and Forward
Chức năng: Green Tech tiết kiệm 80%, 8023X Flow Control, Back Pressure
Chứng nhận: FCC, CE, RoHS";472000;405/2025/1206/CTTĐG-VNVIC;28/11/2025;…;Bùi Thị Trà Giang
201;;"Màn hình hiển thị trung tâm 55 inhches (TV) 
";Cái;"55C350RP/Toshiba
Châu Á
41 Màn hình hiển thị trung tâm 55 inhches (TV) 
- Kích thước màn hình: 55 inches
- Độ phân giải: Ultra HD 4K (3840 x 2160 pixels)
- Tỉ lệ khung hình: 16:9
- Cổng kết nối: HDMI; USB; AV in, Optical out
- Nguồn điện: 100 – 240V AC, 50/60Hz
- Loa tích hợp: Có, stereo
- Lắp đặt: Treo tường hoặc chân đế
- Điều khiển: Remote hồng ngoại hoặc Bluetooth
- Có giá treo ti vi";9774000;405/2025/1206/CTTĐG-VNVIC;28/11/2025;…;Bùi Thị Trà Giang
202;;"Bộ xử lý hiển thị trung tâm 
";Bộ;"Phần cứng: (Rashberry pi 5 - Rashberry Pi ltd) 
Module Phần mềm tích hợp: (SQSM v10 - VDS)
UK
42 Bộ xử lý hiển thị trung tâm 
- Kết nối với màn hình hiển thị trung tâm 55 inhches
- Vi xử lý: CPU ARM
- GPU: GPU VideoCore
- RAM: 4GB
- Lưu trữ: MicroSD 32GB
- Cổng kết nối:
+ 2 x Micro-HDMI
+ 2 x USB 30, 2 x USB 20
+RJ45
- Phụ kiện đi kèm: 
+ 1* Adapter + cáp nguồn
+ 2* Cáp tín hiệu hình ảnh
+ Tích hợp module có chức năng hiển thị số toàn bộ quầy";4800000;405/2025/1206/CTTĐG-VNVIC;28/11/2025;…;Bùi Thị Trà Giang
203;;"LED hiển thị số
";Bộ/Quầy;"VHB051843 - VHB
Châu Á
LED hiển thị số
Loại LED: LED P5 full màu
Nguồn điện: 220VAC, 50/60Hz
Giao tiếp: API giao thức TCP/IP
Tuỳ chọn hiển thị: 1, 2 dòng; full màu; hiệu ứng cơ bản
Khung vỏ: Thép sơn tĩnh điện; 
Bộ giá đỡ";2890000;405/2025/1206/CTTĐG-VNVIC;28/11/2025;…;Bùi Thị Trà Giang
204;;"Bộ amply thông báo
";Bộ;"A268 - HUSIX
Châu Á
61 Bộ amply thông báo
- Âmply được thiết kế 2 vùng riêng biệt và hoạt động độc lập là mic in và line in
- Cổng input 1,2 – 20dB, 10kΩ không cân bằng, jack RCA ( hoa sen) kết nối điện thoại, máy tính, máy tính bảng, DVD
- Có cổng Bluetooth - USB
- Ngõ vào: Micro 1 – Micro 2 ( jack 6 ly) – 60dB, 600Ω cân bằng
- Micro không dây cho Channel 1 và Channel 2
- Công suất ra loa trung bình: 100W; Công suất max: 260W
- Nguồn điện: 220V – 240V / 50Hz
- Đáp tuyến tần số: 50 – 18KHz (±3 dB)
- Độ méo âm: Dưới 1% ( tại 1kHz, 1/3 công suất ra)
- Ngõ ra loa: Trở kháng 4Ω ÷ 16Ω
- Tỷ lệ S/N ( Tín hiệu trên nhiễu): > 60dB
- Điều chỉnh âm sắc:
+ âm trầm: ±10dB tại 100Hz
+ âm bổng: ±10dB tại 10 KHz
- Kích thước: 480 (W) – 110 (H) x 260 (D) mm
- 02 micro không dây
- Trọng lượng: 8,2 kg
";6890000;405/2025/1206/CTTĐG-VNVIC;28/11/2025;…;Bùi Thị Trà Giang
205;;"Loa treo tường
";Cái;" H6 KP 801-HUSIX
Châu Á
62 Loa treo tường
Công suất  RMS: 50W (Max 100W)
Độ nhạy: 95db
Dải tần: 40HZ – 20KHZ
Trở kháng: 8 OHM
Loa treo đứng
Chất liệu: Gỗ ép , sơn đen chống nước
Kích thước: Rộng x Cao x Sâu : 260 x 390 x ( 230 : 135 ) mm
Trọng lượng: 6,5 kg";1552500;405/2025/1206/CTTĐG-VNVIC;28/11/2025;…;Bùi Thị Trà Giang
206;;Dây HDMI 20m;Cái;;1000000;405/2025/1206/CTTĐG-VNVIC;28/11/2025;Thẩm định;Bùi Thị Trà Giang
207;;Dây điện 2x2,5;m;;20900;405/2025/1206/CTTĐG-VNVIC;28/11/2025;Thẩm định;Bùi Thị Trà Giang
208;;Dây điện 2x1;m;;12000;405/2025/1206/CTTĐG-VNVIC;28/11/2025;Thẩm định;Bùi Thị Trà Giang
209;;ổ cắm 3D3SN 5m;Cái;;150000;405/2025/1206/CTTĐG-VNVIC;28/11/2025;Thẩm định;Bùi Thị Trà Giang
210;;Dây loa 2x0,75;m;;25000;405/2025/1206/CTTĐG-VNVIC;28/11/2025;Thẩm định;Bùi Thị Trà Giang
211;;Dây mạng Cat6;m;;12082;405/2025/1206/CTTĐG-VNVIC;28/11/2025;Thẩm định;Bùi Thị Trà Giang
212;;Vật tư phụ (hạt mạng, băng dính, dây thít, vít nở, ống ghen…);Gói;;800000;405/2025/1206/CTTĐG-VNVIC;28/11/2025;Thẩm định;Bùi Thị Trà Giang
213;;Nhân công triển khai;Gói;;10000000;405/2025/1206/CTTĐG-VNVIC;28/11/2025;…;Bùi Thị Trà Giang
214;;Chi phí đào tạo: Hướng dẫn đào tạo triển khai cho người dùng tại 1 điểm địa bàn;Địa bàn;"Ricoh IX1300
Máy scan A4
Loại máy: máy scan tài liệu
Chế độ nạp giấy: Tự động (ADF) và nạp từng tờ phía trước
Cảm biến hình ảnh: CIS x 2
Khổ giấy scan: tối đa A4, thẻ nhựa, quét khổ A3 với bộ careir sheet
Tốc độ scan: tối đa 30 trang/phút (trắng đen, màu, 200/300 dpi)
Khay nạp bản gốc: tối đa 20 tờ
Định dạng file scan: PDF, JPEG, TIFF,  
Chuẩn kết nối: USB 32 Gen 1x1 (tương thích USB 20/11), Wifi 80211 ac 
Chức năng đặc biệt: scan 2 mặt tự động, scan thẻ nhựa dày lên đến 076mm, scan giấy dài lên đến 3 mét, cảm biến siêu âm phát hiện giấy nạp kép, tự động xoay ảnh theo chiều chữ, tự động bỏ trang trắng, tự động nhận biết khổ giấy Phần mềm ABBYY FineReader Sprint - Tích hợp sẵn nhận dạng Tiếng Việt (OCR), chuyển đổi sang file văn bản có thể chỉnh sửa Word, Excel, PDF tìm kiếm, …";3000000;405/2025/1206/CTTĐG-VNVIC;28/11/2025;…;Bùi Thị Trà Giang
215;;"Máy scan A4
";Cái;"Ricoh IX1300
Máy scan A4
Loại máy: máy scan tài liệu
Chế độ nạp giấy: Tự động (ADF) và nạp từng tờ phía trước
Cảm biến hình ảnh: CIS x 2
Khổ giấy scan: tối đa A4, thẻ nhựa, quét khổ A3 với bộ careir sheet
Tốc độ scan: tối đa 30 trang/phút (trắng đen, màu, 200/300 dpi)
Khay nạp bản gốc: tối đa 20 tờ
Định dạng file scan: PDF, JPEG, TIFF,  
Chuẩn kết nối: USB 32 Gen 1x1 (tương thích USB 20/11), Wifi 80211 ac 
Chức năng đặc biệt: scan 2 mặt tự động, scan thẻ nhựa dày lên đến 076mm, scan giấy dài lên đến 3 mét, cảm biến siêu âm phát hiện giấy nạp kép, tự động xoay ảnh theo chiều chữ, tự động bỏ trang trắng, tự động nhận biết khổ giấy Phần mềm ABBYY FineReader Sprint - Tích hợp sẵn nhận dạng Tiếng Việt (OCR), chuyển đổi sang file văn bản có thể chỉnh sửa Word, Excel, PDF tìm kiếm, …";17295000;405/2025/1206/CTTĐG-VNVIC;28/11/2025;…;Bùi Thị Trà Giang
216;;Máy tính để bàn HP ;Cái;"HP M01
Máy tính để bàn HP M01-F4013d PC (AZ0F2PA)
Intel® Core™ i5-14400 (up to 47 GHz with Intel® Turbo
Boost Technology, 20 MB L3 cache, 10 cores,
16 threads) 
Bộ nhớ: 16 GB DDR4-3200 MT/s (2 x 8 GB)
Ổ cứng: 512 GB PCIe® NVMe™ M2 SSD
Graphics: Integrated, ntegrated";15500000;405/2025/1206/CTTĐG-VNVIC;28/11/2025;…;Bùi Thị Trà Giang
217;;"Màn hình Viewsonic VA2532-H 
";Cái;"VA2532-H
Màn hình Viewsonic VA2532-H 
245Inch/ Full HD/ 1ms/ 100HZ/ 250cd/m2/ IPS";2289000;405/2025/1206/CTTĐG-VNVIC;28/11/2025;…;Bùi Thị Trà Giang
218;;"Máy in Laser Brother
";Cái;"HL-L2361DN
Máy in Laser Brother
Tốc độ in A4 lên đến 30 trang mỗi phút (Trắng Đen)
AirPrint, LAN, USB 20
In 2 mặt tự động (Duplex), Màn hình LCD 1 dòng
Hộp mực in laser đầy đủ đính kèm Hiệu suất lên đến 2600 trang (Trắng Đen)*
Tương thích với ứng dụng di động Brother iPrint&Scan
Bảo hành 24 tháng tại trung tâm bảo hành";4500000;405/2025/1206/CTTĐG-VNVIC;28/11/2025;…;Bùi Thị Trà Giang
219;;"Bộ lưu điện
";Cái;"TG750 PRO
Bộ lưu điện
Bộ lưu điện Santak TG750 PRO (300W-750VA) UPST0046";1749600;405/2025/1206/CTTĐG-VNVIC;28/11/2025;…;Bùi Thị Trà Giang
220;;"Màn hình LED P3 Trong nhà hãng Dahua
KT hiển thị : 4992 x 2688mm
Pixel : 1664*896 (Rộng 26 tấm x Cao 14 tấm )";m2;"1	""Modul P3
(Dự phòng 2 tấm )""	""- Model : P3
- KT :192 x 192mm
- Pixel : 64*64
- SMD2121 Bóng đồng, chân đồng
- Tần số làm tươi 3840hz
- Môi trường làm việc : Trong nhà
- Số lượng: 366 tấm""
2	""Nguồn 5v60a Binazk
(Dự phòng 2 chiếc )""	""- Model : 5v60a
- Công suất : 300W
- Số lượng: 48 chiếc""
3	Card nhận Bx V75E	""- Model : Bx V75E
- Pixel : 256*384
- Số lượng: 26 chiếc""
4	XLHA Bx OVP-K4	""- Model : OVP-K2
- Pixel : 13 tr
- Số lượng: 01 bộ""
5	Vật tư phụ + Dự phòng	
	Dây mạng	""Cáp mạng + Tín hiệu - Hãng Dahua
– Lõi đồng nguyên chất, tín hiệu ổn định
– Chống nhiễu tốt, truyền xa hiệu quả
– Hỗ trợ băng thông cao CAT6
– Vỏ bền, phù hợp âm tường
- Số lượng: 26 sợi""
	Cáp tín hiệu	""Cáp Tín hiệu - Hãng Dahua
– Lõi đồng nguyên chất, tín hiệu ổn định
– Chống nhiễu tốt, truyền xa hiệu quả
– Hỗ trợ băng thông cao CAT6
– Vỏ bền, phù hợp âm tường loại 25cm :
- Số lượng: 55 sợi""
		""Cáp Tín hiệu - Hãng Dahua
– Lõi đồng nguyên chất, tín hiệu ổn định
– Chống nhiễu tốt, truyền xa hiệu quả
– Hỗ trợ băng thông cao CAT6
– Vỏ bền, phù hợp âm tường loại 45cm :
- Số lượng: 55 sợi""
		""Cáp Tín hiệu - Hãng Dahua
– Lõi đồng nguyên chất, tín hiệu ổn định
– Chống nhiễu tốt, truyền xa hiệu quả
– Hỗ trợ băng thông cao CAT6
– Vỏ bền, phù hợp âm tường loại 65cm :
- Số lượng: 55 sợi""
		""Cáp Tín hiệu - Hãng Dahua
– Lõi đồng nguyên chất, tín hiệu ổn định
– Chống nhiễu tốt, truyền xa hiệu quả
– Hỗ trợ băng thông cao CAT6
– Vỏ bền, phù hợp âm tường loại 85cm :
- Số lượng: 55 sợi""
- KT :192 x 192mm
- Pixel : 64*64
- SMD2121 Bóng đồng, chân đồng
- Tần số làm tươi 3840hz
- Môi trường làm việc : Trong nhà
- Số lượng: 366 tấm";16000000;405/2025/1177;13/12/2025;…;Bùi Thị Trà Giang
221;;Ốp sân khấu ;m2;"gỗ MDF cốt xanh dày 17mm
hệ khung sắt hộp 2x4, 14 ly
KT: 13,9x3,6m";1700000;405/2025/1177;13/12/2025;…;Bùi Thị Trà Giang
222;;Bộ bàn làm việc (loại bàn máy tính);bộ;"
Bàn ghế dành cho giáo viên:
 - Bàn giáo viên: có đợt, khung ống thép 30x30X1,2mm sơn tĩnh điện, mặt bàn gỗ cao su ghép thanh loại AA dày 18mm Kích thước: W1200 x D600 x H750 mm  Bàn có 1 ngăn kéo, 1 tủ cánh mở có khóa, 1 kệ để CPU và 1 khay để bàn phím, Mặt bàn có lỗ đi dây điện tiện dụng 
 - Chắn trước: Làm bằng gỗ cao su ghép thanh loại AA dày 18mm dài bằng chiều dài của khung bàn, cao bằng cao ngăn bàn,  quây bàn gần sát đất   ";2583000;: 405/2025/294/CTTĐG-VNVIC;15/12/2025;…;Bùi Thị Trà Giang
223;;Bộ ghế làm việc;bộ;"GNV-07-00/ Xuân Hòa
- Ghế ngồi : 560x560x(860-980) Rc=280
- Ghế xoay nhân viên có tay, mặt ngồi đệm mút, bọc nỉ
- Tựa ghế viền nhựa bọc lưới, ngả đàn hồi, Tay ghế bằng nhựa Ghế được điều chỉnh độ cao bằng cần hơi
- Chân ghế bằng nhựa
- Sản phẩm sản xuất trên dây chuyền công nghệ được chứng nhận quản lý chất lượng theo tiêu chuẩn: ISO 9001:2015; ISO 14001:2015; ISO 45001:2018";787037;: 405/2025/294/CTTĐG-VNVIC;15/12/2025;…;Bùi Thị Trà Giang
224;;Máy vi tính để bàn;bộ;"FPT
Bộ vi xử lý: Intel® Core™ i5-12400 (Bộ nhớ đệm 18M, lên đến 4,40 GHz)
Ổ cứng: SSD 256GB SATA3
Bộ nhớ trong (Ram): DDR4 8Gb bus 2666
Bảng mạch chủ: Intel® H610 Chipset; 6 x DIMM, Max 64GB, DDR4 3200/3000/2933/2800/2666/2400/2133 Non-ECC
Khe cắm mở rộng: 3 x PCI Express, 1 x PCI slot
Card màn hình onboard: Intel® Integrated graphics UHD 730 processor
Cạc âm thanh : Support 8-channel audio output
Màn hình:  FPT Elead 215'' độ phân giải FHD 1920x1080, sử dụng công nghệ A/LBL (Anti Low Blue Light) để hạn chế tác hại của ánh sáng xanh, tốt hơn cho mắt người sử dụng
Chuột, bàn phím FPT Elead kết nối USB
Bao gồm cài đặt win bản quyền và bảo hành 24 tháng
";12273000;: 405/2025/294/CTTĐG-VNVIC;15/12/2025;…;Bùi Thị Trà Giang
225;;Máy in;bộ;"Brother HL-B2080DW
Máy in laser đen trắng đơn năng khổ A4
Tính năng: In hai mặt tự động, in mạng
Tốc độ in: 34 trang/phút
Bộ nhớ: 64 MB
Độ phân giải: 2400 x 600 dpi
Khay giấy vào 250 tờ, khay giấy ra 100 tờ
Kết nối: USB 20, LAN";4727000;: 405/2025/294/CTTĐG-VNVIC;15/12/2025;…;Bùi Thị Trà Giang
226;;Bàn họp;bộ;"The One / CT2010H2
Kích Thước: W2000 x D1000 x H760 mm
Chất liệu: Gỗ công nghiệp sơn PU cao cấp
 - Bàn họp sơn PU mặt lượn
 - Chân bàn ghép hộp lượn cong soi rãnh trang trí, yếm giữa không đợt";3173000;: 405/2025/294/CTTĐG-VNVIC;15/12/2025;…;Bùi Thị Trà Giang
227;;Ghế họp;bộ;"The One / GHT11
- Kích thước: 420x550x1035
- Mô tả: Khung Ghế gỗ tự nhiên Tần bì (Acacia), phủ veneer, chống mối mọt; đệm tựa mút bọc vải
- Sản phẩm sản xuất trên dây chuyền công nghệ được chứng nhận quản lý chất lượng theo tiêu chuẩn: ISO 9001:2015; ISO 14001:2015; ISO 45001:2018";809000;: 405/2025/294/CTTĐG-VNVIC;15/12/2025;…;Bùi Thị Trà Giang
228;;Tủ tài liệu;bộ;"The One TU09K3BCK
Tủ đựng hồ sơ tài liệu:
- Kích thước: Dài 100 cm x Sâu 45 cm x cao 183 cm
- Kích thước kính: Dài 1015 mm x Rộng 410 mm x 3 mm
Tủ đựng hồ sơ tài liệu:
- Tủ hồ sơ mặt hình chữ nhật
- Tủ gồm 2 khoang
+ Khoang trên có 2 đợt di động, khung cánh kính lùa
+ Khoang dưới có 2 cánh sắt lùa
- Chất liệu: Sắt sơn tĩnh điện màu ghi sáng, tay nắm nhựa
- Sản phẩm sản xuất trên dây chuyền công nghệ được chứng nhận quản lý chất lượng theo tiêu chuẩn: ISO 9001:2015; ISO 14001:2015; ISO 45001:2018";3333333;: 405/2025/294/CTTĐG-VNVIC;15/12/2025;…;Bùi Thị Trà Giang
229;;Tủ đựng trang phục nghi thức;bộ;"The One TMG 983-3K
- Kích thước: 1000x450x1830mm 
- Tủ sắt thẳng đứng, sơn tĩnh điện có 2 khoang;
- Khoang trên có 2 ô cánh mở, khung thép sơn tỉnh điện theo tiêu chuẩn JIS, kính trong suốt, có khóa
- Khoang dưới có 2 ngăn, cánh cửa thép sơn tĩnh điện
- Các cửa mở có khóa và nắm tay cầm riêng biệt";2937000;: 405/2025/294/CTTĐG-VNVIC;15/12/2025;…;Bùi Thị Trà Giang
230;;Giá thiết bị;bộ;"The One GS2K1
Kích Thước: W1030 x D457 x H2000 mm
 - Giá thép đa năng đựng tài liệu
 - Giá chia thành 5 tầng, gồm các đợt cố định
 - Thanh trụ thép hộp chắc chắn
 - Chất liệu: Sắt sơn tĩnh điện cao cấp";2140000;: 405/2025/294/CTTĐG-VNVIC;15/12/2025;…;Bùi Thị Trà Giang
231;;Cây nước lóng lạnh;bộ;"Sơn Hà 09HCB01-W
Cây nước nóng lạnh: chip 3 vòi trắng có khóa trẻ em
Bình chứa Inox SUS 304 an toàn
Kích thước: 340x330x980
Thông số kỹ thuật
+ Điện áp sử dụng  : 220V ~ 240VAC - 50/60Hz
+ Công suất làm nóng: 550W
+ Công suất làm lạnh: 90W
+ Nhiệt độ nước nóng: 85-95°C
+ Nhiệt độ nước lạnh: 0-10°C
+ Có chức năng khóa trẻ em cho phần lấy nước bên nóng 
+ Vỏ tủ làm bằng Tôn sơn tĩnh điện kết hợp với nhựa ABS và PP
+ Kích thước : 340x330x980mm
+ Dòng điện làm mát định mức : 075A
Sản phẩm sản xuất trên dây chuyền công nghệ được chứng nhận quản lý chất lượng theo tiêu chuẩn: ISO 9001:2015;";3500000;: 405/2025/294/CTTĐG-VNVIC;15/12/2025;…;Bùi Thị Trà Giang
232;; Loa kéo tích hợp amply;bộ;"Loa kéo Soundbox 1525G
""- Cấu tạo: 1 loa bass 40cm dạng Coil, 1 loa treble dạng họng kèn
- Công suất RMS/Max: 220W/500W
- Pin: 8 - 10 tiếng
- Đi kèm 2 micro không dây UHF hát hay (tùy chọn được kiểu cấp nguồn cho tay micro)
- Kết nối: Bluetooth, Jack cắm hoa sen, SD, USB
- Tiện ích: Màn hiển thị LCD, Có điều khiển từ xa, Chức năng TWS kết nối 2 loa  Có bánh xe dễ dàng di chuyển
- Có chức năng bật/tắt voice khi thay đổi chế độ
- Có chức năng ghi record lại vào thẻ nhớ hoặc usb
- Hỗ trợ nghe nhạc qua thẻ nhớ SD, USB, hát karaoke offline qua USB
- Tặng kèm pin sạc + thay pin có thể thay được
- Kích thước(RxCxS): 446 x 734 x 300 mm
- Trọng lượng: 309 kg""";6890000;: 405/2025/294/CTTĐG-VNVIC;15/12/2025;…;Bùi Thị Trà Giang
233;;Bảng ghim nỉ treo tường;bộ;"
Bảng ghim nỉ treo tường:
- Kích thước: R800xC1200 mm
- Mô tả: Bảng có thiết kế khung bằng nhôm sáng bóng sang trọng, gọn nhẹ cùng các góc bo bằng nhựa an toàn cho người sử dụng Ghim cắm ngập không để lại vết  Cốt nhựa chống cong vênh và chịu nước 100% Ở giữa có một lớp cao su dày có độ đàn hồi tốt, giúp ghim tài liệu dễ dàng hơn ";587714;: 405/2025/294/CTTĐG-VNVIC;15/12/2025;…;Bùi Thị Trà Giang
234;;Bảng Foocmaika trắng treo tường;bộ;"
Bảng trắng từ khung nhôm :
- Kích thước: R1600xC1200 mm
- Mô tả: Bảng từ trắng khung nhôm, có thể viết bút dạ loại xóa được, có thể đính thông tin bằng nam châm lên mặt bảng, có khay để bút đi kèm
Sản phẩm sản xuất trên dây chuyền công nghệ được chứng nhận quản lý chất lượng theo tiêu chuẩn: ISO 9001:2015; ";926000;: 405/2025/294/CTTĐG-VNVIC;15/12/2025;…;Bùi Thị Trà Giang
235;;Biển tên phòng;bộ;"
Biển tên phòng:
- Kích thước: 200x300 mm
- Chất liệu mặt inox in UV, nội dung 2 mặt giống nhau Khung mica Có chân tháo rời để lắp đặt 
- Kích thước 20 x 30 cm ";550000;: 405/2025/294/CTTĐG-VNVIC;15/12/2025;…;Bùi Thị Trà Giang
236;;Bộ bàn làm việc (loại bàn máy tính);bộ;"
Bàn ghế dành cho giáo viên:
 - Bàn giáo viên: có đợt, khung ống thép 30x30X1,2mm sơn tĩnh điện, mặt bàn gỗ cao su ghép thanh loại AA dày 18mm Kích thước: W1200 x D600 x H750 mm  Bàn có 1 ngăn kéo, 1 tủ cánh mở có khóa, 1 kệ để CPU và 1 khay để bàn phím, Mặt bàn có lỗ đi dây điện tiện dụng 
 - Chắn trước: Làm bằng gỗ cao su ghép thanh loại AA dày 18mm dài bằng chiều dài của khung bàn, cao bằng cao ngăn bàn,  quây bàn gần sát đất   ";2583000;: 405/2025/294/CTTĐG-VNVIC;15/12/2025;…;Bùi Thị Trà Giang
237;;Bộ ghế làm việc;bộ;"GNV-07-00/ Xuân Hòa
- Ghế ngồi : 560x560x(860-980) Rc=280
- Ghế xoay nhân viên có tay, mặt ngồi đệm mút, bọc nỉ
- Tựa ghế viền nhựa bọc lưới, ngả đàn hồi, Tay ghế bằng nhựa Ghế được điều chỉnh độ cao bằng cần hơi
- Chân ghế bằng nhựa
- Sản phẩm sản xuất trên dây chuyền công nghệ được chứng nhận quản lý chất lượng theo tiêu chuẩn: ISO 9001:2015; ISO 14001:2015; ISO 45001:2018";787037;: 405/2025/294/CTTĐG-VNVIC;15/12/2025;…;Bùi Thị Trà Giang
238;;Máy vi tính để bàn;bộ;"FPT
Bộ vi xử lý: Intel® Core™ i5-12400 (Bộ nhớ đệm 18M, lên đến 4,40 GHz)
Ổ cứng: SSD 256GB SATA3
Bộ nhớ trong (Ram): DDR4 8Gb bus 2666
Bảng mạch chủ: Intel® H610 Chipset; 6 x DIMM, Max 64GB, DDR4 3200/3000/2933/2800/2666/2400/2133 Non-ECC
Khe cắm mở rộng: 3 x PCI Express, 1 x PCI slot
Card màn hình onboard: Intel® Integrated graphics UHD 730 processor
Cạc âm thanh : Support 8-channel audio output
Màn hình:  FPT Elead 215'' độ phân giải FHD 1920x1080, sử dụng công nghệ A/LBL (Anti Low Blue Light) để hạn chế tác hại của ánh sáng xanh, tốt hơn cho mắt người sử dụng
Chuột, bàn phím FPT Elead kết nối USB
Bao gồm cài đặt win bản quyền và bảo hành 24 tháng
";12273000;: 405/2025/294/CTTĐG-VNVIC;15/12/2025;…;Bùi Thị Trà Giang
239;;Máy in;bộ;"Brother HL-B2080DW
Máy in laser đen trắng đơn năng khổ A4
Tính năng: In hai mặt tự động, in mạng
Tốc độ in: 34 trang/phút
Bộ nhớ: 64 MB
Độ phân giải: 2400 x 600 dpi
Khay giấy vào 250 tờ, khay giấy ra 100 tờ
Kết nối: USB 20, LAN";4727000;: 405/2025/294/CTTĐG-VNVIC;15/12/2025;…;Bùi Thị Trà Giang
240;;Bàn họp;bộ;"The One / CT2010H2
Kích Thước: W2000 x D1000 x H760 mm
Chất liệu: Gỗ công nghiệp sơn PU cao cấp
 - Bàn họp sơn PU mặt lượn
 - Chân bàn ghép hộp lượn cong soi rãnh trang trí, yếm giữa không đợt";3173000;: 405/2025/294/CTTĐG-VNVIC;15/12/2025;…;Bùi Thị Trà Giang
241;;Ghế họp;bộ;"The One / GHT11
- Kích thước: 420x550x1035
- Mô tả: Khung Ghế gỗ tự nhiên Tần bì (Acacia), phủ veneer, chống mối mọt; đệm tựa mút bọc vải
- Sản phẩm sản xuất trên dây chuyền công nghệ được chứng nhận quản lý chất lượng theo tiêu chuẩn: ISO 9001:2015; ISO 14001:2015; ISO 45001:2018";809000;: 405/2025/294/CTTĐG-VNVIC;15/12/2025;…;Bùi Thị Trà Giang
242;;Tủ tài liệu;bộ;"The One TU09K3BCK
Tủ đựng hồ sơ tài liệu:
- Kích thước: Dài 100 cm x Sâu 45 cm x cao 183 cm
- Kích thước kính: Dài 1015 mm x Rộng 410 mm x 3 mm
Tủ đựng hồ sơ tài liệu:
- Tủ hồ sơ mặt hình chữ nhật
- Tủ gồm 2 khoang
+ Khoang trên có 2 đợt di động, khung cánh kính lùa
+ Khoang dưới có 2 cánh sắt lùa
- Chất liệu: Sắt sơn tĩnh điện màu ghi sáng, tay nắm nhựa
- Sản phẩm sản xuất trên dây chuyền công nghệ được chứng nhận quản lý chất lượng theo tiêu chuẩn: ISO 9001:2015; ISO 14001:2015; ISO 45001:2018";3333333;: 405/2025/294/CTTĐG-VNVIC;15/12/2025;…;Bùi Thị Trà Giang
243;;Tủ đựng trang phục nghi thức;bộ;"The One TMG 983-3K
- Kích thước: 1000x450x1830mm 
- Tủ sắt thẳng đứng, sơn tĩnh điện có 2 khoang;
- Khoang trên có 2 ô cánh mở, khung thép sơn tỉnh điện theo tiêu chuẩn JIS, kính trong suốt, có khóa
- Khoang dưới có 2 ngăn, cánh cửa thép sơn tĩnh điện
- Các cửa mở có khóa và nắm tay cầm riêng biệt";2937000;: 405/2025/294/CTTĐG-VNVIC;15/12/2025;…;Bùi Thị Trà Giang
244;;Giá thiết bị;bộ;"The One GS2K1
Kích Thước: W1030 x D457 x H2000 mm
 - Giá thép đa năng đựng tài liệu
 - Giá chia thành 5 tầng, gồm các đợt cố định
 - Thanh trụ thép hộp chắc chắn
 - Chất liệu: Sắt sơn tĩnh điện cao cấp";2140000;: 405/2025/294/CTTĐG-VNVIC;15/12/2025;…;Bùi Thị Trà Giang
245;;Cây nước lóng lạnh;bộ;"Sơn Hà 09HCB01-W
Cây nước nóng lạnh: chip 3 vòi trắng có khóa trẻ em
Bình chứa Inox SUS 304 an toàn
Kích thước: 340x330x980
Thông số kỹ thuật
+ Điện áp sử dụng  : 220V ~ 240VAC - 50/60Hz
+ Công suất làm nóng: 550W
+ Công suất làm lạnh: 90W
+ Nhiệt độ nước nóng: 85-95°C
+ Nhiệt độ nước lạnh: 0-10°C
+ Có chức năng khóa trẻ em cho phần lấy nước bên nóng 
+ Vỏ tủ làm bằng Tôn sơn tĩnh điện kết hợp với nhựa ABS và PP
+ Kích thước : 340x330x980mm
+ Dòng điện làm mát định mức : 075A
Sản phẩm sản xuất trên dây chuyền công nghệ được chứng nhận quản lý chất lượng theo tiêu chuẩn: ISO 9001:2015;";3500000;: 405/2025/294/CTTĐG-VNVIC;15/12/2025;…;Bùi Thị Trà Giang
246;;Loa kéo Loa kéo tích hợp amply;bộ;"Loa kéo Soundbox 1525G
- Cấu tạo: 1 loa bass 40cm dạng Coil, 1 loa treble dạng họng kèn
- Công suất RMS/Max: 220W/500W
- Pin: 8 - 10 tiếng
- Đi kèm 2 micro không dây UHF hát hay (tùy chọn được kiểu cấp nguồn cho tay micro)
- Kết nối: Bluetooth, Jack cắm hoa sen, SD, USB
- Tiện ích: Màn hiển thị LCD, Có điều khiển từ xa, Chức năng TWS kết nối 2 loa  Có bánh xe dễ dàng di chuyển
- Có chức năng bật/tắt voice khi thay đổi chế độ
- Có chức năng ghi record lại vào thẻ nhớ hoặc usb
- Hỗ trợ nghe nhạc qua thẻ nhớ SD, USB, hát karaoke offline qua USB
- Tặng kèm pin sạc + thay pin có thể thay được
- Kích thước(RxCxS): 446 x 734 x 300 mm
- Trọng lượng: 309 kg";6890000;: 405/2025/294/CTTĐG-VNVIC;15/12/2025;…;Bùi Thị Trà Giang
247;;Bảng ghim nỉ treo tường;bộ;"
Bảng ghim nỉ treo tường:
- Kích thước: R800xC1200 mm
- Mô tả: Bảng có thiết kế khung bằng nhôm sáng bóng sang trọng, gọn nhẹ cùng các góc bo bằng nhựa an toàn cho người sử dụng Ghim cắm ngập không để lại vết  Cốt nhựa chống cong vênh và chịu nước 100% Ở giữa có một lớp cao su dày có độ đàn hồi tốt, giúp ghim tài liệu dễ dàng hơn ";587714;: 405/2025/294/CTTĐG-VNVIC;15/12/2025;…;Bùi Thị Trà Giang
248;;Bảng Foocmaika trắng treo tường;bộ;"
Bảng trắng từ khung nhôm :
- Kích thước: R1600xC1200 mm
- Mô tả: Bảng từ trắng khung nhôm, có thể viết bút dạ loại xóa được, có thể đính thông tin bằng nam châm lên mặt bảng, có khay để bút đi kèm
Sản phẩm sản xuất trên dây chuyền công nghệ được chứng nhận quản lý chất lượng theo tiêu chuẩn: ISO 9001:2015; ";926000;: 405/2025/294/CTTĐG-VNVIC;15/12/2025;…;Bùi Thị Trà Giang
249;;Biển tên phòng;bộ;"
Biển tên phòng:
- Kích thước: 200x300 mm
- Chất liệu mặt inox in UV, nội dung 2 mặt giống nhau Khung mica Có chân tháo rời để lắp đặt 
- Kích thước 20 x 30 cm ";550000;: 405/2025/294/CTTĐG-VNVIC;15/12/2025;…;Bùi Thị Trà Giang
250;;Thiết bị khác: Giá để trống đội;bộ;"
Kích Thước: W1800 x D400 x H950 mm
 - Chất liệu: Sắt sơn tĩnh điện cao cấp";1500000;: 405/2025/294/CTTĐG-VNVIC;15/12/2025;…;Bùi Thị Trà Giang
251;;Trống đội (1 trống cái + 1 sanhpan + 4 trống con);bộ;"
- Kích thước: Trống cái ĐK mặt mika 48cm, Chiều cao thân trống inox 25cm
- Trống con ĐK mặt mika 31cm, chiều cao thân trống đội 22cm
- Bộ trống gồm: 5 chiếc";3979000;: 405/2025/294/CTTĐG-VNVIC;15/12/2025;…;Bùi Thị Trà Giang
252;;Sa bàn tổng thể trường + khung gỗ;bộ;"
Sa bàn tổng thể:
- KT: 1200x1200x1000mm
- Mô hình toàn trường làm bằng chất liệu mica dày 2mm cắt laze:
+ Phần nền đường: thể hiện bằng mica màu ghi, sơn hiệu ứng mặt đường
+ Phần đèn đường, đèn sân trường: thể hiện bằng các cột đèn led ánh sáng trắng, thân kẽm dọc các tuyến đường giao thông, sân trường, khu cây xanh
+ Phần vỉa hè, nền sân: thể hiện bằng vật liệu nhựa chuyên dụng, được sơn màu đa dạng thể hiện tối đa thẩm mĩ vỉa hè, nền sân theo thiết kế
+ Phần lớp học, hiệu bộ, nhà đa năng, cổng tường rào và các khối nhà khác: thể hiện bằng mica cắt laze, sơn màu giống thực tế
+ Phần cây xanh, tiểu cảnh: trồng cây xanh mô hình dọc tuyến đường, và các vị trí theo thiết kế trên sân trường Thế hiện sinh động tiểu cảnh, bồn hoa
+ Phần logo chú thích công trình: cắt khắc laser trên mica trong, thể hiện thông tin dự án
- Kệ sa bàn chất liệu gỗ công nghiệp dày 18mm, phủ verneer xoan đào, ghép vân trang trí sơn pu bóng bảo vệ bề mặt Mặt bệ cao 700mm, phần trên khung kính cường lực 2 lớp 10,38mm, cao 300mm, mài máy siết cạnh bảo vệ mô hình khỏi ngoại lực và chống bụi";25926000;: 405/2025/294/CTTĐG-VNVIC;15/12/2025;…;Bùi Thị Trà Giang
253;;Tủ trưng bày hiện vật thấp (trên kính, dưới gỗ);bộ;"
Tủ trưng bày hiện vật thấp :
- KT: R1200xS400xC1200mm
- Tủ chia làm 2 phần : phần trên khung kính cường lực dày 10,38mm xung quanh,có ngăn kéo kính có thể kéo ra được , dưới là phần bệ gỗ trang trí có cánh mở
- Chất liệu gỗ công nghiệp dày 18mm phủ sơn PU dày 18mm cao cấp đồng màu với nội thất trong phòng";5093000;: 405/2025/294/CTTĐG-VNVIC;15/12/2025;…;Bùi Thị Trà Giang
254;;Giá trang trí;bộ;"
Chất liệu: khung sắt sơn tĩnh điện ,Gỗ MDF phủ Melamine
– Kích thước: Dài:1M x sâu:30cm x Cao:2m";2875000;: 405/2025/294/CTTĐG-VNVIC;15/12/2025;…;Bùi Thị Trà Giang
255;;Kệ trang trí;bộ;"
Chất liệu: khung sắt sơn tĩnh điện ,Gỗ MDF phủ Melamine
– Kích thước: Dài:1M x sâu:30cm x Cao:2m";2875000;: 405/2025/294/CTTĐG-VNVIC;15/12/2025;…;Bùi Thị Trà Giang
256;;Tượng Bác;bộ;"
Tượng Bác:
Chất liệu : Thạch cao phủ màu đồng
KT: R700xC800mm";1157000;: 405/2025/294/CTTĐG-VNVIC;15/12/2025;…;Bùi Thị Trà Giang
257;;Bục tượng Bác;bộ;"
Bục tượng bác:
- Kích thước: Rộng 800 – sâu 600 – cao 1200mm
- Bục tượng bác được làm bằng gỗ công nghiệp sơn PU đồng màu với nội thất trong phòng";3157000;: 405/2025/294/CTTĐG-VNVIC;15/12/2025;…;Bùi Thị Trà Giang
258;;Biển tên phòng;bộ;"
Biển tên phòng:
- Kích thước: 200x300 mm
- Chất liệu mặt inox in UV, nội dung 2 mặt giống nhau Khung mica Có chân tháo rời để lắp đặt 
- Kích thước 20 x 30 cm ";550000;: 405/2025/294/CTTĐG-VNVIC;15/12/2025;…;Bùi Thị Trà Giang
259;;Bộ bàn làm việc giáo viên (bàn máy tính);bộ;"
Bàn ghế dành cho giáo viên:
  - Bàn giáo viên: có đợt, khung ống thép 30x30X1,2mm sơn tĩnh điện, mặt bàn gỗ cao su ghép thanh loại AA dày 18mm Kích thước: W1200 x D600 x H750 mm  Bàn có 1 ngăn kéo, 1 tủ cánh mở có khóa, 1 kệ để CPU và 1 khay để bàn phím, Mặt bàn có lỗ đi dây điện tiện dụng 
 Chắn trước: Làm bằng gỗ cao su ghép thanh loại AA dày 18mm dài bằng chiều dài của khung bàn, cao bằng cao ngăn bàn,  quây bàn gần sát đất   ";2583000;: 405/2025/294/CTTĐG-VNVIC;15/12/2025;…;Bùi Thị Trà Giang
260;;Bộ ghế giáo viên;bộ;"GNV-07-00/ Xuân Hòa
- Ghế ngồi : 560x560x(860-980) Rc=280
- Ghế xoay nhân viên có tay, mặt ngồi đệm mút, bọc nỉ
- Tựa ghế viền nhựa bọc lưới, ngả đàn hồi, Tay ghế bằng nhựa Ghế được điều chỉnh độ cao bằng cần hơi
- Chân ghế bằng nhựa
- Sản phẩm sản xuất trên dây chuyền công nghệ được chứng nhận quản lý chất lượng theo tiêu chuẩn: ISO 9001:2015; ISO 14001:2015; ISO 45001:2018";787037;: 405/2025/294/CTTĐG-VNVIC;15/12/2025;…;Bùi Thị Trà Giang
261;;Máy vi tính để bàn;bộ;"FPT
Bộ vi xử lý: Intel® Core™ i5-12400 (Bộ nhớ đệm 18M, lên đến 4,40 GHz)
Ổ cứng: SSD 256GB SATA3
Bộ nhớ trong (Ram): DDR4 8Gb bus 2666
Bảng mạch chủ: Intel® H610 Chipset; 6 x DIMM, Max 64GB, DDR4 3200/3000/2933/2800/2666/2400/2133 Non-ECC
Khe cắm mở rộng: 3 x PCI Express, 1 x PCI slot
Card màn hình onboard: Intel® Integrated graphics UHD 730 processor
Cạc âm thanh : Support 8-channel audio output
Màn hình:  FPT Elead 215'' độ phân giải FHD 1920x1080, sử dụng công nghệ A/LBL (Anti Low Blue Light) để hạn chế tác hại của ánh sáng xanh, tốt hơn cho mắt người sử dụng
Chuột, bàn phím FPT Elead kết nối USB
Bao gồm cài đặt win bản quyền và bảo hành 24 tháng
";12273000;: 405/2025/294/CTTĐG-VNVIC;15/12/2025;…;Bùi Thị Trà Giang
262;;Bàn học sinh (2 chỗ);bộ;"
- KT bàn: Cao bàn 68 cm, sâu bàn 50 cm, rộng bàn 120 cm  KT khung bàn: Cao khung 66 cm, sâu khung 45 cm, rộng khung 100 cm
 - Kiểu dáng, màu sắc: Bàn ngoại ngữ 02 chỗ ngồi, bàn phẳng, các cạnh, góc mài tròn; kiểu dáng như hình ảnh mô tả; màu sắc tự nhiên theo vân gỗ (đảm bảo thẩm mỹ, phù hợp lứa tuổi và môi trường sư phạm)
 - Kết cấu, vật liệu bàn:
  + Khung bàn: Khung chính, chân bàn bằng thép hộp 50x25mm dày 1,2mm; khung, đố ngăn bàn bằng thép hộp 25x25mm, các xà giằng bằng thép hộp 20x20mm dày 1,0 mm Giằng chữ H có đố đứng giữa Toàn bộ khung bàn được hàn ngấu trong khí CO2, mài nhẵn, sơn tĩnh điện màu ghi, đảm bảo độ bền kết cấu và sơn phủ  Bàn có chân tăng chỉnh giúp kê bàn chắc chắn trên sàn nhà
 + Mặt bàn: Làm bằng gỗ cao su ghép thanh mặt A - B, vân gỗ sáng màu, dày 18mm được sơn phủ kỹ bằng PU 3 lớp màu vàng nhạt
 + Ngăn bàn, chắn trước bàn: Làm bằng tôn tấm gấp cạnh liền hộp, dày 0,6mm có kích thước bằng lòng bên trong của khung, được sơn tĩnh điện màu ghi đảm bảo độ bền kết cấu và sơn phủ
 - Yêu cầu khác: 
 + Kích thước cơ bản của bàn (sai số cho phép của kích thước là ± 5mm), riêng độ dày của gỗ sai số ± 0,5mm";1139000;: 405/2025/294/CTTĐG-VNVIC;15/12/2025;…;Bùi Thị Trà Giang
263;;Ghế ngồi học sinh;bộ;"
- KT ghế: Cao ghế 41 cm, sâu ghế 36 cm, rộng ghế 36 cm
  KT khung ghế: Cao khung 39 cm, sâu khung 34 cm, rộng khung 32 cm
 - Kiểu dáng, màu sắc: Ghế 01 chỗ ngồi, phẳng; kiểu dáng như hình ảnh mô tả; màu sắc tự nhiên theo vân gỗ (đảm bảo thẩm mỹ, phù hợp lứa tuổi và môi trường sư phạm)
 - Kết cấu, vật liệu ghế:
 + Khung ghế: khung bằng thép 20x40 mm, xà phía trước thép hộp 20x20 mm độ dày 1,0mm Toàn bộ khung ghế được hàn ngấu trong khí CO2, mài nhẵn, sơn tĩnh điện màu sáng, đảm bảo thẩm mỹ, độ bền kết cấu và sơn phủ
 + Mặt ghế, tựa ghế: Làm bằng gỗ cao su ghép thanh loại A - B trở lên, vân gỗ sáng màu, dày 18mm được sơn phủ kỹ bằng PU 3 lớp màu vàng nhạt
 - Yêu cầu khác: 
 + Kích thước cơ bản của ghế (sai số cho phép của kích thước là ± 5mm), riêng độ dày của gỗ sai số ± 0,5mm
 + Hàng sản xuất trong năm thực hiện, mới 100%";324000;: 405/2025/294/CTTĐG-VNVIC;15/12/2025;…;Bùi Thị Trà Giang
264;;Tủ tài liệu;bộ;"The One TU09K3BCK
Tủ đựng hồ sơ tài liệu:
- Kích thước: Dài 100 cm x Sâu 45 cm x cao 183 cm
- Kích thước kính: Dài 1015 mm x Rộng 410 mm x 3 mm
Tủ đựng hồ sơ tài liệu:
- Tủ hồ sơ mặt hình chữ nhật
- Tủ gồm 2 khoang
+ Khoang trên có 2 đợt di động, khung cánh kính lùa
+ Khoang dưới có 2 cánh sắt lùa
- Chất liệu: Sắt sơn tĩnh điện màu ghi sáng, tay nắm nhựa
- Sản phẩm sản xuất trên dây chuyền công nghệ được chứng nhận quản lý chất lượng theo tiêu chuẩn: ISO 9001:2015; ISO 14001:2015; ISO 45001:2018";3333333;: 405/2025/294/CTTĐG-VNVIC;15/12/2025;…;Bùi Thị Trà Giang
265;;Cây nước lóng lạnh;bộ;"Sơn Hà 09HCB01-W
Cây nước nóng lạnh 
Cây nước nóng lạnh: chip 3 vòi trắng có khóa trẻ em
Bình chứa Inox SUS 304 an toàn
Thông số kỹ thuật
+ Điện áp sử dụng  : 220V ~ 240VAC - 50/60Hz
+ Công suất làm nóng: 550W
+ Công suất làm lạnh: 90W
+ Nhiệt độ nước nóng: 85-95°C
+ Nhiệt độ nước lạnh: 0-10°C
+ Có chức năng khóa trẻ em cho phần lấy nước bên nóng 
+ Vỏ tủ làm bằng Tôn sơn tĩnh điện kết hợp với nhựa ABS và PP
+ Kích thước : 340x330x980mm
+ Dòng điện làm mát định mức : 075A
Sản phẩm sản xuất trên dây chuyền công nghệ được chứng nhận quản lý chất lượng theo tiêu chuẩn: ISO 9001:2015;";3500000;: 405/2025/294/CTTĐG-VNVIC;15/12/2025;…;Bùi Thị Trà Giang
266;;Bảng ghim nỉ treo tường;bộ;"
Bảng ghim nỉ treo tường:
- Kích thước: R800xC1200 mm
- Mô tả: Bảng có thiết kế khung bằng nhôm sáng bóng sang trọng, gọn nhẹ cùng các góc bo bằng nhựa an toàn cho người sử dụng Ghim cắm ngập không để lại vết  Cốt nhựa chống cong vênh và chịu nước 100% Ở giữa có một lớp cao su dày có độ đàn hồi tốt, giúp ghim tài liệu dễ dàng hơn ";587714;: 405/2025/294/CTTĐG-VNVIC;15/12/2025;…;Bùi Thị Trà Giang
267;;Bảng chống lóa;bộ;"
Bảng trắng từ khung nhôm :
- Kích thước: R1600xC1200 mm
- Mô tả: Bảng từ trắng khung nhôm, có thể viết bút dạ loại xóa được, có thể đính thông tin bằng nam châm lên mặt bảng, có khay để bút đi kèm
Sản phẩm sản xuất trên dây chuyền công nghệ được chứng nhận quản lý chất lượng theo tiêu chuẩn: ISO 9001:2015; ";926000;: 405/2025/294/CTTĐG-VNVIC;15/12/2025;…;Bùi Thị Trà Giang
268;;Tivi màn hình phẳng 43inch, kết nối internet, phụ kiện kết nối;bộ;"LG 43UT8050
- Loại Tivi: Smart Tivi QLED
- Kích cỡ màn hình: 43 inch
- Độ phân giải: 4K (Ultra HD)
- Loại màn hình:LED viền kết hợp Dual LED, VA LCD
- Công nghệ hình ảnh: 
   + Nâng cấp độ phân giải 4K AI Upscaling
   + HDR10
   + HDR Dynamic Tone Mapping
- Bộ xử lý: Bộ xử lý α5 AI Processor 4K Gen7
- Tần số quét thực: 60 Hz
- Điều khiển tivi bằng điện thoại: SmartThings
- Điều khiển bằng giọng nói: Tìm kiếm giọng nói trên YouTube bằng tiếng Việt; Bixby có tiếng Việt";10496000;: 405/2025/294/CTTĐG-VNVIC;15/12/2025;…;Bùi Thị Trà Giang
269;;Biển tên phòng;bộ;"
Biển tên phòng:
- Kích thước: 200x300 mm
- Chất liệu mặt inox in UV, nội dung 2 mặt giống nhau Khung mica Có chân tháo rời để lắp đặt 
- Kích thước 20 x 30 cm ";550000;: 405/2025/294/CTTĐG-VNVIC;15/12/2025;…;Bùi Thị Trà Giang
270;;Bàn làm việc;bộ;"
Bàn ghế dành cho giáo viên:
  - Bàn giáo viên: có đợt, khung ống thép 30x30X1,2mm sơn tĩnh điện, mặt bàn gỗ cao su ghép thanh loại AA dày 18mm Kích thước: W1200 x D600 x H750 mm  Bàn có 1 ngăn kéo, 1 tủ cánh mở có khóa, 1 kệ để CPU và 1 khay để bàn phím, Mặt bàn có lỗ đi dây điện tiện dụng 
 Chắn trước: Làm bằng gỗ cao su ghép thanh loại AA dày 18mm dài bằng chiều dài của khung bàn, cao bằng cao ngăn bàn,  quây bàn gần sát đất   ";2583000;: 405/2025/294/CTTĐG-VNVIC;15/12/2025;…;Bùi Thị Trà Giang
271;;Bộ ghế làm việc;bộ;"GNV-07-00/ Xuân Hòa
- Ghế ngồi : 560x560x(860-980) Rc=280
- Ghế xoay nhân viên có tay, mặt ngồi đệm mút, bọc nỉ
- Tựa ghế viền nhựa bọc lưới, ngả đàn hồi, Tay ghế bằng nhựa Ghế được điều chỉnh độ cao bằng cần hơi
- Chân ghế bằng nhựa
- Sản phẩm sản xuất trên dây chuyền công nghệ được chứng nhận quản lý chất lượng theo tiêu chuẩn: ISO 9001:2015; ISO 14001:2015; ISO 45001:2018";787037;: 405/2025/294/CTTĐG-VNVIC;15/12/2025;…;Bùi Thị Trà Giang
272;;Ghế gấp;bộ;"Xuân Hòa GS-05-00
Ghế gập: 
- Kích thước: 470x460x860 mm
- Mô tả: Kết cấu vững chắc với khung inox 201 D222, đệm tựa mút bọc PVC
Sản phẩm sản xuất trên dây chuyền công nghệ được chứng nhận quản lý chất lượng theo tiêu chuẩn: ISO 9001:2015; ISO 14001:2015; ISO 45001:2018";412000;: 405/2025/294/CTTĐG-VNVIC;15/12/2025;…;Bùi Thị Trà Giang
273;;Tủ thuốc + để dụng cụ y tế;bộ;"
Tủ thuốc + để dụng cụ y tế:
Inox SUS 201
- Kích thước: 800x400x1600
- Mô tả: Khung tủ, cánh tủ 25x25x06mm, đố tủ 25x50x08mm, tấm xung quanh, hồi tủ cánh tủ dày 04mm được gấp liền trên máy thủy lực, tủ được chia làm 2 khoang, khoang trên cánh kính có 2 đợt di động Tủ dưới chia 2 ngăn nhỏ Tủ có khóa phần trên và dưới";3000000;: 405/2025/294/CTTĐG-VNVIC;15/12/2025;…;Bùi Thị Trà Giang
274;;Tủ tài liệu;bộ;"The One TU09K3BCK
Tủ đựng hồ sơ tài liệu:
- Kích thước: Dài 100 cm x Sâu 45 cm x cao 183 cm
- Kích thước kính: Dài 1015 mm x Rộng 410 mm x 3 mm
Tủ đựng hồ sơ tài liệu:
- Tủ hồ sơ mặt hình chữ nhật
- Tủ gồm 2 khoang
+ Khoang trên có 2 đợt di động, khung cánh kính lùa
+ Khoang dưới có 2 cánh sắt lùa
- Chất liệu: Sắt sơn tĩnh điện màu ghi sáng, tay nắm nhựa
- Sản phẩm sản xuất trên dây chuyền công nghệ được chứng nhận quản lý chất lượng theo tiêu chuẩn: ISO 9001:2015; ISO 14001:2015; ISO 45001:2018";3333333;: 405/2025/294/CTTĐG-VNVIC;15/12/2025;…;Bùi Thị Trà Giang
275;;Giường (inox);bộ;"GYT02 / The One
Giường inox:
- Kích thước: D2010xS920xC1700mm
- Mô tả: Giường khung inox SUS201 gồm khung giường và giát giường, hai hồi giường có cọc màn, giát giường Inox liền với khung, phần đầu giường có thể nâng hạ từ 0 đến 45 độ; Đầu giường bằng ống $318x08-1mm; khung giường thép Inox hộp 30x60x08-1mm; giát giường Inox 10x40x05mm";3500000;: 405/2025/294/CTTĐG-VNVIC;15/12/2025;…;Bùi Thị Trà Giang
276;;Đệm bọc da;bộ;"
Đệm bọc da:
- Kích thước: D2000xS900xC50mm
- Mô tả: Đệm cao su non ép nghiền bọc giả da, dày 5 cm";900000;: 405/2025/294/CTTĐG-VNVIC;15/12/2025;…;Bùi Thị Trà Giang
277;;Bộ đo chiều cao cân nặng;bộ;"Cân trọng lượng có thước đo chiều cao TZ – 120
Chiều cao, cân nặng, BMI
Chiều cao 90 ~ 200cm (2ft 114in ~ 6ft 67in) ± 1mm
Khối lượng 2 ~ 250 kg (45 ~ 5533 lbs)
Cân sức khỏe có thước đo chiều cao
Chức năng: Cân trọng lượng cơ thể và đo chiều cao
1 Trọng lượng cơ thể:
Max: 120kg Min: 05kg
2 Đo chiều cao:
Phạm vi đo 70-190cm Dung sai ± 05cm
3 Kích thước mặt bàn cân (L × W): 280 × 380
4 Kích thước tổng thể (Z × W × H): 910 × 340 × 290mm
5 Trọng lượng: 14kg
Sản xuất trong năm thực hiện , mới 100% Bảo hành: 12 tháng";997000;: 405/2025/294/CTTĐG-VNVIC;15/12/2025;…;Bùi Thị Trà Giang
278;;Cây nước lóng lạnh;bộ;"Sơn Hà 09HCB01-W
Cây nước nóng lạnh 
Cây nước nóng lạnh: chip 3 vòi trắng có khóa trẻ em
Bình chứa Inox SUS 304 an toàn
Thông số kỹ thuật
+ Điện áp sử dụng  : 220V ~ 240VAC - 50/60Hz
+ Công suất làm nóng: 550W
+ Công suất làm lạnh: 90W
+ Nhiệt độ nước nóng: 85-95°C
+ Nhiệt độ nước lạnh: 0-10°C
+ Có chức năng khóa trẻ em cho phần lấy nước bên nóng 
+ Vỏ tủ làm bằng Tôn sơn tĩnh điện kết hợp với nhựa ABS và PP
+ Kích thước : 340x330x980mm
+ Dòng điện làm mát định mức : 075A
Sản phẩm sản xuất trên dây chuyền công nghệ được chứng nhận quản lý chất lượng theo tiêu chuẩn: ISO 9001:2015;";3500000;: 405/2025/294/CTTĐG-VNVIC;15/12/2025;…;Bùi Thị Trà Giang
279;;Tủ lạnh;bộ;"Tủ lạnh LG Inverter 217 lít GV-B212WB
Kiểu tủ: ngăn đá trên 2 cánh
Dung tích sử dụng 217 lít (2-3 người); dung tích tổng 235 lít
Kích thước: 1445x555x637
Chất liệu:
- Cửa tủ thép không rỉ
- Khay ngăn lạnh kính cường lực
- Công suất tiêu thụ: 0,92kw/ngày, 335kWh/năm
- Công nghệ Inverter
- Ống dẫn gas bằng nhôm, lá tản nhiệt bằng nhôm
- Công nghệ làm lạnh: Luồng khí lạnh đa chiều Multi Air Flow
- Công nghệ bảo quản thực phẩm: Linear Cooling
- Công nghệ kháng khuẩn, khử mùi: Bộ lọc than hoạt tính";6262000;: 405/2025/294/CTTĐG-VNVIC;15/12/2025;…;Bùi Thị Trà Giang
280;;Biển tên phòng;bộ;"
Biển tên phòng:
- Kích thước: 200x300 mm
- Chất liệu mặt inox in UV, nội dung 2 mặt giống nhau Khung mica Có chân tháo rời để lắp đặt 
- Kích thước 20 x 30 cm ";550000;: 405/2025/294/CTTĐG-VNVIC;15/12/2025;…;Bùi Thị Trà Giang
281;;Thiết bị khác: Bộ thiết bị y tế khám bệnh;bộ;"
Ống nghe y tế
Máy đo huyết áp cơ";926000;: 405/2025/294/CTTĐG-VNVIC;15/12/2025;…;Bùi Thị Trà Giang
282;;Thiết bị khác: Bộ cán nẹp sơ cứu;bộ;"
Quy cách: Bộ gồm 10 thanh, chất liệu bằng gỗ
Chiều rộng các thanh: 55cm
Chiều dài các thanh:
- Thanh 1: 21 cm
- Thanh 2: 29 cm
- Thanh 3: 345 cm
- Thanh 4: 40 cm
- Thanh 5: 45 cm
- Thanh 6: 50 cm
- Thanh 7: 59 cm
- Thanh 8: 69 cm
- Thanh 9: 79 cm
- Thanh 10: 117 cm";150000;: 405/2025/294/CTTĐG-VNVIC;15/12/2025;…;Bùi Thị Trà Giang
283;;Thiết bị khác: Thiết bị đo thị lực;bộ;"
Bảng đo thị lực UZ
Bảng đèn, chất liệu mica, khung viền inox
- Bảng này gồm nhiều chữ cái in hoa, bảng đo tiêu chuẩn sẽ có 11 dòng với dòng đầu tiên chỉ có 2 chữ cái in hoa UZ với kích thước lớn nhất những dòng sau kích thước nhỏ dần và số chữ cũng tăng lên
- Cách sử dụng bảng đo thị lực UZ: Người đo thị lực phải đọc đúng tên chữ cái lần lượt theo hướng dẫn với thứ tự từ trên xuống và từ trái sang phải Khoảng cách giữa bảng và người cần đo thị lực là 5m";556000;: 405/2025/294/CTTĐG-VNVIC;15/12/2025;…;Bùi Thị Trà Giang
284;;Bục phát biểu;bộ;"
- Kích thước: Rộng 800 – sâu 600 – cao 1200mm
- Bục phát biểu được làm bằng gỗ công nghiệp sơn PU đồng màu với nội thất trong phòng";3157000;: 405/2025/294/CTTĐG-VNVIC;15/12/2025;…;Bùi Thị Trà Giang
285;;Bộ âm thanh (Bộ loa, amply, micro);bộ;"TOA HS-1500BT
Micro không dây Shure UGX8 
Bao gồm: 2 Loa, 1 amply, 1 micro
+ Loa thông báo
+ Vỏ loa Loa thùng kín                               
+ Công suất 60W
+ Trở kháng: 100V line: 170Ω(60W), 330Ω(30W), 670Ω(15W), 70V line: 83Ω(60W), 170Ω(30W), 330Ω(15W), 670Ω(15W)
+ Cường độ âm thanh: (1W,1m) 98dB
+ Đáp tuyến tần số 85 – 20,000Hz
+ Tiêu chuẩn chống cháy IP-65
+ Thành phẩm Vỏ : Nhựa Polypropylene Lưới: Thép mạ
Micro không dây :
Tần số sóng mang UHF 610MHz – 660MHz
Đáp ứng tần số 40Hz ~ 18kHz
Điều chế chế độ FM
Ổn định tần số ± 0005%
Độ nhạy -107dbm
Công suất âm thanh Trở kháng 600 Ohm
Độ lệch ± 20KHz
Nguồn cung cấp 210V AC adapter
Thu sóng trong bán kính 300m
Tỷ lệ S / N > 80dB (1kHz-A)
Pin sử dụng liên tục 15 giờ
Amply 6zone
Điện áp : AC220V / 50HZ
Công suất định mức : 120W
Điện áp cố định : 70v / 100v
Điện trở liên tục: 4-16Ω;
Dòng đầu ra : 600Ω / 1V (0dB)
Độ nhạy đầu vào: MIC 1,2 / 600Ω, 20mV, Độ mất cân bằng ; Aux 1,2 / 10kΩ, 100mV, Không cân bằng
Độ nhạy đáp ứng : 100Hz-16KHz
THD : <0,1% KHz
S / N : “MIC 1,2: 66db
Kiểm soát âm lượng : Bass: ± 10dB, ở 100Hz; Treble: ± 10db, ở tốc độ 10KHz
Chế độ ngắt tiếng : Mic 1
Trọng lượng : 137 Kg
Màu : Bạc
Kích thước : 480X75X273mm";23914440;: 405/2025/294/CTTĐG-VNVIC;15/12/2025;…;Bùi Thị Trà Giang
286;;Tủ đựng tài liệu;bộ;"The One TU09K3BCK
Tủ đựng hồ sơ tài liệu:
- Kích thước: Dài 100 cm x Sâu 45 cm x cao 183 cm
- Kích thước kính: Dài 1015 mm x Rộng 410 mm x 3 mm
Tủ đựng hồ sơ tài liệu:
- Tủ hồ sơ mặt hình chữ nhật
- Tủ gồm 2 khoang
+ Khoang trên có 2 đợt di động, khung cánh kính lùa
+ Khoang dưới có 2 cánh sắt lùa
- Chất liệu: Sắt sơn tĩnh điện màu ghi sáng, tay nắm nhựa
- Sản phẩm sản xuất trên dây chuyền công nghệ được chứng nhận quản lý chất lượng theo tiêu chuẩn: ISO 9001:2015; ISO 14001:2015; ISO 45001:2018";3333333;: 405/2025/294/CTTĐG-VNVIC;15/12/2025;…;Bùi Thị Trà Giang
287;;Biển tên phòng;bộ;"
Biển tên phòng:
- Kích thước: 200x300 mm
- Chất liệu mặt inox in UV, nội dung 2 mặt giống nhau Khung mica Có chân tháo rời để lắp đặt 
- Kích thước 20 x 30 cm ";550000;: 405/2025/294/CTTĐG-VNVIC;15/12/2025;…;Bùi Thị Trà Giang
288;;Bộ bàn làm việc;bộ;"
Bàn ghế dành cho giáo viên:
  - Bàn giáo viên: có đợt, khung ống thép 30x30X1,2mm sơn tĩnh điện, mặt bàn gỗ cao su ghép thanh loại AA dày 18mm Kích thước: W1200 x D600 x H750 mm  Bàn có 1 ngăn kéo, 1 tủ cánh mở có khóa, 1 kệ để CPU và 1 khay để bàn phím, Mặt bàn có lỗ đi dây điện tiện dụng 
 Chắn trước: Làm bằng gỗ cao su ghép thanh loại AA dày 18mm dài bằng chiều dài của khung bàn, cao bằng cao ngăn bàn,  quây bàn gần sát đất   ";2583000;: 405/2025/294/CTTĐG-VNVIC;15/12/2025;…;Bùi Thị Trà Giang
289;;Bộ ghế làm việc;bộ;"GNV-07-00/ Xuân Hòa
- Ghế ngồi : 560x560x(860-980) Rc=280
- Ghế xoay nhân viên có tay, mặt ngồi đệm mút, bọc nỉ
- Tựa ghế viền nhựa bọc lưới, ngả đàn hồi, Tay ghế bằng nhựa Ghế được điều chỉnh độ cao bằng cần hơi
- Chân ghế bằng nhựa
- Sản phẩm sản xuất trên dây chuyền công nghệ được chứng nhận quản lý chất lượng theo tiêu chuẩn: ISO 9001:2015; ISO 14001:2015; ISO 45001:2018";787037;: 405/2025/294/CTTĐG-VNVIC;15/12/2025;…;Bùi Thị Trà Giang
290;;Máy vi tính để bàn;bộ;"FPT
Bộ vi xử lý: Intel® Core™ i5-12400 (Bộ nhớ đệm 18M, lên đến 4,40 GHz)
Ổ cứng: SSD 256GB SATA3
Bộ nhớ trong (Ram): DDR4 8Gb bus 2666
Bảng mạch chủ: Intel® H610 Chipset; 6 x DIMM, Max 64GB, DDR4 3200/3000/2933/2800/2666/2400/2133 Non-ECC
Khe cắm mở rộng: 3 x PCI Express, 1 x PCI slot
Card màn hình onboard: Intel® Integrated graphics UHD 730 processor
Cạc âm thanh : Support 8-channel audio output
Màn hình:  FPT Elead 215'' độ phân giải FHD 1920x1080, sử dụng công nghệ A/LBL (Anti Low Blue Light) để hạn chế tác hại của ánh sáng xanh, tốt hơn cho mắt người sử dụng
Chuột, bàn phím FPT Elead kết nối USB
Bao gồm cài đặt win bản quyền và bảo hành 24 tháng
";12273000;: 405/2025/294/CTTĐG-VNVIC;15/12/2025;…;Bùi Thị Trà Giang
291;;Tủ tài liệu;bộ;"The One BRI1960KG
Tủ đựng hồ sơ tài liệu:
- Kích thước: 800x4001960
Tủ đựng hồ sơ tài liệu:
- Tủ hồ sơ mặt hình chữ nhật
- Tủ gồm 2 khoang
+ Khoang trên có 2 đợt di động, khung cánh kính mở, khóa, tay nắm riêng
+ Khoang dưới có 2 cánh mở, khóa và tay nắm riêng
- Chất liệu: gỗ ghép công nghiệp dày 18mm
- Sản phẩm sản xuất trên dây chuyền công nghệ được chứng nhận quản lý chất lượng theo tiêu chuẩn: ISO 9001:2015; ISO 14001:2015; ISO 45001:2018";2600000;: 405/2025/294/CTTĐG-VNVIC;15/12/2025;…;Bùi Thị Trà Giang
292;;Ghế gấp;bộ;"Xuân Hòa GS-05-00
Ghế gập: 
- Kích thước: 470x460x860 mm
- Mô tả: Kết cấu vững chắc với khung inox 201 D222, đệm tựa mút bọc PVC
Sản phẩm sản xuất trên dây chuyền công nghệ được chứng nhận quản lý chất lượng theo tiêu chuẩn: ISO 9001:2015; ISO 14001:2015; ISO 45001:2018";412000;: 405/2025/294/CTTĐG-VNVIC;15/12/2025;…;Bùi Thị Trà Giang
293;;Bảng ghim nỉ treo tường;bộ;"
Bảng ghim nỉ treo tường:
- Kích thước: R800xC1200 mm
- Mô tả: Bảng có thiết kế khung bằng nhôm sáng bóng sang trọng, gọn nhẹ cùng các góc bo bằng nhựa an toàn cho người sử dụng Ghim cắm ngập không để lại vết  Cốt nhựa chống cong vênh và chịu nước 100% Ở giữa có một lớp cao su dày có độ đàn hồi tốt, giúp ghim tài liệu dễ dàng hơn ";587714;: 405/2025/294/CTTĐG-VNVIC;15/12/2025;…;Bùi Thị Trà Giang
294;;Bảng lịch công tác Foocmaika trắng treo tường;bộ;"
Bảng trắng từ khung nhôm :
- Kích thước: R1600xC1200 mm
- Mô tả: Bảng từ trắng khung nhôm, có thể viết bút dạ loại xóa được, có thể đính thông tin bằng nam châm lên mặt bảng, có khay để bút đi kèm
Sản phẩm sản xuất trên dây chuyền công nghệ được chứng nhận quản lý chất lượng theo tiêu chuẩn: ISO 9001:2015; ";926000;: 405/2025/294/CTTĐG-VNVIC;15/12/2025;…;Bùi Thị Trà Giang
295;;Cây nước lóng lạnh;bộ;"Sơn Hà 09HCB01-W
Cây nước nóng lạnh 
Cây nước nóng lạnh: chip 3 vòi trắng có khóa trẻ em
Bình chứa Inox SUS 304 an toàn
Thông số kỹ thuật
+ Điện áp sử dụng  : 220V ~ 240VAC - 50/60Hz
+ Công suất làm nóng: 550W
+ Công suất làm lạnh: 90W
+ Nhiệt độ nước nóng: 85-95°C
+ Nhiệt độ nước lạnh: 0-10°C
+ Có chức năng khóa trẻ em cho phần lấy nước bên nóng 
+ Vỏ tủ làm bằng Tôn sơn tĩnh điện kết hợp với nhựa ABS và PP
+ Kích thước : 340x330x980mm
+ Dòng điện làm mát định mức : 075A
Sản phẩm sản xuất trên dây chuyền công nghệ được chứng nhận quản lý chất lượng theo tiêu chuẩn: ISO 9001:2015;";3500000;: 405/2025/294/CTTĐG-VNVIC;15/12/2025;…;Bùi Thị Trà Giang
296;;Biển tên phòng;bộ;"
Biển tên phòng:
- Kích thước: 200x300 mm
- Chất liệu mặt inox in UV, nội dung 2 mặt giống nhau Khung mica Có chân tháo rời để lắp đặt 
- Kích thước 20 x 30 cm ";550000;: 405/2025/294/CTTĐG-VNVIC;15/12/2025;…;Bùi Thị Trà Giang
297;;Máy photocopy A3;bộ;"
Chức năng tiêu chuẩn: Copy / in / Scan / Network
Màn hình điều khiển: Màn hình cảm ứng màu thông minh , kích thước 7 inch
Tính năng thông báo bằng hình ảnh và âm thanh: Có sẵn
Bảo mật tài liệu mã hóa ổ cứng: Có sẵn
Tốc độ copy: 25 trang/phút
Độ phân giải copy: 600 x 600 dpi
Khổ giấy: A5 - A3
Thời gian khởi động máy tối đa: 22 giây
Thời gian chụp bản đầu tiên tối đa: 45 giây
Dung lượng cấp giấy: 01 khay x 500 tờ/khay, Khay tay: 96 tờ/khay
Bộ nhớ chuẩn (RAM): 4GB, Dung lượng ổ cứng: Ổ SSD 128GB
Chế độ chụp thẻ (ID card copy ): Có
Bộ đảo bản copy tự động: Có sẵn
Bộ nạp và đảo bản gốc tự động: Có sẵn, dung lượng bộ nạp: 110 tờ
Bộ nạp và đảo bản gốc tự động: Có sẵn, dung lượng bộ nạp: 110 tờ
Ngôn ngữ in: PCL5/PCL6
Chức năng Scan mạng màu: Có sẵn
Tốc độ Scan (quét) Màu/trắng đen: 55/55 (trang/ phút)
Scan văn bản tới: PC, Email, USB
Công suất tiêu thụ điện tối đa: 1,76 KW";54545455;: 405/2025/294/CTTĐG-VNVIC;15/12/2025;…;Bùi Thị Trà Giang
298;;Bộ bàn làm việc;bộ;"The One / DT1890H44
Bàn làm việc :
- Kích thước: R1800xS900xC760 mm
- Mô tả:  Làm bằng gỗ công nghiệp sơn PU cao cấp Mặt bàn hình chữ nhật, dày 80mm, trên mặt có tấm PVC trang trí phần ngồi viết Chân bàn sát mép ngoài của bàn Chân thẳng
Bàn không hộc";3309000;: 405/2025/294/CTTĐG-VNVIC;15/12/2025;…;Bùi Thị Trà Giang
299;;Bộ ghế làm việc;bộ;"
Ghế ngồi  : 
- Kích thước: W650 x D640 x H(1120-1250)
- Ghế xoay có mặt ngồi và tựa lưng được bọc đệm mút, da công nghiệp, Chân ghế bánh xe quay 360 độ
- Ghế có thể nâng hạ chiều cao linh hoạt phù hợp với người sử dụng
- Tựa ghế ngả đàn hồi, nâng đỡ lưng người dùng, Tay ghế nhựa đệm mút bọc da cao cấp ";1257000;: 405/2025/294/CTTĐG-VNVIC;15/12/2025;…;Bùi Thị Trà Giang
300;;Máy in;bộ;"Brother HL-B2080DW
Máy in laser đen trắng đơn năng khổ A4
Tính năng: In hai mặt tự động, in mạng
Tốc độ in: 34 trang/phút
Bộ nhớ: 64 MB
Độ phân giải: 2400 x 600 dpi
Khay giấy vào 250 tờ, khay giấy ra 100 tờ
Kết nối: USB 20, LAN";4727000;: 405/2025/294/CTTĐG-VNVIC;15/12/2025;…;Bùi Thị Trà Giang
301;;Máy vi tính để bàn;bộ;"FPT
Bộ vi xử lý: Intel® Core™ i5-12400 (Bộ nhớ đệm 18M, lên đến 4,40 GHz)
Ổ cứng: SSD 256GB SATA3
Bộ nhớ trong (Ram): DDR4 8Gb bus 2666
Bảng mạch chủ: Intel® H610 Chipset; 6 x DIMM, Max 64GB, DDR4 3200/3000/2933/2800/2666/2400/2133 Non-ECC
Khe cắm mở rộng: 3 x PCI Express, 1 x PCI slot
Card màn hình onboard: Intel® Integrated graphics UHD 730 processor
Cạc âm thanh : Support 8-channel audio output
Màn hình:  FPT Elead 215'' độ phân giải FHD 1920x1080, sử dụng công nghệ A/LBL (Anti Low Blue Light) để hạn chế tác hại của ánh sáng xanh, tốt hơn cho mắt người sử dụng
Chuột, bàn phím FPT Elead kết nối USB
Bao gồm cài đặt win bản quyền và bảo hành 24 tháng
";12273000;: 405/2025/294/CTTĐG-VNVIC;15/12/2025;…;Bùi Thị Trà Giang
302;;Bộ bàn ghế tiếp khách;bộ;"The One BSF86, SF701
- Ghế băng Kích thước: W1820 x D620 x H840 mm
- 02 ghế đơn: Bàn: W1100 x D550mm, mặt kính
- Chất liệu khung gỗ, bọc giả da";12500000;: 405/2025/294/CTTĐG-VNVIC;15/12/2025;…;Bùi Thị Trà Giang
303;;Tivi 65 inch;bộ;"Smart Tivi QLED Samsung 4K 65 inch QA65Q65D
Loại Tivi:Smart Tivi QLED
Kích cỡ màn hình:65 inch
Độ phân giải:4K (Ultra HD)
Loại màn hình:Đèn nền: LED viền kết hợp Dual LED, Tấm nền: Hãng không công bố
Hệ điều hành:Tizen™
Chất liệu chân đế:Nhựa
Chất liệu viền tivi:Nhựa
Nơi sản xuất:Việt Nam
Năm ra mắt: 2024
Công nghệ hình ảnh:
Supreme UHD Dimming
Quantum HDR
Quantum Dot
Dual LED
4K Upscaling
Chuyển động mượt Motion Xcelerator
Super Ultra Wide Game View & Game Bar
Giảm độ trễ chơi game Auto Low Latency Mode (ALLM)
Căn chỉnh hình ảnh tự động bảo vệ mắt EyeComfort
Chế độ Game Motion Plus
Ambient Mode
Bộ xử lý:Bộ xử lý Quantum 4K Lite
Tần số quét thực: 60 Hz
Điều khiển tivi bằng điện thoại:
SmartThings
Điều khiển bằng giọng nói:
Tìm kiếm giọng nói trên YouTube bằng tiếng Việt
Bixby có tiếng Việt
Chiếu hình từ điện thoại lên TV:
Tap View
Screen Mirroring
AirPlay 2
Remote thông minh:
Điều khiển One Remote Control tích hợp Solar Cell Remote
Kết nối ứng dụng các thiết bị trong nhà:
SmartThings
Ứng dụng phổ biến:
YouTube
Netflix
Clip TV
FPT Play
MyTV
VieON
Spotify
Trình duyệt web
Amazon Prime video
Apple TV
Tiện ích thông minh khác:
Built in IoT Hub kết nối các thiết bị IoT mà không cần dongle
Multi View chia nhỏ màn hình tivi (có thể kết nối camera gắn rời)
Samsung Daily+ quản lý hoạt động mỗi ngày
Bản đồ 3D các thiết bị kết nối sống động
Công nghệ âm thanh
Tổng công suất loa:
20W
Số lượng loa:
Hãng không công bố
Âm thanh vòm:
Âm thanh chuyển động theo hình ảnh OTS Lite
Các công nghệ khác:
Q-Symphony Next kết hợp loa tivi với loa thanh
Adaptive Sound 
Cổng kết nối
Kết nối Internet:Wi-FiCổng mạng LAN
Kết nối không dây:Bluetooth (Kết nối bàn phím, chuột)
USB2 cổng USB A
Cổng nhận hình ảnh, âm thanh:3 cổng HDMI có 1 cổng HDMI eARC (ARC)
Cổng xuất âm thanh:1 cổng Optical (Digital Audio), 1 cổng eARC (ARC)
Thông tin lắp đặt
Kích thước có chân, đặt bàn:Ngang 145 cm - Cao 8971 cm - Dày 2902 cm
Khối lượng có chân:218 Kg
Kích thước không chân, treo tường:Ngang 145 cm - Cao 8314 cm - Dày 257 cm
Khối lượng không chân:209 Kg
Hãng:Samsung";14545455;: 405/2025/294/CTTĐG-VNVIC;15/12/2025;…;Bùi Thị Trà Giang
304;;Tủ tài liệu;bộ;"DC1840H1
Tủ tài liệu:
- Kích thước: 1800xS400xC2000mm
- Mô tả: Làm bằng gỗ công nghiệp sơn PU đồng màu với nội thất trong phòng 
- Tủ tài liệu 4 buồng, phía trên gồm 2 khoang cánh kính để tài liệu và 2 khoang treo áo,
- Phía dưới có 4 ngăn kéo và hai cánh mở";6906000;: 405/2025/294/CTTĐG-VNVIC;15/12/2025;…;Bùi Thị Trà Giang
305;;Bảng lịch công tác Foocmaika trắng treo tường;bộ;"
Bảng trắng từ khung nhôm :
- Kích thước: R1600xC1200 mm
- Mô tả: Bảng từ trắng khung nhôm, có thể viết bút dạ loại xóa được, có thể đính thông tin bằng nam châm lên mặt bảng, có khay để bút đi kèm
Sản phẩm sản xuất trên dây chuyền công nghệ được chứng nhận quản lý chất lượng theo tiêu chuẩn: ISO 9001:2015; ";926000;: 405/2025/294/CTTĐG-VNVIC;15/12/2025;…;Bùi Thị Trà Giang
306;;Cây nước lóng lạnh;bộ;"Sơn Hà 09HCB01-W
Cây nước nóng lạnh 
Cây nước nóng lạnh: chip 3 vòi trắng có khóa trẻ em
Bình chứa Inox SUS 304 an toàn
Thông số kỹ thuật
+ Điện áp sử dụng  : 220V ~ 240VAC - 50/60Hz
+ Công suất làm nóng: 550W
+ Công suất làm lạnh: 90W
+ Nhiệt độ nước nóng: 85-95°C
+ Nhiệt độ nước lạnh: 0-10°C
+ Có chức năng khóa trẻ em cho phần lấy nước bên nóng 
+ Vỏ tủ làm bằng Tôn sơn tĩnh điện kết hợp với nhựa ABS và PP
+ Kích thước : 340x330x980mm
+ Dòng điện làm mát định mức : 075A
Sản phẩm sản xuất trên dây chuyền công nghệ được chứng nhận quản lý chất lượng theo tiêu chuẩn: ISO 9001:2015;";3500000;: 405/2025/294/CTTĐG-VNVIC;15/12/2025;…;Bùi Thị Trà Giang
307;;Biển tên phòng;bộ;"
Biển tên phòng:
- Kích thước: 200x300 mm
- Chất liệu mặt inox in UV, nội dung 2 mặt giống nhau Khung mica Có chân tháo rời để lắp đặt 
- Kích thước 20 x 30 cm ";550000;: 405/2025/294/CTTĐG-VNVIC;15/12/2025;…;Bùi Thị Trà Giang
308;;Bộ bàn làm việc;bộ;"The One / DT1890H44
Bàn làm việc :
- Kích thước: R1800xS900xC760 mm
- Mô tả:  Làm bằng gỗ công nghiệp sơn PU cao cấp Mặt bàn hình chữ nhật, dày 80mm, trên mặt có tấm PVC trang trí phần ngồi viết Chân bàn sát mép ngoài của bàn Chân thẳng
Bàn không hộc";3309000;: 405/2025/294/CTTĐG-VNVIC;15/12/2025;…;Bùi Thị Trà Giang
309;;Bộ ghế làm việc;bộ;"
Ghế ngồi  : 
- Kích thước: W650 x D640 x H(1120-1250)
- Ghế xoay có mặt ngồi và tựa lưng được bọc đệm mút, da công nghiệp, Chân ghế bánh xe quay 360 độ
- Ghế có thể nâng hạ chiều cao linh hoạt phù hợp với người sử dụng
- Tựa ghế ngả đàn hồi, nâng đỡ lưng người dùng, Tay ghế nhựa đệm mút bọc da cao cấp ";1257000;: 405/2025/294/CTTĐG-VNVIC;15/12/2025;…;Bùi Thị Trà Giang
310;;Máy in;bộ;"Brother HL-B2080DW
Máy in laser đen trắng đơn năng khổ A4
Tính năng: In hai mặt tự động, in mạng
Tốc độ in: 34 trang/phút
Bộ nhớ: 64 MB
Độ phân giải: 2400 x 600 dpi
Khay giấy vào 250 tờ, khay giấy ra 100 tờ
Kết nối: USB 20, LAN";4727000;: 405/2025/294/CTTĐG-VNVIC;15/12/2025;…;Bùi Thị Trà Giang
311;;Máy vi tính để bàn;bộ;"FPT
Bộ vi xử lý: Intel® Core™ i5-12400 (Bộ nhớ đệm 18M, lên đến 4,40 GHz)
Ổ cứng: SSD 256GB SATA3
Bộ nhớ trong (Ram): DDR4 8Gb bus 2666
Bảng mạch chủ: Intel® H610 Chipset; 6 x DIMM, Max 64GB, DDR4 3200/3000/2933/2800/2666/2400/2133 Non-ECC
Khe cắm mở rộng: 3 x PCI Express, 1 x PCI slot
Card màn hình onboard: Intel® Integrated graphics UHD 730 processor
Cạc âm thanh : Support 8-channel audio output
Màn hình:  FPT Elead 215'' độ phân giải FHD 1920x1080, sử dụng công nghệ A/LBL (Anti Low Blue Light) để hạn chế tác hại của ánh sáng xanh, tốt hơn cho mắt người sử dụng
Chuột, bàn phím FPT Elead kết nối USB
Bao gồm cài đặt win bản quyền và bảo hành 24 tháng
";12273000;: 405/2025/294/CTTĐG-VNVIC;15/12/2025;…;Bùi Thị Trà Giang
312;;Bộ bàn họp - tiếp khách;bộ;"The One
- Kích thước: R2000 x S1000 x C760 mm
- Loại 6 chỗ ngồi
- Mặt bàn lượn Chân bàn ghép hộp trang trí giấy khác màu, yếm giữa không đợt
- Chất liệu: Gỗ công nghiệp sơn PU cao cấp đồng màu với nội thất trong phòng ";3173000;: 405/2025/294/CTTĐG-VNVIC;15/12/2025;…;Bùi Thị Trà Giang
313;;Ghế họp;bộ;"The One / GHT12
- Kích thước: 420x550x1035
- Mô tả: Khung Ghế gỗ tự nhiên Tần bì (Acacia), phủ veneer, chống mối mọt; đệm tựa mút bọc vải
Sản phẩm sản xuất trên dây chuyền công nghệ được chứng nhận quản lý chất lượng theo tiêu chuẩn: ISO 9001:2015; ISO 14001:2015; ISO 45001:2018";809000;: 405/2025/294/CTTĐG-VNVIC;15/12/2025;…;Bùi Thị Trà Giang
314;;Tivi 65 inch;bộ;"Smart Tivi QLED Samsung 4K 65 inch QA65Q65D
Loại Tivi:Smart Tivi QLED
Kích cỡ màn hình:65 inch
Độ phân giải:4K (Ultra HD)
Loại màn hình:Đèn nền: LED viền kết hợp Dual LED, Tấm nền: Hãng không công bố
Hệ điều hành:Tizen™
Chất liệu chân đế:Nhựa
Chất liệu viền tivi:Nhựa
Nơi sản xuất:Việt Nam
Năm ra mắt: 2024
Công nghệ hình ảnh:
Supreme UHD Dimming
Quantum HDR
Quantum Dot
Dual LED
4K Upscaling
Chuyển động mượt Motion Xcelerator
Super Ultra Wide Game View & Game Bar
Giảm độ trễ chơi game Auto Low Latency Mode (ALLM)
Căn chỉnh hình ảnh tự động bảo vệ mắt EyeComfort
Chế độ Game Motion Plus
Ambient Mode
Bộ xử lý:Bộ xử lý Quantum 4K Lite
Tần số quét thực: 60 Hz
Điều khiển tivi bằng điện thoại:
SmartThings
Điều khiển bằng giọng nói:
Tìm kiếm giọng nói trên YouTube bằng tiếng Việt
Bixby có tiếng Việt
Chiếu hình từ điện thoại lên TV:
Tap View
Screen Mirroring
AirPlay 2
Remote thông minh:
Điều khiển One Remote Control tích hợp Solar Cell Remote
Kết nối ứng dụng các thiết bị trong nhà:
SmartThings
Ứng dụng phổ biến:
YouTube
Netflix
Clip TV
FPT Play
MyTV
VieON
Spotify
Trình duyệt web
Amazon Prime video
Apple TV
Tiện ích thông minh khác:
Built in IoT Hub kết nối các thiết bị IoT mà không cần dongle
Multi View chia nhỏ màn hình tivi (có thể kết nối camera gắn rời)
Samsung Daily+ quản lý hoạt động mỗi ngày
Bản đồ 3D các thiết bị kết nối sống động
Công nghệ âm thanh
Tổng công suất loa:
20W
Số lượng loa:
Hãng không công bố
Âm thanh vòm:
Âm thanh chuyển động theo hình ảnh OTS Lite
Các công nghệ khác:
Q-Symphony Next kết hợp loa tivi với loa thanh
Adaptive Sound 
Cổng kết nối
Kết nối Internet:Wi-FiCổng mạng LAN
Kết nối không dây:Bluetooth (Kết nối bàn phím, chuột)
USB2 cổng USB A
Cổng nhận hình ảnh, âm thanh:3 cổng HDMI có 1 cổng HDMI eARC (ARC)
Cổng xuất âm thanh:1 cổng Optical (Digital Audio), 1 cổng eARC (ARC)
Thông tin lắp đặt
Kích thước có chân, đặt bàn:Ngang 145 cm - Cao 8971 cm - Dày 2902 cm
Khối lượng có chân:218 Kg
Kích thước không chân, treo tường:Ngang 145 cm - Cao 8314 cm - Dày 257 cm
Khối lượng không chân:209 Kg
Hãng:Samsung";14545455;: 405/2025/294/CTTĐG-VNVIC;15/12/2025;…;Bùi Thị Trà Giang
315;;Tủ tài liệu;bộ;"The One / Xuân Hòa: DC1350H1 / TGD-02-01 PU
Tủ tài liệu:
- Kích thước: R1350xS450xC2000mm
- Mô tả: Làm bằng gỗ công nghiệp sơn PU đồng màu với nội thất trong phòng Tủ gồm 2 phần: Phần trên 2 cánh kính, 1 cánh gỗ Phần dưới 2 cánh gỗ mở và hộc 3 ngăn kéo";4500000;: 405/2025/294/CTTĐG-VNVIC;15/12/2025;…;Bùi Thị Trà Giang
316;;Bảng lịch công tác Foocmaika trắng treo tường;bộ;"
Bảng trắng từ khung nhôm :
- Kích thước: R1600xC1200 mm
- Mô tả: Bảng từ trắng khung nhôm, có thể viết bút dạ loại xóa được, có thể đính thông tin bằng nam châm lên mặt bảng, có khay để bút đi kèm
Sản phẩm sản xuất trên dây chuyền công nghệ được chứng nhận quản lý chất lượng theo tiêu chuẩn: ISO 9001:2015; ";926000;: 405/2025/294/CTTĐG-VNVIC;15/12/2025;…;Bùi Thị Trà Giang
317;;Cây nước lóng lạnh;bộ;"Sơn Hà 09HCB01-W
Cây nước nóng lạnh 
Cây nước nóng lạnh: chip 3 vòi trắng có khóa trẻ em
Bình chứa Inox SUS 304 an toàn
Thông số kỹ thuật
+ Điện áp sử dụng  : 220V ~ 240VAC - 50/60Hz
+ Công suất làm nóng: 550W
+ Công suất làm lạnh: 90W
+ Nhiệt độ nước nóng: 85-95°C
+ Nhiệt độ nước lạnh: 0-10°C
+ Có chức năng khóa trẻ em cho phần lấy nước bên nóng 
+ Vỏ tủ làm bằng Tôn sơn tĩnh điện kết hợp với nhựa ABS và PP
+ Kích thước : 340x330x980mm
+ Dòng điện làm mát định mức : 075A
Sản phẩm sản xuất trên dây chuyền công nghệ được chứng nhận quản lý chất lượng theo tiêu chuẩn: ISO 9001:2015;";3500000;: 405/2025/294/CTTĐG-VNVIC;15/12/2025;…;Bùi Thị Trà Giang
318;;Biển tên phòng;bộ;"
Biển tên phòng:
- Kích thước: 200x300 mm
- Chất liệu mặt inox in UV, nội dung 2 mặt giống nhau Khung mica Có chân tháo rời để lắp đặt 
- Kích thước 20 x 30 cm ";550000;: 405/2025/294/CTTĐG-VNVIC;15/12/2025;…;Bùi Thị Trà Giang
319;;Bộ bàn làm việc;bộ;"
Bàn ghế dành cho giáo viên:
  - Bàn giáo viên: có đợt, khung ống thép 30x30X1,2mm sơn tĩnh điện, mặt bàn gỗ cao su ghép thanh loại AA dày 18mm Kích thước: W1200 x D600 x H750 mm  Bàn có 1 ngăn kéo, 1 tủ cánh mở có khóa, 1 kệ để CPU và 1 khay để bàn phím, Mặt bàn có lỗ đi dây điện tiện dụng 
 Chắn trước: Làm bằng gỗ cao su ghép thanh loại AA dày 18mm dài bằng chiều dài của khung bàn, cao bằng cao ngăn bàn,  quây bàn gần sát đất   ";2583000;: 405/2025/294/CTTĐG-VNVIC;15/12/2025;…;Bùi Thị Trà Giang
320;;Bộ ghế làm việc;bộ;"GNV-07-00/ Xuân Hòa
- Ghế ngồi : 560x560x(860-980) Rc=280
- Ghế xoay nhân viên có tay, mặt ngồi đệm mút, bọc nỉ
- Tựa ghế viền nhựa bọc lưới, ngả đàn hồi, Tay ghế bằng nhựa Ghế được điều chỉnh độ cao bằng cần hơi
- Chân ghế bằng nhựa
- Sản phẩm sản xuất trên dây chuyền công nghệ được chứng nhận quản lý chất lượng theo tiêu chuẩn: ISO 9001:2015; ISO 14001:2015; ISO 45001:2018";787037;: 405/2025/294/CTTĐG-VNVIC;15/12/2025;…;Bùi Thị Trà Giang
321;;Máy vi tính để bàn;bộ;"FPT
Bộ vi xử lý: Intel® Core™ i5-12400 (Bộ nhớ đệm 18M, lên đến 4,40 GHz)
Ổ cứng: SSD 256GB SATA3
Bộ nhớ trong (Ram): DDR4 8Gb bus 2666
Bảng mạch chủ: Intel® H610 Chipset; 6 x DIMM, Max 64GB, DDR4 3200/3000/2933/2800/2666/2400/2133 Non-ECC
Khe cắm mở rộng: 3 x PCI Express, 1 x PCI slot
Card màn hình onboard: Intel® Integrated graphics UHD 730 processor
Cạc âm thanh : Support 8-channel audio output
Màn hình:  FPT Elead 215'' độ phân giải FHD 1920x1080, sử dụng công nghệ A/LBL (Anti Low Blue Light) để hạn chế tác hại của ánh sáng xanh, tốt hơn cho mắt người sử dụng
Chuột, bàn phím FPT Elead kết nối USB
Bao gồm cài đặt win bản quyền và bảo hành 24 tháng
";12273000;: 405/2025/294/CTTĐG-VNVIC;15/12/2025;…;Bùi Thị Trà Giang
322;;Máy in;bộ;"Brother HL-B2080DW
Máy in laser đen trắng đơn năng khổ A4
Tính năng: In hai mặt tự động, in mạng
Tốc độ in: 34 trang/phút
Bộ nhớ: 64 MB
Độ phân giải: 2400 x 600 dpi
Khay giấy vào 250 tờ, khay giấy ra 100 tờ
Kết nối: USB 20, LAN";4727000;: 405/2025/294/CTTĐG-VNVIC;15/12/2025;…;Bùi Thị Trà Giang
323;;Cây nước lóng lạnh;bộ;"Sơn Hà 09HCB01-W
Cây nước nóng lạnh: chip 3 vòi trắng có khóa trẻ em
Bình chứa Inox SUS 304 an toàn
Kích thước: 340x330x980
Thông số kỹ thuật
+ Điện áp sử dụng  : 220V ~ 240VAC - 50/60Hz
+ Công suất làm nóng: 550W
+ Công suất làm lạnh: 90W
+ Nhiệt độ nước nóng: 85-95°C
+ Nhiệt độ nước lạnh: 0-10°C
+ Có chức năng khóa trẻ em cho phần lấy nước bên nóng 
+ Vỏ tủ làm bằng Tôn sơn tĩnh điện kết hợp với nhựa ABS và PP
+ Kích thước : 340x330x980mm
+ Dòng điện làm mát định mức : 075A
Sản phẩm sản xuất trên dây chuyền công nghệ được chứng nhận quản lý chất lượng theo tiêu chuẩn: ISO 9001:2015;";3500000;: 405/2025/294/CTTĐG-VNVIC;15/12/2025;…;Bùi Thị Trà Giang
324;;Tủ tài liệu;bộ;"The One BRI1960KG
Tủ đựng hồ sơ tài liệu:
- Kích thước: 800x4001960
Tủ đựng hồ sơ tài liệu:
- Tủ hồ sơ mặt hình chữ nhật
- Tủ gồm 2 khoang
+ Khoang trên có 2 đợt di động, khung cánh kính mở, khóa, tay nắm riêng
+ Khoang dưới có 2 cánh mở, khóa và tay nắm riêng
- Chất liệu: gỗ ghép công nghiệp dày 18mm
- Sản phẩm sản xuất trên dây chuyền công nghệ được chứng nhận quản lý chất lượng theo tiêu chuẩn: ISO 9001:2015; ISO 14001:2015; ISO 45001:2018";2600000;: 405/2025/294/CTTĐG-VNVIC;15/12/2025;…;Bùi Thị Trà Giang
325;;Bảng ghim nỉ treo tường;bộ;"
Bảng ghim nỉ treo tường:
- Kích thước: R800xC1200 mm
- Mô tả: Bảng có thiết kế khung bằng nhôm sáng bóng sang trọng, gọn nhẹ cùng các góc bo bằng nhựa an toàn cho người sử dụng Ghim cắm ngập không để lại vết  Cốt nhựa chống cong vênh và chịu nước 100% Ở giữa có một lớp cao su dày có độ đàn hồi tốt, giúp ghim tài liệu dễ dàng hơn ";587714;: 405/2025/294/CTTĐG-VNVIC;15/12/2025;…;Bùi Thị Trà Giang
326;;Bảng lịch công tác Foocmaika trắng treo tường;bộ;"
Bảng trắng từ khung nhôm :
- Kích thước: R1600xC1200 mm
- Mô tả: Bảng từ trắng khung nhôm, có thể viết bút dạ loại xóa được, có thể đính thông tin bằng nam châm lên mặt bảng, có khay để bút đi kèm
Sản phẩm sản xuất trên dây chuyền công nghệ được chứng nhận quản lý chất lượng theo tiêu chuẩn: ISO 9001:2015; ";926000;: 405/2025/294/CTTĐG-VNVIC;15/12/2025;…;Bùi Thị Trà Giang
327;;Biển tên phòng;bộ;"
Biển tên phòng:
- Kích thước: 200x300 mm
- Chất liệu mặt inox in UV, nội dung 2 mặt giống nhau Khung mica Có chân tháo rời để lắp đặt 
- Kích thước 20 x 30 cm ";550000;: 405/2025/294/CTTĐG-VNVIC;15/12/2025;…;Bùi Thị Trà Giang
328;;Tủ đựng tài liệu;bộ;"The One TU09K3BCK
Tủ đựng hồ sơ tài liệu:
- Kích thước: Dài 100 cm x Sâu 45 cm x cao 183 cm
- Kích thước kính: Dài 1015 mm x Rộng 410 mm x 3 mm
Tủ đựng hồ sơ tài liệu:
- Tủ hồ sơ mặt hình chữ nhật
- Tủ gồm 2 khoang
+ Khoang trên có 2 đợt di động, khung cánh kính lùa
+ Khoang dưới có 2 cánh sắt lùa
- Chất liệu: Sắt sơn tĩnh điện màu ghi sáng, tay nắm nhựa
- Sản phẩm sản xuất trên dây chuyền công nghệ được chứng nhận quản lý chất lượng theo tiêu chuẩn: ISO 9001:2015; ISO 14001:2015; ISO 45001:2018";3333333;: 405/2025/294/CTTĐG-VNVIC;15/12/2025;…;Bùi Thị Trà Giang
329;;Biển tên phòng;bộ;"
Biển tên phòng:
- Kích thước: 200x300 mm
- Chất liệu mặt inox in UV, nội dung 2 mặt giống nhau Khung mica Có chân tháo rời để lắp đặt 
- Kích thước 20 x 30 cm ";550000;: 405/2025/294/CTTĐG-VNVIC;15/12/2025;…;Bùi Thị Trà Giang
330;;Bàn họp;bộ;"The One BHT12DH1
Bàn họp:
- Kích thước: 1200x500x750 mm
- Loại 2 chỗ ngồi
Chất liệu:
- Chất liệu: Gỗ công nghiệp sơn PU cao cấp
- Bàn hội trường gỗ sơn PU mặt chữ nhật
- Yếm trang trí quả trám
- Yếm sát đất";2290000;: 405/2025/294/CTTĐG-VNVIC;15/12/2025;…;Bùi Thị Trà Giang
331;;Ghế họp;bộ;"The One / GHT13
- Kích thước: 420x550x1035
- Mô tả: Khung Ghế gỗ tự nhiên Tần bì (Acacia), phủ veneer, chống mối mọt; đệm tựa mút bọc vải
Sản phẩm sản xuất trên dây chuyền công nghệ được chứng nhận quản lý chất lượng theo tiêu chuẩn: ISO 9001:2015; ISO 14001:2015; ISO 45001:2018";809000;: 405/2025/294/CTTĐG-VNVIC;15/12/2025;…;Bùi Thị Trà Giang
332;;Bàn quây họp;bộ;"The One BHT12DH1
Bàn quây họp:
- Kích thước: 6600x2200x760mm
- Chất liệu: Bằng gỗ công nghiệp sơn PU
- Bàn quây rỗng giữa 800mm, 4  góc  lượn cong, yếm sát đất
Gỗ đạt tiêu chuẩn:
- Tiêu chuẩn quốc gia TCVN 13181:2020 về ván gỗ nhân tạo - ván sợi sản xuất theo phương pháp khô
-  Tiêu chuẩn quốc gia TCVN 11205:2015 (ISO 13609:2014) về Ván gỗ nhân tạo, Gỗ dán – Ván ép từ thanh dày và ván ghép từ thanh trung bình
-  Tiêu chuẩn quốc gia TCVN 2097:2015 Kiểm tra độ bền màng sơn bề mặt sản phẩm
Sản phẩm được sản xuất đạt tiêu chuẩn TCVN 5373:2020 về đồ gỗ nội thất ";22097000;: 405/2025/294/CTTĐG-VNVIC;15/12/2025;…;Bùi Thị Trà Giang
333;;Tượng Bác;bộ;"
Tượng Bác:
Chất liệu : Thạch cao phủ màu đồng
KT: R700xC800mm";1157000;: 405/2025/294/CTTĐG-VNVIC;15/12/2025;…;Bùi Thị Trà Giang
334;;Bục tượng Bác;bộ;"
Bục tượng bác:
- Kích thước: Rộng 800 – sâu 600 – cao 1200mm
- Bục tượng bác được làm bằng gỗ công nghiệp sơn PU đồng màu với nội thất trong phòng";3157000;: 405/2025/294/CTTĐG-VNVIC;15/12/2025;…;Bùi Thị Trà Giang
335;;Bục phát biểu;bộ;"
- Kích thước: Rộng 800 – sâu 600 – cao 1200mm
- Bục phát biểu được làm bằng gỗ công nghiệp sơn PU đồng màu với nội thất trong phòng";3157000;: 405/2025/294/CTTĐG-VNVIC;15/12/2025;…;Bùi Thị Trà Giang
336;;Cây nước lóng lạnh;bộ;"Sơn Hà 09HCB01-W
Cây nước nóng lạnh: chip 3 vòi trắng có khóa trẻ em
Bình chứa Inox SUS 304 an toàn
Kích thước: 340x330x980
Thông số kỹ thuật
+ Điện áp sử dụng  : 220V ~ 240VAC - 50/60Hz
+ Công suất làm nóng: 550W
+ Công suất làm lạnh: 90W
+ Nhiệt độ nước nóng: 85-95°C
+ Nhiệt độ nước lạnh: 0-10°C
+ Có chức năng khóa trẻ em cho phần lấy nước bên nóng 
+ Vỏ tủ làm bằng Tôn sơn tĩnh điện kết hợp với nhựa ABS và PP
+ Kích thước : 340x330x980mm
+ Dòng điện làm mát định mức : 075A
Sản phẩm sản xuất trên dây chuyền công nghệ được chứng nhận quản lý chất lượng theo tiêu chuẩn: ISO 9001:2015;";3500000;: 405/2025/294/CTTĐG-VNVIC;15/12/2025;…;Bùi Thị Trà Giang
337;;Màn hình Led trong nhà P25;m2;"
Kích thước: 4800x2700
Kích thước  Module: 320 x 160
-Module LED P25
-Cấu tạo bóng LED: 1R1G1B 3 in 1 SMD2121
-Cường độ sáng: ≥ 1500 cd/sqm
- Số màu hiển thị tối thiểu: >16,7 triệu màu
- Nhiệt độ: -30 đến 60 độ
- Nhiệt độ màu: 6500 độ K
- Góc nhìn ngang (Độ sáng 50%) : 140 (-70 ~ +70) độ
- Góc nhìn dọc (Độ sáng 50%):  140 (-70 ~ +70) độ
- Khoảng cách xem tối thiểu được khuyến nghị: 1,9m
- Độ tương phản: 1000:01:00
- Tỉ lệ khung hình video: 60 Hz
- Hiển thị tốc độ làm mới: 980 ~ 3000 Hz
- Điện áp đầu vào: 110 đến 240 VAC
- Tần số nguồn đầu vào: 50 đến 60 Hz
- Công suất đầu vào (tối đa): 600 Watts / panel
- Tuổi thọ (với cường độ sáng 50%): 100000 giờ
- Định dạng dữ liệu đa phương tiện: DVI, MPG, AVI, WMV, RM, vv
- Kết nối dữ liệu: UTP Cat 5e/ Cat6 / Cáp quang";10700000;: 405/2025/294/CTTĐG-VNVIC;15/12/2025;…;Bùi Thị Trà Giang
338;;Hệ thống điều khiển;bộ;"
Hệ thống điều khiển đèn Led:
- Bộ điều khiển online bao gồm card thu LINSN 908m32, CARD phát LINSN TS 801, bộ xử lý hình ảnh VP9000";8000000;: 405/2025/294/CTTĐG-VNVIC;15/12/2025;…;Bùi Thị Trà Giang
339;;Phụ kiện lắp đặt hoàn thiện màn hình led;m2;"
- Hệ thống điện, tín hiệu chạy ổn định màn hình led
- Aptomat MCCB 3P 320A
- Dây nguồn vào màn hình (chủ đầu tư cấp tới chân công trình)
- Dây tín hiệu Cat6
- Dây dẫn, dây tín hiệu bên trong màn hình
- Chi phí lắp đặt, vận chuyển đến công trình";1000000;: 405/2025/294/CTTĐG-VNVIC;15/12/2025;…;Bùi Thị Trà Giang
340;;Hệ thống giàn khung đỡ màn hình và các phụ kiện kèm theo;m2;"
- Hệ thống điện, tín hiệu chạy ổn định màn hình led
- Aptomat MCCB 3P 320A
- Dây nguồn vào màn hình (chủ đầu tư cấp tới chân công trình)
- Dây tín hiệu Cat6
- Dây dẫn, dây tín hiệu bên trong màn hình
- Chi phí lắp đặt, vận chuyển đến công trình";1000000;: 405/2025/294/CTTĐG-VNVIC;15/12/2025;…;Bùi Thị Trà Giang
341;;Biển tên phòng;bộ;"
Biển tên phòng:
- Kích thước: 200x300 mm
- Chất liệu mặt inox in UV, nội dung 2 mặt giống nhau Khung mica Có chân tháo rời để lắp đặt 
- Kích thước 20 x 30 cm ";550000;: 405/2025/294/CTTĐG-VNVIC;15/12/2025;…;Bùi Thị Trà Giang
342;;Các thiết bị khác: Bộ âm thanh (Bộ loa, amply, micro);bộ;"TOA HS-1500BT
Micro không dây Shure UGX8 
Bao gồm: 2 Loa, 1 amply, 1 micro
+ Loa thông báo
+ Vỏ loa Loa thùng kín                               
+ Công suất 60W
+ Trở kháng: 100V line: 170Ω(60W), 330Ω(30W), 670Ω(15W), 70V line: 83Ω(60W), 170Ω(30W), 330Ω(15W), 670Ω(15W)
+ Cường độ âm thanh: (1W,1m) 98dB
+ Đáp tuyến tần số 85 – 20,000Hz
+ Tiêu chuẩn chống cháy IP-65
+ Thành phẩm Vỏ : Nhựa Polypropylene Lưới: Thép mạ
Micro không dây :
Tần số sóng mang UHF 610MHz – 660MHz
Đáp ứng tần số 40Hz ~ 18kHz
Điều chế chế độ FM
Ổn định tần số ± 0005%
Độ nhạy -107dbm
Công suất âm thanh Trở kháng 600 Ohm
Độ lệch ± 20KHz
Nguồn cung cấp 210V AC adapter
Thu sóng trong bán kính 300m
Tỷ lệ S / N > 80dB (1kHz-A)
Pin sử dụng liên tục 15 giờ
Amply 6zone
Điện áp : AC220V / 50HZ
Công suất định mức : 120W
Điện áp cố định : 70v / 100v
Điện trở liên tục: 4-16Ω;
Dòng đầu ra : 600Ω / 1V (0dB)
Độ nhạy đầu vào: MIC 1,2 / 600Ω, 20mV, Độ mất cân bằng ; Aux 1,2 / 10kΩ, 100mV, Không cân bằng
Độ nhạy đáp ứng : 100Hz-16KHz
THD : <0,1% KHz
S / N : “MIC 1,2: 66db
Kiểm soát âm lượng : Bass: ± 10dB, ở 100Hz; Treble: ± 10db, ở tốc độ 10KHz
Chế độ ngắt tiếng : Mic 1
Trọng lượng : 137 Kg
Màu : Bạc
Kích thước : 480X75X273mm";23914440;: 405/2025/294/CTTĐG-VNVIC;15/12/2025;…;Bùi Thị Trà Giang
343;;"Khẩu hiệu ""ĐẢNG CỘNG SẢN VIỆT NAM QUANG VINH - MUÔN NĂM""";bộ;"
Bảng khẩu hiệu ""ĐẢNG CỘNG SẢN VIỆT NAM QUANG VINH MUÔN NĂM"" 
- Kích thước: 7000x600mm
- Khung bằng thép hộp 20x20mm, mặt biển mica hoặc aluminum đỏ 3mm, chữ bằng Mica gương vàng cắt CNC, uốn nổi bằng chân formex hoặc chữ nổi cắt Aluminum  ";4333000;: 405/2025/294/CTTĐG-VNVIC;15/12/2025;…;Bùi Thị Trà Giang
344;;Tủ tài liệu;bộ;"The One TU09K3BCK
Tủ đựng hồ sơ tài liệu:
- Kích thước: Dài 100 cm x Sâu 45 cm x cao 183 cm
- Kích thước kính: Dài 1015 mm x Rộng 410 mm x 3 mm
Tủ đựng hồ sơ tài liệu:
- Tủ hồ sơ mặt hình chữ nhật
- Tủ gồm 2 khoang
+ Khoang trên có 2 đợt di động, khung cánh kính lùa
+ Khoang dưới có 2 cánh sắt lùa
- Chất liệu: Sắt sơn tĩnh điện màu ghi sáng, tay nắm nhựa
- Sản phẩm sản xuất trên dây chuyền công nghệ được chứng nhận quản lý chất lượng theo tiêu chuẩn: ISO 9001:2015; ISO 14001:2015; ISO 45001:2018";3333333;: 405/2025/294/CTTĐG-VNVIC;15/12/2025;…;Bùi Thị Trà Giang
345;;Biển tên phòng;bộ;"
Biển tên phòng:
- Kích thước: 200x300 mm
- Chất liệu mặt inox in UV, nội dung 2 mặt giống nhau Khung mica Có chân tháo rời để lắp đặt 
- Kích thước 20 x 30 cm ";550000;: 405/2025/294/CTTĐG-VNVIC;15/12/2025;…;Bùi Thị Trà Giang
346;;Bộ bàn làm việc;bộ;"
Bàn ghế dành cho giáo viên:
  - Bàn giáo viên: có đợt, khung ống thép 30x30X1,2mm sơn tĩnh điện, mặt bàn gỗ cao su ghép thanh loại AA dày 18mm Kích thước: W1200 x D600 x H750 mm  Bàn có 1 ngăn kéo, 1 tủ cánh mở có khóa, 1 kệ để CPU và 1 khay để bàn phím, Mặt bàn có lỗ đi dây điện tiện dụng 
 Chắn trước: Làm bằng gỗ cao su ghép thanh loại AA dày 18mm dài bằng chiều dài của khung bàn, cao bằng cao ngăn bàn,  quây bàn gần sát đất   ";2583000;: 405/2025/294/CTTĐG-VNVIC;15/12/2025;…;Bùi Thị Trà Giang
347;;Bộ ghế làm việc;bộ;"GNV-07-00/ Xuân Hòa
- Ghế ngồi : 560x560x(860-980) Rc=280
- Ghế xoay nhân viên có tay, mặt ngồi đệm mút, bọc nỉ
- Tựa ghế viền nhựa bọc lưới, ngả đàn hồi, Tay ghế bằng nhựa Ghế được điều chỉnh độ cao bằng cần hơi
- Chân ghế bằng nhựa
- Sản phẩm sản xuất trên dây chuyền công nghệ được chứng nhận quản lý chất lượng theo tiêu chuẩn: ISO 9001:2015; ISO 14001:2015; ISO 45001:2018";787037;: 405/2025/294/CTTĐG-VNVIC;15/12/2025;…;Bùi Thị Trà Giang
348;;Máy vi tính để bàn;bộ;"
Bộ vi xử lý: Intel® Core™ i5-12400 (Bộ nhớ đệm 18M, lên đến 4,40 GHz)
Ổ cứng: SSD 256GB SATA3
Bộ nhớ trong (Ram): DDR4 8Gb bus 2666
Bảng mạch chủ: Intel® H610 Chipset; 6 x DIMM, Max 64GB, DDR4 3200/3000/2933/2800/2666/2400/2133 Non-ECC
Khe cắm mở rộng: 3 x PCI Express, 1 x PCI slot
Card màn hình onboard: Intel® Integrated graphics UHD 730 processor
Cạc âm thanh : Support 8-channel audio output
Màn hình:  FPT Elead 215'' độ phân giải FHD 1920x1080, sử dụng công nghệ A/LBL (Anti Low Blue Light) để hạn chế tác hại của ánh sáng xanh, tốt hơn cho mắt người sử dụng
Chuột, bàn phím FPT Elead kết nối USB
Bao gồm cài đặt win bản quyền và bảo hành 24 tháng
";12273000;: 405/2025/294/CTTĐG-VNVIC;15/12/2025;…;Bùi Thị Trà Giang
349;;Bàn học sinh (2 chỗ) - học sinh khối lớp học 1+2+3;bộ;"
- KT bàn: Cao bàn 61 cm, sâu bàn 90 cm, rộng bàn 120 cm (khi mở)
   KT khung bàn: Cao khung 59 cm, sâu khung 43 cm, rộng khung 100 cm
 - Kiểu dáng, màu sắc: Bàn 02 chỗ ngồi, bàn phẳng, các cạnh, góc mài tròn (tiện ghép nhóm); màu sắc tự nhiên theo vân gỗ (đảm bảo thẩm mỹ, phù hợp lứa tuổi và môi trường sư phạm)
 - Kết cấu, vật liệu bàn:
+ Khung bàn bằng thép hộp 50x25mm dày 1,4mm, thép hộp 25x25mm dày 1,4mm, các xà giằng bằng thép hộp 20x20mm dày 1,4mm Bao gồm 2 khung có giằng chữ H có đố đứng giữa: khung cố định đỡ phần mặt bàn cố định phía dưới; khung phụ để đỡ phần mặt bàn xoay mở có thể xoay hoặc trượt để ghép vào khung cố định khi không sử dụng có chốt giữ cố địnhToàn bộ khung bàn được hàn ngấu trong khí CO2, mài nhẵn, sơn tĩnh điện màu ghi, đảm bảo độ bền kết cấu và sơn phủ
 + Mặt bàn: Làm bằng gỗ cao su ghép thanh mặt A - A dày 18mm được sơn phủ kỹ bằng PU 3 lớp màu vàng nhạt còn nguyên vân gỗ Mặt bàn có 2 tấm lật, có bản lề to đinh tán kết nối 2 mặt với nhau chắc chắn
 + Chắn trước: Làm bằng gỗ cao su ghép thanh mặt A - B dày 12mm, dài bằng chiều dài của khung bàn, cao bằng cao ngăn bàn, được sơn phủ PU 3 lớp màu vàng nhạt
 + Ngăn bàn: Làm bằng gỗ MDF phủ melamin màu vàng nhạt dày 12mm, dài bằng chiều dài của khung bàn 
 - Yêu cầu khác: 
 + Kích thước cơ bản của bàn (sai số cho phép của kích thước là ± 5mm), riêng độ dày của gỗ sai số ± 0,5mm
 + Hàng sản xuất trong năm thực hiện, mới 100%";1300000;: 405/2025/294/CTTĐG-VNVIC;15/12/2025;…;Bùi Thị Trà Giang
350;;Ghế ngồi học sinh, khối lớp học 1+2+3;bộ;"
- KT ghế: Cao ghế 38 cm, sâu ghế 36 cm, rộng ghế 36 cm
KT khung ghế: Cao khung 36 cm, sâu khung 34 cm, rộng khung 32 cm Chiều cao đến đỉnh lưng ghế chạm mặt dưới bàn khi mở
' - Kiểu dáng, màu sắc: Ghế 01 chỗ ngồi, phẳng; màu sắc tự nhiên theo vân gỗ (đảm bảo thẩm mỹ, phù hợp lứa tuổi và môi trường sư phạm)
' - Kết cấu, vật liệu ghế:
+ Khung ghế: khung bằng thép 20x40 mm, xà phía trước thép hộp 20x20 mm độ dày 1,0mm Toàn bộ khung ghế được hàn ngấu trong khí CO2, mài nhẵn, sơn tĩnh điện màu sáng, đảm bảo thẩm mỹ, độ bền kết cấu và sơn phủ
 + Mặt ghế, tựa ghế: Làm bằng gỗ cao su ghép thanh loại A - B trở lên, vân gỗ sáng màu, dày 18mm được sơn phủ kỹ bằng PU 3 lớp màu vàng nhạt
- Yêu cầu khác: 
 + Kích thước cơ bản của ghế (sai số cho phép của kích thước là ± 5mm), riêng độ dày của gỗ sai số ± 0,5mm
 + Hàng sản xuất trong năm thực hiện, mới 100%";315000;: 405/2025/294/CTTĐG-VNVIC;15/12/2025;…;Bùi Thị Trà Giang
351;;Bàn học sinh (2 chỗ) - khối 4+5;bộ;"
- KT bàn: Cao bàn 67 cm, sâu bàn 90 cm, rộng bàn 120 cm (khi mở)
- KT khung bàn: Cao khung 65 cm, sâu khung 43 cm, rộng khung 100 cm
- Kiểu dáng, màu sắc: Bàn 02 chỗ ngồi, bàn phẳng, các cạnh, góc mài tròn (tiện ghép nhóm); màu sắc tự nhiên theo vân gỗ (đảm bảo thẩm mỹ, phù hợp lứa tuổi và môi trường sư phạm)
- Kết cấu, vật liệu bàn:
+ Khung bàn bằng thép hộp 50x25mm dày 1,4mm, thép hộp 25x25mm dày 1,4mm, các xà giằng bằng thép hộp 20x20mm dày 1,4mm Bao gồm 2 khung có giằng chữ H có đố đứng giữa: khung cố định đỡ phần mặt bàn cố định phía dưới; khung phụ để đỡ phần mặt bàn xoay mở có thể xoay hoặc trượt để ghép vào khung cố định khi không sử dụng có chốt giữ cố định";1400000;: 405/2025/294/CTTĐG-VNVIC;15/12/2025;…;Bùi Thị Trà Giang
352;;Ghế ngồi học sinh, khối lớp học 4+5;bộ;"
- KT ghế: Cao ghế 41 cm, sâu ghế 36 cm, rộng ghế 36 cm
  KT khung ghế: Cao khung 39 cm, sâu khung 34 cm, rộng khung 32 cm
 - Kiểu dáng, màu sắc: Ghế 01 chỗ ngồi, phẳng; kiểu dáng như hình ảnh mô tả; màu sắc tự nhiên theo vân gỗ (đảm bảo thẩm mỹ, phù hợp lứa tuổi và môi trường sư phạm)
 - Kết cấu, vật liệu ghế:
 + Khung ghế: khung bằng thép 20x40 mm, xà phía trước thép hộp 20x20 mm độ dày 1,0mm Toàn bộ khung ghế được hàn ngấu trong khí CO2, mài nhẵn, sơn tĩnh điện màu sáng, đảm bảo thẩm mỹ, độ bền kết cấu và sơn phủ
 + Mặt ghế, tựa ghế: Làm bằng gỗ cao su ghép thanh loại A - B trở lên, vân gỗ sáng màu, dày 18mm được sơn phủ kỹ bằng PU 3 lớp màu vàng nhạt
 - Yêu cầu khác: 
 + Kích thước cơ bản của ghế (sai số cho phép của kích thước là ± 5mm), riêng độ dày của gỗ sai số ± 0,5mm
 + Hàng sản xuất trong năm thực hiện, mới 100%";324000;: 405/2025/294/CTTĐG-VNVIC;15/12/2025;…;Bùi Thị Trà Giang
353;;Tủ tài liệu;bộ;"The One TU09K3BCK
Tủ đựng hồ sơ tài liệu:
- Kích thước: Dài 100 cm x Sâu 45 cm x cao 183 cm
- Kích thước kính: Dài 1015 mm x Rộng 410 mm x 3 mm
Tủ đựng hồ sơ tài liệu:
- Tủ hồ sơ mặt hình chữ nhật
- Tủ gồm 2 khoang
+ Khoang trên có 2 đợt di động, khung cánh kính lùa
+ Khoang dưới có 2 cánh sắt lùa
- Chất liệu: Sắt sơn tĩnh điện màu ghi sáng, tay nắm nhựa
- Sản phẩm sản xuất trên dây chuyền công nghệ được chứng nhận quản lý chất lượng theo tiêu chuẩn: ISO 9001:2015; ISO 14001:2015; ISO 45001:2018";3333333;: 405/2025/294/CTTĐG-VNVIC;15/12/2025;…;Bùi Thị Trà Giang
354;;Bảng trượt ngang 2 lớp;bộ;"
Bảng trượt 2 lớp, kích thước 1200x3600mm:
'+ Hệ thống trượt gồm 2 thanh ray: 1 ray trên và 1 ray dưới được làm bằng hợp kim nhôm đúc nguyên khối dày 1mm được sơn tĩnh điện sần màu ghi xám vững trãi, chống xước, chống oxy hóa,
+ Kích thước tổng thể khung nhôm: 396 x264 x1mm Chiều dày tổng thể sản phẩm 70mm, gồm 2 lớp bảng :
+ Lớp 1 gồm: 2 bảng từ xanh có dòng kẻ  kích thước 915x1200mm gắn cố định 2 đầu ray trượt Khung nhôm bảng kích thước 396x264x1mm Hậu bảng dày 20mm được gia cường chịu lực bởi 2 lớp cốt: cốt nhựa PVC chịu nước dày 5 ly + cốt nhựa PVC chịu nước dày 15 ly có sập ngàm giữa các tấm
+ Lớp 2 gồm: 2 bảng từ xanh có dòng kẻ  kích thước 915x1200mm trượt trên ray Khung nhôm bảng sơn tĩnh điện sần chống xước màu ghi xám kích thước 319x264x1mm
Hậu bảng dày 20mm được gia cường chịu lực bởi 2 lớp cốt: cốt nhựa PVC chịu nước dày 5 ly + cốt tổ ong 15 ly chịu lực, chống rung Góc bịt và khay đựng phấn bằng nhựa đồng màu với khung chống sắc nhọn và thẩm mĩ Bánh xe đôi chuyên dụng đúc từ nhựa PA nguyên khối chịu mài mòn Bảng được sản xuất và kiểm soát chất lượng theo tiêu chuẩn ISO 9001:2015, ISO 14001:2015 và ISO 45001: 2018 Mặt bảng bằng thép chống lóa đáp ứng tiêu chuẩn JISG3312 CGCC, đạt tiêu chuẩn thử nghiệm US EPA và TCVN";6523810;: 405/2025/294/CTTĐG-VNVIC;15/12/2025;…;Bùi Thị Trà Giang
355;;Tivi 65 inch;bộ;"Smart Tivi QLED Samsung 4K 65 inch QA65Q65D
Loại Tivi:Smart Tivi QLED
Kích cỡ màn hình:65 inch
Độ phân giải:4K (Ultra HD)
Loại màn hình:Đèn nền: LED viền kết hợp Dual LED, Tấm nền: Hãng không công bố
Hệ điều hành:Tizen™
Chất liệu chân đế:Nhựa
Chất liệu viền tivi:Nhựa
Nơi sản xuất:Việt Nam
Năm ra mắt: 2024
Công nghệ hình ảnh:
Supreme UHD Dimming
Quantum HDR
Quantum Dot
Dual LED
4K Upscaling
Chuyển động mượt Motion Xcelerator
Super Ultra Wide Game View & Game Bar
Giảm độ trễ chơi game Auto Low Latency Mode (ALLM)
Căn chỉnh hình ảnh tự động bảo vệ mắt EyeComfort
Chế độ Game Motion Plus
Ambient Mode
Bộ xử lý:Bộ xử lý Quantum 4K Lite
Tần số quét thực: 60 Hz
Điều khiển tivi bằng điện thoại:
SmartThings
Điều khiển bằng giọng nói:
Tìm kiếm giọng nói trên YouTube bằng tiếng Việt
Bixby có tiếng Việt
Chiếu hình từ điện thoại lên TV:
Tap View
Screen Mirroring
AirPlay 2
Remote thông minh:
Điều khiển One Remote Control tích hợp Solar Cell Remote
Kết nối ứng dụng các thiết bị trong nhà:
SmartThings
Ứng dụng phổ biến:
YouTube
Netflix
Clip TV
FPT Play
MyTV
VieON
Spotify
Trình duyệt web
Amazon Prime video
Apple TV
Tiện ích thông minh khác:
Built in IoT Hub kết nối các thiết bị IoT mà không cần dongle
Multi View chia nhỏ màn hình tivi (có thể kết nối camera gắn rời)
Samsung Daily+ quản lý hoạt động mỗi ngày
Bản đồ 3D các thiết bị kết nối sống động
Công nghệ âm thanh
Tổng công suất loa:
20W
Số lượng loa:
Hãng không công bố
Âm thanh vòm:
Âm thanh chuyển động theo hình ảnh OTS Lite
Các công nghệ khác:
Q-Symphony Next kết hợp loa tivi với loa thanh
Adaptive Sound 
Cổng kết nối
Kết nối Internet:Wi-FiCổng mạng LAN
Kết nối không dây:Bluetooth (Kết nối bàn phím, chuột)
USB2 cổng USB A
Cổng nhận hình ảnh, âm thanh:3 cổng HDMI có 1 cổng HDMI eARC (ARC)
Cổng xuất âm thanh:1 cổng Optical (Digital Audio), 1 cổng eARC (ARC)
Thông tin lắp đặt
Kích thước có chân, đặt bàn:Ngang 145 cm - Cao 8971 cm - Dày 2902 cm
Khối lượng có chân:218 Kg
Kích thước không chân, treo tường:Ngang 145 cm - Cao 8314 cm - Dày 257 cm
Khối lượng không chân:209 Kg
Hãng:Samsung";14545455;: 405/2025/294/CTTĐG-VNVIC;15/12/2025;…;Bùi Thị Trà Giang
356;;Tủ đựng đồ dùng học sinh;bộ;"The One TMG 983-3K
- Kích thước: 1000x450x1830 
- Tủ đứng,có 9 khoang  (3 tầng, mỗi tầng 3 khoang) cánh mở mỗi cánh có khóa locker, có núm tay nắm và bảng tên
- Chất liệu: Sắt sơn tĩnh điện";3186000;: 405/2025/294/CTTĐG-VNVIC;15/12/2025;…;Bùi Thị Trà Giang
357;;Tủ đựng đồ dùng cá nhân học sinh;bộ;"The One TMG 983-3K
Kích thước: 916x350x1132 mm 
- Tủ đứng,có 9 khoang (3 tầng, mỗi tầng 3 khoang) cánh mở mỗi cánh có khóa locker, có núm tay nắm và bảng tên 
- Chất liệu: Sắt sơn tĩnh điện";3186000;: 405/2025/294/CTTĐG-VNVIC;15/12/2025;…;Bùi Thị Trà Giang
358;;Biển tên phòng;bộ;"
Biển tên phòng:
- Kích thước: 200x300 mm
- Chất liệu mặt inox in UV, nội dung 2 mặt giống nhau Khung mica Có chân tháo rời để lắp đặt 
- Kích thước 20 x 30 cm ";550000;: 405/2025/294/CTTĐG-VNVIC;15/12/2025;…;Bùi Thị Trà Giang
359;;Bảng ghim nỉ treo tường;bộ;"
Bảng ghim nỉ treo tường:
- Kích thước: 1200x2400mm
- Mô tả: Bảng có thiết kế khung bằng nhôm sáng bóng sang trọng, gọn nhẹ cùng các góc bo bằng nhựa an toàn cho người sử dụng Ghim cắm ngập không để lại vết  Cốt nhựa chống cong vênh và chịu nước 100% Ở giữa có một lớp cao su dày có độ đàn hồi tốt, giúp ghim tài liệu dễ dàng hơn ";1749000;: 405/2025/294/CTTĐG-VNVIC;15/12/2025;…;Bùi Thị Trà Giang
360;;"
Thiết bị khác:
Ảnh Bác, Bảng 5 điều Bác Hồ dạy, Bảng trích thư, Khẩu hiệu ""Đời đời nhớ ơn Chủ tịch Hồ Chí Minh""";bộ;"
Ảnh Bác
-Kích thước: 40 x 60 cm 
-Khổ ảnh: A4 
-Khung viền bằng nhôm màu sáng
Bảng 5 điều Bác Hồ dạy
- Độ dày mặt bảng 5 mm
- Độ bền Trên 5 năm
- Công nghệ in PP Nano công nghệ Korea
- Lớp cốt Tấm PVC chống nước chuyên dụng dày 5mm 
- Khung nhôm Nhôm thanh định hình Việt - Nhật
Bảng trích thư
- Kích thước 60 x 80cm
- Mặt bảng: Polyester
- Tấm lót bảng: Ván MDF 4mm
- Khung bảng: Bằng nhôm chuyên dụng
Khẩu hiệu ""Đời đời nhớ ơn Chủ tịch Hồ Chí Minh""";1350000;: 405/2025/294/CTTĐG-VNVIC;15/12/2025;…;Bùi Thị Trà Giang
361;;"Thiết bị khác:
Đồng hồ treo tường";bộ;"
Đồng hồ :
- Kích thước: 340x40 mm
- Mô tả: Kiểu dáng tròn, số nổi, chất liệu nhựa bền đẹp";324000;: 405/2025/294/CTTĐG-VNVIC;15/12/2025;…;Bùi Thị Trà Giang
362;;"Thiết bị khác:
Bộ âm thanh trợ giảng";bộ;"SOAIY S-718
Bộ mic trợ giảng không dây cài áo: 
Công suất loa 10W
Sử dụng sóng không dây 24G
Hỗ trợ: TF card / USB
Dung lượng pin: 1800mAh";565000;: 405/2025/294/CTTĐG-VNVIC;15/12/2025;…;Bùi Thị Trà Giang
363;;"Thiết bị khác:
Bộ loa, amply, micro";bộ;"TOA HS-1500BT
Micro không dây Shure UGX8 
Bao gồm: 2 Loa, 1 amply, 1 micro
+ Loa thông báo
+ Vỏ loa Loa thùng kín                               
+ Công suất 60W
+ Trở kháng: 100V line: 170Ω(60W), 330Ω(30W), 670Ω(15W), 70V line: 83Ω(60W), 170Ω(30W), 330Ω(15W), 670Ω(15W)
+ Cường độ âm thanh: (1W,1m) 98dB
+ Đáp tuyến tần số 85 – 20,000Hz
+ Tiêu chuẩn chống cháy IP-65
+ Thành phẩm Vỏ : Nhựa Polypropylene Lưới: Thép mạ
Micro không dây :
Tần số sóng mang UHF 610MHz – 660MHz
Đáp ứng tần số 40Hz ~ 18kHz
Điều chế chế độ FM
Ổn định tần số ± 0005%
Độ nhạy -107dbm
Công suất âm thanh Trở kháng 600 Ohm
Độ lệch ± 20KHz
Nguồn cung cấp 210V AC adapter
Thu sóng trong bán kính 300m
Tỷ lệ S / N > 80dB (1kHz-A)
Pin sử dụng liên tục 15 giờ
Amply 6zone
Điện áp : AC220V / 50HZ
Công suất định mức : 120W
Điện áp cố định : 70v / 100v
Điện trở liên tục: 4-16Ω;
Dòng đầu ra : 600Ω / 1V (0dB)
Độ nhạy đầu vào: MIC 1,2 / 600Ω, 20mV, Độ mất cân bằng ; Aux 1,2 / 10kΩ, 100mV, Không cân bằng
Độ nhạy đáp ứng : 100Hz-16KHz
THD : <0,1% KHz
S / N : “MIC 1,2: 66db
Kiểm soát âm lượng : Bass: ± 10dB, ở 100Hz; Treble: ± 10db, ở tốc độ 10KHz
Chế độ ngắt tiếng : Mic 1
Trọng lượng : 137 Kg
Màu : Bạc
Kích thước : 480X75X273mm";23914440;: 405/2025/294/CTTĐG-VNVIC;15/12/2025;…;Bùi Thị Trà Giang
364;;Camera rời kết nối với máy vi tính;bộ;"
Độ phân giải Full HD 1080P
Tốc độ khung hình 30fps/s
Góc quay 90 độ
Có khả năng zoom được 4X
Có thể mở rộng góc quay
Kết nối: USB 20/30
Tích hợp micro
Tương thích hệ thống: Windows 7,8,10 / vista / xp / 2000 / Mac";2500000;: 405/2025/294/CTTĐG-VNVIC;15/12/2025;…;Bùi Thị Trà Giang
365;;Bộ bàn làm việc giáo viên (bàn máy tính);bộ;"
Bàn ghế dành cho giáo viên:
  - Bàn giáo viên: có đợt, khung ống thép 30x30X1,2mm sơn tĩnh điện, mặt bàn gỗ cao su ghép thanh loại AA dày 18mm Kích thước: W1200 x D600 x H750 mm  Bàn có 1 ngăn kéo, 1 tủ cánh mở có khóa, 1 kệ để CPU và 1 khay để bàn phím, Mặt bàn có lỗ đi dây điện tiện dụng 
 Chắn trước: Làm bằng gỗ cao su ghép thanh loại AA dày 18mm dài bằng chiều dài của khung bàn, cao bằng cao ngăn bàn,  quây bàn gần sát đất   ";2583000;: 405/2025/294/CTTĐG-VNVIC;15/12/2025;…;Bùi Thị Trà Giang
366;;Bộ ghế giáo viên;bộ;"GNV-07-00/ Xuân Hòa
- Ghế ngồi : 560x560x(860-980) Rc=280
- Ghế xoay nhân viên có tay, mặt ngồi đệm mút, bọc nỉ
- Tựa ghế viền nhựa bọc lưới, ngả đàn hồi, Tay ghế bằng nhựa Ghế được điều chỉnh độ cao bằng cần hơi
- Chân ghế bằng nhựa
- Sản phẩm sản xuất trên dây chuyền công nghệ được chứng nhận quản lý chất lượng theo tiêu chuẩn: ISO 9001:2015; ISO 14001:2015; ISO 45001:2018";787037;: 405/2025/294/CTTĐG-VNVIC;15/12/2025;…;Bùi Thị Trà Giang
367;;Máy vi tính để bàn;bộ;"FPT
Bộ vi xử lý: Intel® Core™ i5-12400 (Bộ nhớ đệm 18M, lên đến 4,40 GHz)
Ổ cứng: SSD 256GB SATA3
Bộ nhớ trong (Ram): DDR4 8Gb bus 2666
Bảng mạch chủ: Intel® H610 Chipset; 6 x DIMM, Max 64GB, DDR4 3200/3000/2933/2800/2666/2400/2133 Non-ECC
Khe cắm mở rộng: 3 x PCI Express, 1 x PCI slot
Card màn hình onboard: Intel® Integrated graphics UHD 730 processor
Cạc âm thanh : Support 8-channel audio output
Màn hình:  FPT Elead 215'' độ phân giải FHD 1920x1080, sử dụng công nghệ A/LBL (Anti Low Blue Light) để hạn chế tác hại của ánh sáng xanh, tốt hơn cho mắt người sử dụng
Chuột, bàn phím FPT Elead kết nối USB
Bao gồm cài đặt win bản quyền và bảo hành 24 tháng
";12273000;: 405/2025/294/CTTĐG-VNVIC;15/12/2025;…;Bùi Thị Trà Giang
368;;Bàn máy tính học sinh (2 chỗ);bộ;"
- KT bàn: Cao bàn 68cm, sâu bàn 50 cm, rộng bàn 120 cm
  KT khung bàn: Cao khung 66 cm, sâu khung 45 cm, rộng khung 100 cm
 - Kiểu dáng, màu sắc: Bàn máy tính học sinh 02 chỗ ngồi có 2 ngăn để bàn phím, kiểu dáng như hình ảnh mô tả; màu sắc tự nhiên theo vân gỗ (đảm bảo thẩm mỹ, phù hợp lứa tuổi và môi trường sư phạm)
 - Kết cấu, vật liệu bàn:
+ Khung bàn:  Khung chính, chân bàn bằng thép hộp 50x25mm dày 1,2mm, đố ngăn bàn bằng thép hộp 25x25mm, các xà giằng bằng thép hộp 20x20mm dày 1,0 mm Toàn bộ khung bàn được hàn ngấu trong khí CO2, mài nhẵn, sơn tĩnh điện màu ghi, đảm bảo độ bền kết cấu và sơn phủ  Bàn có chân tăng chỉnh giúp kê bàn chắc chắn trên sàn nhà
 + Mặt bàn: Làm bằng gỗ cao su ghép thanh mặt A - B, dày 18mm được sơn phủ kỹ bằng PU 3 lớp màu vàng nhạt Mặt bàn có khoét 2 lỗ để luồn dây nguồn, dây bàn phím và dây chuột
 + Yếm bàn và quây bàn: Làm bằng gỗ cao su ghép thanh mặt A - B, dày 12mm, dài bằng chiều dài của khung bàn quây bàn gần sát đất, được sơn phủ PU 3 lớp màu vàng nhạt
+ Bàn có 2 ngăn để bàn phím và 2 kệ để CPU bằng gỗ cao su ghép thanh mặt A - B, dày 12mm sơn phủ PU 3 lớp
 - Yêu cầu khác: 
 + Kích thước cơ bản của bàn (sai số cho phép của kích thước là ± 5mm), riêng độ dày của gỗ sai số ± 0,5mm
 + Hàng sản xuất trong năm thực hiện, mới 100%";1990000;: 405/2025/294/CTTĐG-VNVIC;15/12/2025;…;Bùi Thị Trà Giang
369;;Ghế ngồi học sinh học tin học;bộ;"
- KT ghế: Cao ghế 41 cm, sâu ghế 36 cm, rộng ghế 36 cm
  KT khung ghế: Cao khung 39 cm, sâu khung 34 cm, rộng khung 32 cm
 - Kiểu dáng, màu sắc: Ghế 01 chỗ ngồi, phẳng; kiểu dáng như hình ảnh mô tả; màu sắc tự nhiên theo vân gỗ (đảm bảo thẩm mỹ, phù hợp lứa tuổi và môi trường sư phạm)
 - Kết cấu, vật liệu ghế:
 + Khung ghế: khung bằng thép 20x40 mm, xà phía trước thép hộp 20x20 mm độ dày 1,0mm Toàn bộ khung ghế được hàn ngấu trong khí CO2, mài nhẵn, sơn tĩnh điện màu sáng, đảm bảo thẩm mỹ, độ bền kết cấu và sơn phủ
 + Mặt ghế, tựa ghế: Làm bằng gỗ cao su ghép thanh loại A - B trở lên, vân gỗ sáng màu, dày 18mm được sơn phủ kỹ bằng PU 3 lớp màu vàng nhạt
 - Yêu cầu khác: 
 + Kích thước cơ bản của ghế (sai số cho phép của kích thước là ± 5mm), riêng độ dày của gỗ sai số ± 0,5mm
 + Hàng sản xuất trong năm thực hiện, mới 100%";324000;: 405/2025/294/CTTĐG-VNVIC;15/12/2025;…;Bùi Thị Trà Giang
370;;Máy vi tính để bàn;bộ;"FPT
Bộ vi xử lý: Intel® Core™ i5-12400 (Bộ nhớ đệm 18M, lên đến 4,40 GHz)
Ổ cứng: SSD 256GB SATA3
Bộ nhớ trong (Ram): DDR4 8Gb bus 2666
Bảng mạch chủ: Intel® H610 Chipset; 6 x DIMM, Max 64GB, DDR4 3200/3000/2933/2800/2666/2400/2133 Non-ECC
Khe cắm mở rộng: 3 x PCI Express, 1 x PCI slot
Card màn hình onboard: Intel® Integrated graphics UHD 730 processor
Cạc âm thanh : Support 8-channel audio output
Màn hình:  FPT Elead 215'' độ phân giải FHD 1920x1080, sử dụng công nghệ A/LBL (Anti Low Blue Light) để hạn chế tác hại của ánh sáng xanh, tốt hơn cho mắt người sử dụng
Chuột, bàn phím FPT Elead kết nối USB
Bao gồm cài đặt win bản quyền và bảo hành 24 tháng
";12273000;: 405/2025/294/CTTĐG-VNVIC;15/12/2025;…;Bùi Thị Trà Giang
371;;Ghế học sinh (ghế gấp);bộ;"The One GS2K1
Ghế đôn gập: 
- Kích thước: 310x365x460 mm
- Mô tả: Kết cấu vững chắc với khung thép sơn tĩnh điện, đệm tựa mút bọc PVC
Sản phẩm sản xuất trên dây chuyền công nghệ được chứng nhận quản lý chất lượng theo tiêu chuẩn: ISO 9001:2015; ISO 14001:2015; ISO 45001:2018";140000;: 405/2025/294/CTTĐG-VNVIC;15/12/2025;…;Bùi Thị Trà Giang
372;;Tủ tài liệu;bộ;"The One TU09K3BCK
Tủ đựng hồ sơ tài liệu:
- Kích thước: Dài 100 cm x Sâu 45 cm x cao 183 cm
- Kích thước kính: Dài 1015 mm x Rộng 410 mm x 3 mm
Tủ đựng hồ sơ tài liệu:
- Tủ hồ sơ mặt hình chữ nhật
- Tủ gồm 2 khoang
+ Khoang trên có 2 đợt di động, khung cánh kính lùa
+ Khoang dưới có 2 cánh sắt lùa
- Chất liệu: Sắt sơn tĩnh điện màu ghi sáng, tay nắm nhựa
- Sản phẩm sản xuất trên dây chuyền công nghệ được chứng nhận quản lý chất lượng theo tiêu chuẩn: ISO 9001:2015; ISO 14001:2015; ISO 45001:2018";3333333;: 405/2025/294/CTTĐG-VNVIC;15/12/2025;…;Bùi Thị Trà Giang
373;;Tivi 65 inch;bộ;"Smart Tivi QLED Samsung 4K 65 inch QA65Q65D
Loại Tivi:Smart Tivi QLED
Kích cỡ màn hình:65 inch
Độ phân giải:4K (Ultra HD)
Loại màn hình:Đèn nền: LED viền kết hợp Dual LED, Tấm nền: Hãng không công bố
Hệ điều hành:Tizen™
Chất liệu chân đế:Nhựa
Chất liệu viền tivi:Nhựa
Nơi sản xuất:Việt Nam
Năm ra mắt: 2024
Công nghệ hình ảnh:
Supreme UHD Dimming
Quantum HDR
Quantum Dot
Dual LED
4K Upscaling
Chuyển động mượt Motion Xcelerator
Super Ultra Wide Game View & Game Bar
Giảm độ trễ chơi game Auto Low Latency Mode (ALLM)
Căn chỉnh hình ảnh tự động bảo vệ mắt EyeComfort
Chế độ Game Motion Plus
Ambient Mode
Bộ xử lý:Bộ xử lý Quantum 4K Lite
Tần số quét thực: 60 Hz
Điều khiển tivi bằng điện thoại:
SmartThings
Điều khiển bằng giọng nói:
Tìm kiếm giọng nói trên YouTube bằng tiếng Việt
Bixby có tiếng Việt
Chiếu hình từ điện thoại lên TV:
Tap View
Screen Mirroring
AirPlay 2
Remote thông minh:
Điều khiển One Remote Control tích hợp Solar Cell Remote
Kết nối ứng dụng các thiết bị trong nhà:
SmartThings
Ứng dụng phổ biến:
YouTube
Netflix
Clip TV
FPT Play
MyTV
VieON
Spotify
Trình duyệt web
Amazon Prime video
Apple TV
Tiện ích thông minh khác:
Built in IoT Hub kết nối các thiết bị IoT mà không cần dongle
Multi View chia nhỏ màn hình tivi (có thể kết nối camera gắn rời)
Samsung Daily+ quản lý hoạt động mỗi ngày
Bản đồ 3D các thiết bị kết nối sống động
Công nghệ âm thanh
Tổng công suất loa:
20W
Số lượng loa:
Hãng không công bố
Âm thanh vòm:
Âm thanh chuyển động theo hình ảnh OTS Lite
Các công nghệ khác:
Q-Symphony Next kết hợp loa tivi với loa thanh
Adaptive Sound 
Cổng kết nối
Kết nối Internet:Wi-FiCổng mạng LAN
Kết nối không dây:Bluetooth (Kết nối bàn phím, chuột)
USB2 cổng USB A
Cổng nhận hình ảnh, âm thanh:3 cổng HDMI có 1 cổng HDMI eARC (ARC)
Cổng xuất âm thanh:1 cổng Optical (Digital Audio), 1 cổng eARC (ARC)
Thông tin lắp đặt
Kích thước có chân, đặt bàn:Ngang 145 cm - Cao 8971 cm - Dày 2902 cm
Khối lượng có chân:218 Kg
Kích thước không chân, treo tường:Ngang 145 cm - Cao 8314 cm - Dày 257 cm
Khối lượng không chân:209 Kg
Hãng:Samsung";14545455;: 405/2025/294/CTTĐG-VNVIC;15/12/2025;…;Bùi Thị Trà Giang
374;;Bảng trượt ngang 2 lớp;bộ;"
Bảng trượt 2 lớp, kích thước 1200x3600mm:
'+ Hệ thống trượt gồm 2 thanh ray: 1 ray trên và 1 ray dưới được làm bằng hợp kim nhôm đúc nguyên khối dày 1mm được sơn tĩnh điện sần màu ghi xám vững trãi, chống xước, chống oxy hóa,
+ Kích thước tổng thể khung nhôm: 396 x264 x1mm Chiều dày tổng thể sản phẩm 70mm, gồm 2 lớp bảng :
+ Lớp 1 gồm: 2 bảng từ xanh có dòng kẻ  kích thước 915x1200mm gắn cố định 2 đầu ray trượt Khung nhôm bảng kích thước 396x264x1mm Hậu bảng dày 20mm được gia cường chịu lực bởi 2 lớp cốt: cốt nhựa PVC chịu nước dày 5 ly + cốt nhựa PVC chịu nước dày 15 ly có sập ngàm giữa các tấm
+ Lớp 2 gồm: 2 bảng từ xanh có dòng kẻ  kích thước 915x1200mm trượt trên ray Khung nhôm bảng sơn tĩnh điện sần chống xước màu ghi xám kích thước 319x264x1mm
Hậu bảng dày 20mm được gia cường chịu lực bởi 2 lớp cốt: cốt nhựa PVC chịu nước dày 5 ly + cốt tổ ong 15 ly chịu lực, chống rung Góc bịt và khay đựng phấn bằng nhựa đồng màu với khung chống sắc nhọn và thẩm mĩ Bánh xe đôi chuyên dụng đúc từ nhựa PA nguyên khối chịu mài mòn Bảng được sản xuất và kiểm soát chất lượng theo tiêu chuẩn ISO 9001:2015, ISO 14001:2015 và ISO 45001: 2018 Mặt bảng bằng thép chống lóa đáp ứng tiêu chuẩn JISG3312 CGCC, đạt tiêu chuẩn thử nghiệm US EPA và TCVN";6523810;: 405/2025/294/CTTĐG-VNVIC;15/12/2025;…;Bùi Thị Trà Giang
375;;Biển tên phòng;bộ;"
Biển tên phòng:
- Kích thước: 200x300 mm
- Chất liệu mặt inox in UV, nội dung 2 mặt giống nhau Khung mica Có chân tháo rời để lắp đặt 
- Kích thước 20 x 30 cm ";550000;: 405/2025/294/CTTĐG-VNVIC;15/12/2025;…;Bùi Thị Trà Giang
376;;"Các thiết bị khác:
Ảnh Bác, Bảng 5 điều Bác Hồ dạy, Bảng trích thư, Khẩu hiệu ""Đời đời nhớ ơn Chủ tịch Hồ Chí Minh""";bộ;"
Ảnh Bác
-Kích thước: 40 x 60 cm 
-Khung viền bằng nhôm màu sáng
Bảng 5 điều Bác Hồ dạy
- Độ dày mặt bảng 5 mm
- Độ bền Trên 5 năm
- Công nghệ in PP Nano công nghệ Korea
- Lớp cốt Tấm PVC chống nước chuyên dụng dày 5mm 
- Khung nhôm Nhôm thanh định hình Việt - Nhật
Bảng trích thư
- Kích thước 60 x 80cm
- Mặt bảng: Polyester
- Tấm lót bảng: Ván MDF 4mm
- Khung bảng: Bằng nhôm chuyên dụng
Khẩu hiệu ""Đời đời nhớ ơn Chủ tịch Hồ Chí Minh""";1350000;: 405/2025/294/CTTĐG-VNVIC;15/12/2025;…;Bùi Thị Trà Giang
377;;"Các thiết bị khác:
Bảng ghim nỉ treo tường";bộ;"
Bảng ghim nỉ treo tường:
- Kích thước: R1200xC2400 mm
- Mô tả: Bảng có thiết kế khung bằng nhôm sáng bóng sang trọng, gọn nhẹ cùng các góc bo bằng nhựa an toàn cho người sử dụng Ghim cắm ngập không để lại vết  Cốt nhựa chống cong vênh và chịu nước 100% Ở giữa có một lớp cao su dày có độ đàn hồi tốt, giúp ghim tài liệu dễ dàng hơn ";1749000;: 405/2025/294/CTTĐG-VNVIC;15/12/2025;…;Bùi Thị Trà Giang
378;;"Các thiết bị khác:
Đồng hồ treo tường";bộ;"
Đồng hồ :
- Kích thước: 340x40 mm
- Mô tả: Kiểu dáng tròn, số nổi, chất liệu nhựa bền đẹp";324000;: 405/2025/294/CTTĐG-VNVIC;15/12/2025;…;Bùi Thị Trà Giang
379;;"Các thiết bị khác:
Bộ âm thanh trợ giảng";bộ;"SOAIY S-718
Bộ mic trợ giảng không dây cài áo: 
Công suất loa 10W
Sử dụng sóng không dây 24G
Hỗ trợ: TF card / USB
Dung lượng pin: 1800mAh";565000;: 405/2025/294/CTTĐG-VNVIC;15/12/2025;…;Bùi Thị Trà Giang
380;;"Các thiết bị khác:
Bộ tai nghe kèm theo Sterco Microphone";bộ;"Model: TXD
Loại tai nghe Over-ear
Đáp ứng tần số tai nghe : Chế độ 15-25000Hz / 3,5mm, chế độ 20-20000Hz / 24G
Trở kháng tai nghe: 32Ω
Độ nhạy tai nghe (@ 1KHZ): 110dB ± 3dB
Chất liệu Headband: Băng thép và nhựa, da PU và đệm bọt
Chất liệu đệm tai nghe: chất liệu da PU
Mô hình đón Micro: Đa hướng
Đáp ứng tần số Micro: 50 - 18000Hz
Độ nhạy của Micro: -40 ± 3dB (@ 1KHz)
Loại Micro: Micro linh hoạt có thể tháo rời
Âm thanh vòm ảo 71: Nút bật / tắt
Kết nối: Không dây/Cáp 35
Kiểm soát âm lượng: Nút Lên / Xuống (trên điều khiển Tai nghe)";350000;: 405/2025/294/CTTĐG-VNVIC;15/12/2025;…;Bùi Thị Trà Giang
381;;"Các thiết bị khác:
Ổn áp";bộ;"Ổn áp 1P Khô DRI-15kVA-II-NEW2020
( Điện áp vào 90V-250V ra 220V)

Ổn áp 15KVA
Thông số kỹ thuật
Điện áp vào: 90V~250V
Điện áp ra: 220V - 110V ± 2 ~ 3% Tần số: 49 ~ 62Hz
Thời gian đáp ứng với 10% điện áp vào thay đổi;
+0,4s ÷ 1s: 500VA – 10000VA
+0,8s ÷ 2s: 15000VA – 50000VA
Nhiệt độ môi trường: -5oC ~ + 40oC";8731000;: 405/2025/294/CTTĐG-VNVIC;15/12/2025;…;Bùi Thị Trà Giang
382;;Bộ bàn làm việc giáo viên (bàn máy tính);bộ;"
Bàn ghế dành cho giáo viên:
  - Bàn giáo viên: có đợt, khung ống thép 30x30X1,2mm sơn tĩnh điện, mặt bàn gỗ cao su ghép thanh loại AA dày 18mm Kích thước: W1200 x D600 x H750 mm  Bàn có 1 ngăn kéo, 1 tủ cánh mở có khóa, 1 kệ để CPU và 1 khay để bàn phím, Mặt bàn có lỗ đi dây điện tiện dụng 
 Chắn trước: Làm bằng gỗ cao su ghép thanh loại AA dày 18mm dài bằng chiều dài của khung bàn, cao bằng cao ngăn bàn,  quây bàn gần sát đất   ";2583000;: 405/2025/294/CTTĐG-VNVIC;15/12/2025;…;Bùi Thị Trà Giang
383;;Bộ ghế giáo viên;bộ;"GNV-07-00/ Xuân Hòa
- Ghế ngồi : 560x560x(860-980) Rc=280
- Ghế xoay nhân viên có tay, mặt ngồi đệm mút, bọc nỉ
- Tựa ghế viền nhựa bọc lưới, ngả đàn hồi, Tay ghế bằng nhựa Ghế được điều chỉnh độ cao bằng cần hơi
- Chân ghế bằng nhựa
- Sản phẩm sản xuất trên dây chuyền công nghệ được chứng nhận quản lý chất lượng theo tiêu chuẩn: ISO 9001:2015; ISO 14001:2015; ISO 45001:2018";787037;: 405/2025/294/CTTĐG-VNVIC;15/12/2025;…;Bùi Thị Trà Giang
384;;Máy vi tính để bàn;bộ;"FPT
Bộ vi xử lý: Intel® Core™ i5-12400 (Bộ nhớ đệm 18M, lên đến 4,40 GHz)
Ổ cứng: SSD 256GB SATA3
Bộ nhớ trong (Ram): DDR4 8Gb bus 2666
Bảng mạch chủ: Intel® H610 Chipset; 6 x DIMM, Max 64GB, DDR4 3200/3000/2933/2800/2666/2400/2133 Non-ECC
Khe cắm mở rộng: 3 x PCI Express, 1 x PCI slot
Card màn hình onboard: Intel® Integrated graphics UHD 730 processor
Cạc âm thanh : Support 8-channel audio output
Màn hình:  FPT Elead 215'' độ phân giải FHD 1920x1080, sử dụng công nghệ A/LBL (Anti Low Blue Light) để hạn chế tác hại của ánh sáng xanh, tốt hơn cho mắt người sử dụng
Chuột, bàn phím FPT Elead kết nối USB
Bao gồm cài đặt win bản quyền và bảo hành 24 tháng
";12273000;: 405/2025/294/CTTĐG-VNVIC;15/12/2025;…;Bùi Thị Trà Giang
385;;Bàn máy tính học sinh (2 chỗ);bộ;"
- KT bàn: Cao bàn 68cm, sâu bàn 50 cm, rộng bàn 120 cm
  KT khung bàn: Cao khung 66 cm, sâu khung 45 cm, rộng khung 100 cm
 - Kiểu dáng, màu sắc: Bàn máy tính học sinh 02 chỗ ngồi có 2 ngăn để bàn phím, kiểu dáng như hình ảnh mô tả; màu sắc tự nhiên theo vân gỗ (đảm bảo thẩm mỹ, phù hợp lứa tuổi và môi trường sư phạm)
 - Kết cấu, vật liệu bàn:
+ Khung bàn:  Khung chính, chân bàn bằng thép hộp 50x25mm dày 1,2mm, đố ngăn bàn bằng thép hộp 25x25mm, các xà giằng bằng thép hộp 20x20mm dày 1,0 mm Toàn bộ khung bàn được hàn ngấu trong khí CO2, mài nhẵn, sơn tĩnh điện màu ghi, đảm bảo độ bền kết cấu và sơn phủ  Bàn có chân tăng chỉnh giúp kê bàn chắc chắn trên sàn nhà
 + Mặt bàn: Làm bằng gỗ cao su ghép thanh mặt A - B, dày 18mm được sơn phủ kỹ bằng PU 3 lớp màu vàng nhạt Mặt bàn có khoét 2 lỗ để luồn dây nguồn, dây bàn phím và dây chuột
 + Yếm bàn và quây bàn: Làm bằng gỗ cao su ghép thanh mặt A - B, dày 12mm, dài bằng chiều dài của khung bàn quây bàn gần sát đất, được sơn phủ PU 3 lớp màu vàng nhạt
+ Bàn có 2 ngăn để bàn phím và 2 kệ để CPU bằng gỗ cao su ghép thanh mặt A - B, dày 12mm sơn phủ PU 3 lớp
 - Yêu cầu khác: 
 + Kích thước cơ bản của bàn (sai số cho phép của kích thước là ± 5mm), riêng độ dày của gỗ sai số ± 0,5mm
 + Hàng sản xuất trong năm thực hiện, mới 100%";1990000;: 405/2025/294/CTTĐG-VNVIC;15/12/2025;…;Bùi Thị Trà Giang
386;;Ghế ngồi học sinh (1 chỗ);bộ;"
- KT ghế: Cao ghế 41 cm, sâu ghế 36 cm, rộng ghế 36 cm
  KT khung ghế: Cao khung 39 cm, sâu khung 34 cm, rộng khung 32 cm
 - Kiểu dáng, màu sắc: Ghế 01 chỗ ngồi, phẳng; kiểu dáng như hình ảnh mô tả; màu sắc tự nhiên theo vân gỗ (đảm bảo thẩm mỹ, phù hợp lứa tuổi và môi trường sư phạm)
 - Kết cấu, vật liệu ghế:
 + Khung ghế: khung bằng thép 20x40 mm, xà phía trước thép hộp 20x20 mm độ dày 1,0mm Toàn bộ khung ghế được hàn ngấu trong khí CO2, mài nhẵn, sơn tĩnh điện màu sáng, đảm bảo thẩm mỹ, độ bền kết cấu và sơn phủ
 + Mặt ghế, tựa ghế: Làm bằng gỗ cao su ghép thanh loại A - B trở lên, vân gỗ sáng màu, dày 18mm được sơn phủ kỹ bằng PU 3 lớp màu vàng nhạt
 - Yêu cầu khác: 
 + Kích thước cơ bản của ghế (sai số cho phép của kích thước là ± 5mm), riêng độ dày của gỗ sai số ± 0,5mm
 + Hàng sản xuất trong năm thực hiện, mới 100%";324000;: 405/2025/294/CTTĐG-VNVIC;15/12/2025;…;Bùi Thị Trà Giang
387;;Tủ tài liệu;bộ;"The One TU09K3BCK
Tủ đựng hồ sơ tài liệu:
- Kích thước: Dài 100 cm x Sâu 45 cm x cao 183 cm
- Kích thước kính: Dài 1015 mm x Rộng 410 mm x 3 mm
Tủ đựng hồ sơ tài liệu:
- Tủ hồ sơ mặt hình chữ nhật
- Tủ gồm 2 khoang
+ Khoang trên có 2 đợt di động, khung cánh kính lùa
+ Khoang dưới có 2 cánh sắt lùa
- Chất liệu: Sắt sơn tĩnh điện màu ghi sáng, tay nắm nhựa
- Sản phẩm sản xuất trên dây chuyền công nghệ được chứng nhận quản lý chất lượng theo tiêu chuẩn: ISO 9001:2015; ISO 14001:2015; ISO 45001:2018";3333333;: 405/2025/294/CTTĐG-VNVIC;15/12/2025;…;Bùi Thị Trà Giang
388;;Bảng trượt ngang 2 lớp;bộ;"
Bảng trượt 2 lớp, kích thước 1200x3600mm:
'+ Hệ thống trượt gồm 2 thanh ray: 1 ray trên và 1 ray dưới được làm bằng hợp kim nhôm đúc nguyên khối dày 1mm được sơn tĩnh điện sần màu ghi xám vững trãi, chống xước, chống oxy hóa,
+ Kích thước tổng thể khung nhôm: 396 x264 x1mm Chiều dày tổng thể sản phẩm 70mm, gồm 2 lớp bảng :
+ Lớp 1 gồm: 2 bảng từ xanh có dòng kẻ  kích thước 915x1200mm gắn cố định 2 đầu ray trượt Khung nhôm bảng kích thước 396x264x1mm Hậu bảng dày 20mm được gia cường chịu lực bởi 2 lớp cốt: cốt nhựa PVC chịu nước dày 5 ly + cốt nhựa PVC chịu nước dày 15 ly có sập ngàm giữa các tấm
+ Lớp 2 gồm: 2 bảng từ xanh có dòng kẻ  kích thước 915x1200mm trượt trên ray Khung nhôm bảng sơn tĩnh điện sần chống xước màu ghi xám kích thước 319x264x1mm
Hậu bảng dày 20mm được gia cường chịu lực bởi 2 lớp cốt: cốt nhựa PVC chịu nước dày 5 ly + cốt tổ ong 15 ly chịu lực, chống rung Góc bịt và khay đựng phấn bằng nhựa đồng màu với khung chống sắc nhọn và thẩm mĩ Bánh xe đôi chuyên dụng đúc từ nhựa PA nguyên khối chịu mài mòn Bảng được sản xuất và kiểm soát chất lượng theo tiêu chuẩn ISO 9001:2015, ISO 14001:2015 và ISO 45001: 2018 Mặt bảng bằng thép chống lóa đáp ứng tiêu chuẩn JISG3312 CGCC, đạt tiêu chuẩn thử nghiệm US EPA và TCVN";6523810;: 405/2025/294/CTTĐG-VNVIC;15/12/2025;…;Bùi Thị Trà Giang
389;;Màn hình tương tác thông minh 75 inches và đầy đủ các phụ kiện kết nối;bộ;"ViewSonic IFP 7533
""Màn hình tương tác thông minh ViewSonic IFP 7533
- Kích thước hiển thị của màn hình (Inch): 75 Inch (75 diagonal)
- Vùng hiển thị: 1649664(H) × 927936(V)
- Công nghệ màn hình: TFT LCD Module with DLED Backlight IPS
- Cảm ứng: 20 điểm chạm với công nghệ Ultra Fine Touch siêu mượt tương thích với tất cả các hệ điều hành phổ biến
(40 điểm với Hệ điều hành Windows)
- Cảm ứng bằng tay, bằng bút hoặc đồng thời
- Tính năng cùng đồng thời viết/vẽ được nhiều màu khác nhau trên màn hình
- Tỷ lệ màn hình: 16 : 9
- Độ phân giải màn hình: ULTRA HD 4K (3840 x 2160), 60 Hz
- Touch Resolution: 32767 x 32767
- Màu: 1,07 tỷ màu (10 bit)
- Độ sáng: 400 nits
- Tỷ lệ tương phản: 4000:1
- Tốc độ quét: 8 ms
- Góc nhìn: H = 178 độ, V = 178 độ
- Tuổi thọ đèn nền trung bình: 50000 giờ
- Tuổi thọ cảm ứng: 80000 giờ
- Bề mặt màn hình: AG coating (độ cứng 9H)+ AF coating cho độ bền cao chống va đập và trầy xước
+ Loa: 32-watt trong đó:
- Loa 16-watt: x2 Loa siêu trầm (tích hợp sẵn)
- Bộ xử lý: ARM quad-core Cortex-A55
+ RAM: 4GB DDR4
+ Kho lưu trữ: 32 GB3
+ Cổng kết nối: HDMI (4K, hỗ trợ cổng CEC), Lan Rj45, USB (Smart Port)…
- Lỗ chờ lắp và giá lắp camera: Thiết kế sẵn trên đỉnh màn hình để lắp nhiều loại camera khác nhau
- Công nghệ chống chói Anti-Glare
- Công nghệ loại bỏ nháy màn hình (Flicker-Free)
- Công nghệ lọc ánh sáng xanh (Blue Light filter)
- Đặc biệt: Màn hình đạt chứng nhận bảo vệ mắt với công nghệ lọc ánh sáng xanh và loại bỏ nháy ở mọi độ sáng của
màn hình
- Hệ điều hành Android Android 11 Tích hợp sẵn phần mềm myViewboard Entity trên Android và cả máy tính
- Hệ điều hành Android của màn hình cho phép đọc các file trực tiếp từ USB
- Energy Star Version: ES80
- Trọng lượng màn hình: 473 kg
- Công Nghệ: Mỹ- Xuất xứ: Trung Quốc
- Bảo hành: 36 tháng
- Các tiêu chuẩn:
+ BIS, cTUVus, COC, EPET, ES8, BSMI, CE, CB, TÜV Rheinland Low Blue Ligh, TÜV Rheinland Flicker Free
+ ISO 9001-2015 & ISO 14001-2015- Chứng nhận phần mềm bản quyền myViewBoard Entity
+ Chứng nhận đang kí nhãn hiệu- Cục sở hữu trí tuệ thuộc Bộ Khoa Học và Công Nghệ Việt Nam
• Phụ kiện tiêu chuẩn kèm theo màn hình:
- Bộ phụ kiện tiêu chuẩn: Bút, dây nguồn, dây audio, remote, bộ giá lắp camera, …
• Phụ kiện nâng cấp:
- Theo tiêu chuẩn nhà sản xuất
2 Phần mềm chính hãng myViewBoard Entity Có bản quyền 01 Gói Tặng kèm
+ myViewBoard Premium: Phần mềm thay thế bảng trắng
+ myViewBoard Manager: Ứng dụng quản lý nhiều thiết bị từ xa cho toàn hệ thống đã dùng màn hình ViewSonic IFP
+ myViewBoard Record: Ứng dụng quay Film màn hình độc lập trên nền tảng Android hoặc Windows
+ myViewBoard Whiteboard: Phần mềm kỹ thuật số myViewBoard hỗ trợ đào tạo và thuyết trình
+ myViewBoard Live: Livestream trực tiếp màn hình lên các nền tảng mạng xã h""";98000000;: 405/2025/294/CTTĐG-VNVIC;15/12/2025;…;Bùi Thị Trà Giang
390;;Biển tên phòng;bộ;"
Biển tên phòng:
- Kích thước: 200x300 mm
- Chất liệu mặt inox in UV, nội dung 2 mặt giống nhau Khung mica Có chân tháo rời để lắp đặt 
- Kích thước 20 x 30 cm ";550000;: 405/2025/294/CTTĐG-VNVIC;15/12/2025;…;Bùi Thị Trà Giang
391;;"Các thiết bị khác:
Ảnh Bác, Bảng 5 điều Bác Hồ dạy, Bảng trích thư, Khẩu hiệu ""Đời đời nhớ ơn Chủ tịch Hồ Chí Minh""";bộ;"
Ảnh Bác
-Kích thước: 40 x 60 cm 
-Khung viền bằng nhôm màu sáng
Bảng 5 điều Bác Hồ dạy
- Độ dày mặt bảng 5 mm
- Độ bền Trên 5 năm
- Công nghệ in PP Nano công nghệ Korea
- Lớp cốt Tấm PVC chống nước chuyên dụng dày 5mm 
- Khung nhôm Nhôm thanh định hình Việt - Nhật
Bảng trích thư
- Kích thước 60 x 80cm
- Mặt bảng: Polyester
- Tấm lót bảng: Ván MDF 4mm
- Khung bảng: Bằng nhôm chuyên dụng
Khẩu hiệu ""Đời đời nhớ ơn Chủ tịch Hồ Chí Minh""";1350000;: 405/2025/294/CTTĐG-VNVIC;15/12/2025;…;Bùi Thị Trà Giang
392;;"Các thiết bị khác:
Đồng hồ treo tường";bộ;"
Đồng hồ :
- Kích thước: 340x40 mm
- Mô tả: Kiểu dáng tròn, số nổi, chất liệu nhựa bền đẹp";324000;: 405/2025/294/CTTĐG-VNVIC;15/12/2025;…;Bùi Thị Trà Giang
393;;"Các thiết bị khác:
Bộ âm thanh trợ giảng";bộ;"SOAIY S-718
Bộ mic trợ giảng không dây cài áo: 
Công suất loa 10W
Sử dụng sóng không dây 24G
Hỗ trợ: TF card / USB
Dung lượng pin: 1800mAh";565000;: 405/2025/294/CTTĐG-VNVIC;15/12/2025;…;Bùi Thị Trà Giang
394;;"Các thiết bị khác:
Bộ loa, amply, micro";bộ;"TOA HS-1500BT
Micro không dây Shure UGX8 
Bao gồm: 2 Loa, 1 amply, 1 micro
+ Loa thông báo
+ Vỏ loa Loa thùng kín                               
+ Công suất 60W
+ Trở kháng: 100V line: 170Ω(60W), 330Ω(30W), 670Ω(15W), 70V line: 83Ω(60W), 170Ω(30W), 330Ω(15W), 670Ω(15W)
+ Cường độ âm thanh: (1W,1m) 98dB
+ Đáp tuyến tần số 85 – 20,000Hz
+ Tiêu chuẩn chống cháy IP-65
+ Thành phẩm Vỏ : Nhựa Polypropylene Lưới: Thép mạ
Micro không dây :
Tần số sóng mang UHF 610MHz – 660MHz
Đáp ứng tần số 40Hz ~ 18kHz
Điều chế chế độ FM
Ổn định tần số ± 0005%
Độ nhạy -107dbm
Công suất âm thanh Trở kháng 600 Ohm
Độ lệch ± 20KHz
Nguồn cung cấp 210V AC adapter
Thu sóng trong bán kính 300m
Tỷ lệ S / N > 80dB (1kHz-A)
Pin sử dụng liên tục 15 giờ
Amply 6zone
Điện áp : AC220V / 50HZ
Công suất định mức : 120W
Điện áp cố định : 70v / 100v
Điện trở liên tục: 4-16Ω;
Dòng đầu ra : 600Ω / 1V (0dB)
Độ nhạy đầu vào: MIC 1,2 / 600Ω, 20mV, Độ mất cân bằng ; Aux 1,2 / 10kΩ, 100mV, Không cân bằng
Độ nhạy đáp ứng : 100Hz-16KHz
THD : <0,1% KHz
S / N : “MIC 1,2: 66db
Kiểm soát âm lượng : Bass: ± 10dB, ở 100Hz; Treble: ± 10db, ở tốc độ 10KHz
Chế độ ngắt tiếng : Mic 1
Trọng lượng : 137 Kg
Màu : Bạc
Kích thước : 480X75X273mm";23914440;: 405/2025/294/CTTĐG-VNVIC;15/12/2025;…;Bùi Thị Trà Giang
395;;"Các thiết bị khác:
Camera rời kết nối với máy vi tính";bộ;"
Độ phân giải Full HD 1080P
Tốc độ khung hình 30fps/s
Góc quay 90 độ
Có khả năng zoom được 4X
Có thể mở rộng góc quay
Kết nối: USB 20/30
Tích hợp micro
Tương thích hệ thống: Windows 7,8,10 / vista / xp / 2000 / Mac";2500000;: 405/2025/294/CTTĐG-VNVIC;15/12/2025;…;Bùi Thị Trà Giang
396;;Bộ bàn làm việc giáo viên (bàn máy tính);bộ;"
Bàn ghế dành cho giáo viên:
  - Bàn giáo viên: có đợt, khung ống thép 30x30X1,2mm sơn tĩnh điện, mặt bàn gỗ cao su ghép thanh loại AA dày 18mm Kích thước: W1200 x D600 x H750 mm  Bàn có 1 ngăn kéo, 1 tủ cánh mở có khóa, 1 kệ để CPU và 1 khay để bàn phím, Mặt bàn có lỗ đi dây điện tiện dụng 
 Chắn trước: Làm bằng gỗ cao su ghép thanh loại AA dày 18mm dài bằng chiều dài của khung bàn, cao bằng cao ngăn bàn,  quây bàn gần sát đất   ";2583000;: 405/2025/294/CTTĐG-VNVIC;15/12/2025;…;Bùi Thị Trà Giang
397;;Bộ ghế giáo viên;bộ;"GNV-07-00/ Xuân Hòa
- Ghế ngồi : 560x560x(860-980) Rc=280
- Ghế xoay nhân viên có tay, mặt ngồi đệm mút, bọc nỉ
- Tựa ghế viền nhựa bọc lưới, ngả đàn hồi, Tay ghế bằng nhựa Ghế được điều chỉnh độ cao bằng cần hơi
- Chân ghế bằng nhựa
- Sản phẩm sản xuất trên dây chuyền công nghệ được chứng nhận quản lý chất lượng theo tiêu chuẩn: ISO 9001:2015; ISO 14001:2015; ISO 45001:2018";787037;: 405/2025/294/CTTĐG-VNVIC;15/12/2025;…;Bùi Thị Trà Giang
398;;Máy vi tính để bàn;bộ;"FPT
Bộ vi xử lý: Intel® Core™ i5-12400 (Bộ nhớ đệm 18M, lên đến 4,40 GHz)
Ổ cứng: SSD 256GB SATA3
Bộ nhớ trong (Ram): DDR4 8Gb bus 2666
Bảng mạch chủ: Intel® H610 Chipset; 6 x DIMM, Max 64GB, DDR4 3200/3000/2933/2800/2666/2400/2133 Non-ECC
Khe cắm mở rộng: 3 x PCI Express, 1 x PCI slot
Card màn hình onboard: Intel® Integrated graphics UHD 730 processor
Cạc âm thanh : Support 8-channel audio output
Màn hình:  FPT Elead 215'' độ phân giải FHD 1920x1080, sử dụng công nghệ A/LBL (Anti Low Blue Light) để hạn chế tác hại của ánh sáng xanh, tốt hơn cho mắt người sử dụng
Chuột, bàn phím FPT Elead kết nối USB
Bao gồm cài đặt win bản quyền và bảo hành 24 tháng
";12273000;: 405/2025/294/CTTĐG-VNVIC;15/12/2025;…;Bùi Thị Trà Giang
399;;Tủ tài liệu;bộ;"The One TU09K3BCK
Tủ đựng hồ sơ tài liệu:
- Kích thước: Dài 100 cm x Sâu 45 cm x cao 183 cm
- Kích thước kính: Dài 1015 mm x Rộng 410 mm x 3 mm
Tủ đựng hồ sơ tài liệu:
- Tủ hồ sơ mặt hình chữ nhật
- Tủ gồm 2 khoang
+ Khoang trên có 2 đợt di động, khung cánh kính lùa
+ Khoang dưới có 2 cánh sắt lùa
- Chất liệu: Sắt sơn tĩnh điện màu ghi sáng, tay nắm nhựa
- Sản phẩm sản xuất trên dây chuyền công nghệ được chứng nhận quản lý chất lượng theo tiêu chuẩn: ISO 9001:2015; ISO 14001:2015; ISO 45001:2018";3333333;: 405/2025/294/CTTĐG-VNVIC;15/12/2025;…;Bùi Thị Trà Giang
400;;Bảng trượt ngang 2 lớp;bộ;"
Bảng trượt 2 lớp, kích thước 1200x3600mm:
'+ Hệ thống trượt gồm 2 thanh ray: 1 ray trên và 1 ray dưới được làm bằng hợp kim nhôm đúc nguyên khối dày 1mm được sơn tĩnh điện sần màu ghi xám vững trãi, chống xước, chống oxy hóa,
+ Kích thước tổng thể khung nhôm: 396 x264 x1mm Chiều dày tổng thể sản phẩm 70mm, gồm 2 lớp bảng :
+ Lớp 1 gồm: 2 bảng từ xanh có dòng kẻ  kích thước 915x1200mm gắn cố định 2 đầu ray trượt Khung nhôm bảng kích thước 396x264x1mm Hậu bảng dày 20mm được gia cường chịu lực bởi 2 lớp cốt: cốt nhựa PVC chịu nước dày 5 ly + cốt nhựa PVC chịu nước dày 15 ly có sập ngàm giữa các tấm
+ Lớp 2 gồm: 2 bảng từ xanh có dòng kẻ  kích thước 915x1200mm trượt trên ray Khung nhôm bảng sơn tĩnh điện sần chống xước màu ghi xám kích thước 319x264x1mm
Hậu bảng dày 20mm được gia cường chịu lực bởi 2 lớp cốt: cốt nhựa PVC chịu nước dày 5 ly + cốt tổ ong 15 ly chịu lực, chống rung Góc bịt và khay đựng phấn bằng nhựa đồng màu với khung chống sắc nhọn và thẩm mĩ Bánh xe đôi chuyên dụng đúc từ nhựa PA nguyên khối chịu mài mòn Bảng được sản xuất và kiểm soát chất lượng theo tiêu chuẩn ISO 9001:2015, ISO 14001:2015 và ISO 45001: 2018 Mặt bảng bằng thép chống lóa đáp ứng tiêu chuẩn JISG3312 CGCC, đạt tiêu chuẩn thử nghiệm US EPA và TCVN";6523810;: 405/2025/294/CTTĐG-VNVIC;15/12/2025;…;Bùi Thị Trà Giang
401;;Màn hình tương tác thông minh 75 inches và đầy đủ các phụ kiện kết nối;bộ;"ViewSonic IFP 7533
""Màn hình tương tác thông minh ViewSonic IFP 7533
- Kích thước hiển thị của màn hình (Inch): 75 Inch (75 diagonal)
- Vùng hiển thị: 1649664(H) × 927936(V)
- Công nghệ màn hình: TFT LCD Module with DLED Backlight IPS
- Cảm ứng: 20 điểm chạm với công nghệ Ultra Fine Touch siêu mượt tương thích với tất cả các hệ điều hành phổ biến
(40 điểm với Hệ điều hành Windows)
- Cảm ứng bằng tay, bằng bút hoặc đồng thời
- Tính năng cùng đồng thời viết/vẽ được nhiều màu khác nhau trên màn hình
- Tỷ lệ màn hình: 16 : 9
- Độ phân giải màn hình: ULTRA HD 4K (3840 x 2160), 60 Hz
- Touch Resolution: 32767 x 32767
- Màu: 1,07 tỷ màu (10 bit)
- Độ sáng: 400 nits
- Tỷ lệ tương phản: 4000:1
- Tốc độ quét: 8 ms
- Góc nhìn: H = 178 độ, V = 178 độ
- Tuổi thọ đèn nền trung bình: 50000 giờ
- Tuổi thọ cảm ứng: 80000 giờ
- Bề mặt màn hình: AG coating (độ cứng 9H)+ AF coating cho độ bền cao chống va đập và trầy xước
+ Loa: 32-watt trong đó:
- Loa 16-watt: x2 Loa siêu trầm (tích hợp sẵn)
- Bộ xử lý: ARM quad-core Cortex-A55
+ RAM: 4GB DDR4
+ Kho lưu trữ: 32 GB3
+ Cổng kết nối: HDMI (4K, hỗ trợ cổng CEC), Lan Rj45, USB (Smart Port)…
- Lỗ chờ lắp và giá lắp camera: Thiết kế sẵn trên đỉnh màn hình để lắp nhiều loại camera khác nhau
- Công nghệ chống chói Anti-Glare
- Công nghệ loại bỏ nháy màn hình (Flicker-Free)
- Công nghệ lọc ánh sáng xanh (Blue Light filter)
- Đặc biệt: Màn hình đạt chứng nhận bảo vệ mắt với công nghệ lọc ánh sáng xanh và loại bỏ nháy ở mọi độ sáng của
màn hình
- Hệ điều hành Android Android 11 Tích hợp sẵn phần mềm myViewboard Entity trên Android và cả máy tính
- Hệ điều hành Android của màn hình cho phép đọc các file trực tiếp từ USB
- Energy Star Version: ES80
- Trọng lượng màn hình: 473 kg
- Công Nghệ: Mỹ- Xuất xứ: Trung Quốc
- Bảo hành: 36 tháng
- Các tiêu chuẩn:
+ BIS, cTUVus, COC, EPET, ES8, BSMI, CE, CB, TÜV Rheinland Low Blue Ligh, TÜV Rheinland Flicker Free
+ ISO 9001-2015 & ISO 14001-2015- Chứng nhận phần mềm bản quyền myViewBoard Entity
+ Chứng nhận đang kí nhãn hiệu- Cục sở hữu trí tuệ thuộc Bộ Khoa Học và Công Nghệ Việt Nam
• Phụ kiện tiêu chuẩn kèm theo màn hình:
- Bộ phụ kiện tiêu chuẩn: Bút, dây nguồn, dây audio, remote, bộ giá lắp camera, …
• Phụ kiện nâng cấp:
- Theo tiêu chuẩn nhà sản xuất
2 Phần mềm chính hãng myViewBoard Entity Có bản quyền 01 Gói Tặng kèm
+ myViewBoard Premium: Phần mềm thay thế bảng trắng
+ myViewBoard Manager: Ứng dụng quản lý nhiều thiết bị từ xa cho toàn hệ thống đã dùng màn hình ViewSonic IFP
+ myViewBoard Record: Ứng dụng quay Film màn hình độc lập trên nền tảng Android hoặc Windows
+ myViewBoard Whiteboard: Phần mềm kỹ thuật số myViewBoard hỗ trợ đào tạo và thuyết trình
+ myViewBoard Live: Livestream trực tiếp màn hình lên các nền tảng mạng xã h""";98000000;: 405/2025/294/CTTĐG-VNVIC;15/12/2025;…;Bùi Thị Trà Giang
402;;Bảng ghim nỉ treo tường;bộ;"
Bảng ghim nỉ treo tường:
- Kích thước: 1200x2400mm
- Mô tả: Bảng có thiết kế khung bằng nhôm sáng bóng sang trọng, gọn nhẹ cùng các góc bo bằng nhựa an toàn cho người sử dụng Ghim cắm ngập không để lại vết  Cốt nhựa chống cong vênh và chịu nước 100% Ở giữa có một lớp cao su dày có độ đàn hồi tốt, giúp ghim tài liệu dễ dàng hơn ";1749000;: 405/2025/294/CTTĐG-VNVIC;15/12/2025;…;Bùi Thị Trà Giang
403;;Bàn học sinh (2 chỗ);bộ;"
- KT bàn: Cao bàn 68 cm, sâu bàn 50 cm, rộng bàn 120 cm  KT khung bàn: Cao khung 66 cm, sâu khung 45 cm, rộng khung 100 cm
 - Kiểu dáng, màu sắc: Bàn ngoại ngữ 02 chỗ ngồi, bàn phẳng, các cạnh, góc mài tròn; kiểu dáng như hình ảnh mô tả; màu sắc tự nhiên theo vân gỗ (đảm bảo thẩm mỹ, phù hợp lứa tuổi và môi trường sư phạm)
 - Kết cấu, vật liệu bàn:
  + Khung bàn: Khung chính, chân bàn bằng thép hộp 50x25mm dày 1,2mm; khung, đố ngăn bàn bằng thép hộp 25x25mm, các xà giằng bằng thép hộp 20x20mm dày 1,0 mm Giằng chữ H có đố đứng giữa Toàn bộ khung bàn được hàn ngấu trong khí CO2, mài nhẵn, sơn tĩnh điện màu ghi, đảm bảo độ bền kết cấu và sơn phủ  Bàn có chân tăng chỉnh giúp kê bàn chắc chắn trên sàn nhà
 + Mặt bàn: Làm bằng gỗ cao su ghép thanh mặt A - B, vân gỗ sáng màu, dày 18mm được sơn phủ kỹ bằng PU 3 lớp màu vàng nhạt
 + Ngăn bàn, chắn trước bàn: Làm bằng tôn tấm gấp cạnh liền hộp, dày 0,6mm có kích thước bằng lòng bên trong của khung, được sơn tĩnh điện màu ghi đảm bảo độ bền kết cấu và sơn phủ
 - Yêu cầu khác: 
 + Kích thước cơ bản của bàn (sai số cho phép của kích thước là ± 5mm), riêng độ dày của gỗ sai số ± 0,5mm";1139000;: 405/2025/294/CTTĐG-VNVIC;15/12/2025;…;Bùi Thị Trà Giang
404;;Ghế ngồi học sinh;bộ;"
- KT ghế: Cao ghế 41 cm, sâu ghế 36 cm, rộng ghế 36 cm
  KT khung ghế: Cao khung 39 cm, sâu khung 34 cm, rộng khung 32 cm
 - Kiểu dáng, màu sắc: Ghế 01 chỗ ngồi, phẳng; kiểu dáng như hình ảnh mô tả; màu sắc tự nhiên theo vân gỗ (đảm bảo thẩm mỹ, phù hợp lứa tuổi và môi trường sư phạm)
 - Kết cấu, vật liệu ghế:
 + Khung ghế: khung bằng thép 20x40 mm, xà phía trước thép hộp 20x20 mm độ dày 1,0mm Toàn bộ khung ghế được hàn ngấu trong khí CO2, mài nhẵn, sơn tĩnh điện màu sáng, đảm bảo thẩm mỹ, độ bền kết cấu và sơn phủ
 + Mặt ghế, tựa ghế: Làm bằng gỗ cao su ghép thanh loại A - B trở lên, vân gỗ sáng màu, dày 18mm được sơn phủ kỹ bằng PU 3 lớp màu vàng nhạt
 - Yêu cầu khác: 
 + Kích thước cơ bản của ghế (sai số cho phép của kích thước là ± 5mm), riêng độ dày của gỗ sai số ± 0,5mm
 + Hàng sản xuất trong năm thực hiện, mới 100%";324000;: 405/2025/294/CTTĐG-VNVIC;15/12/2025;…;Bùi Thị Trà Giang
405;;Biển tên phòng;bộ;"
Biển tên phòng:
- Kích thước: 200x300 mm
- Chất liệu mặt inox in UV, nội dung 2 mặt giống nhau Khung mica Có chân tháo rời để lắp đặt 
- Kích thước 20 x 30 cm ";550000;: 405/2025/294/CTTĐG-VNVIC;15/12/2025;…;Bùi Thị Trà Giang
406;;"Các thiết bị khác:
Ảnh Bác, Bảng 5 điều Bác Hồ dạy, Bảng trích thư, Khẩu hiệu ""Đời đời nhớ ơn Chủ tịch Hồ Chí Minh""";bộ;"
Ảnh Bác
-Kích thước: 40 x 60 cm 
-Khung viền bằng nhôm màu sáng
Bảng 5 điều Bác Hồ dạy
- Độ dày mặt bảng 5 mm
- Độ bền Trên 5 năm
- Công nghệ in PP Nano công nghệ Korea
- Lớp cốt Tấm PVC chống nước chuyên dụng dày 5mm 
- Khung nhôm Nhôm thanh định hình Việt - Nhật
Bảng trích thư
- Kích thước 60 x 80cm
- Mặt bảng: Polyester
- Tấm lót bảng: Ván MDF 4mm
- Khung bảng: Bằng nhôm chuyên dụng
Khẩu hiệu ""Đời đời nhớ ơn Chủ tịch Hồ Chí Minh""";1350000;: 405/2025/294/CTTĐG-VNVIC;15/12/2025;…;Bùi Thị Trà Giang
407;;"Các thiết bị khác:
Đồng hồ treo tường";bộ;"
Đồng hồ :
- Kích thước: 340x40 mm
- Mô tả: Kiểu dáng tròn, số nổi, chất liệu nhựa bền đẹp";324000;: 405/2025/294/CTTĐG-VNVIC;15/12/2025;…;Bùi Thị Trà Giang
408;;"Các thiết bị khác:
Bộ âm thanh trợ giảng";bộ;"SOAIY S-718
Bộ mic trợ giảng không dây cài áo: 
Công suất loa 10W
Sử dụng sóng không dây 24G
Hỗ trợ: TF card / USB
Dung lượng pin: 1800mAh";565000;: 405/2025/294/CTTĐG-VNVIC;15/12/2025;…;Bùi Thị Trà Giang
409;;Camera rời kết nối với máy vi tính;bộ;"
Độ phân giải Full HD 1080P
Tốc độ khung hình 30fps/s
Góc quay 90 độ
Có khả năng zoom được 4X
Có thể mở rộng góc quay
Kết nối: USB 20/30
Tích hợp micro
Tương thích hệ thống: Windows 7,8,10 / vista / xp / 2000 / Mac";2500000;: 405/2025/294/CTTĐG-VNVIC;15/12/2025;…;Bùi Thị Trà Giang
410;;Máy vi tính để bàn;bộ;"FPT
Bộ vi xử lý: Intel® Core™ i5-12400 (Bộ nhớ đệm 18M, lên đến 4,40 GHz)
Ổ cứng: SSD 256GB SATA3
Bộ nhớ trong (Ram): DDR4 8Gb bus 2666
Bảng mạch chủ: Intel® H610 Chipset; 6 x DIMM, Max 64GB, DDR4 3200/3000/2933/2800/2666/2400/2133 Non-ECC
Khe cắm mở rộng: 3 x PCI Express, 1 x PCI slot
Card màn hình onboard: Intel® Integrated graphics UHD 730 processor
Cạc âm thanh : Support 8-channel audio output
Màn hình:  FPT Elead 215'' độ phân giải FHD 1920x1080, sử dụng công nghệ A/LBL (Anti Low Blue Light) để hạn chế tác hại của ánh sáng xanh, tốt hơn cho mắt người sử dụng
Chuột, bàn phím FPT Elead kết nối USB
Bao gồm cài đặt win bản quyền và bảo hành 24 tháng
";12273000;: 405/2025/294/CTTĐG-VNVIC;15/12/2025;…;Bùi Thị Trà Giang
411;;Máy tính bảng (Bao gồm sạc và phụ kiện);bộ;"Máy tính bảng iPad 9 WiFi 256GB
Công nghệ màn hình: Retina IPS LCD
Độ phân giải: 1620 x 2160 Pixels
Màn hình rộng: 102"" - Tần số quét Hãng không công bố
Hệ điều hành: iPadOS 15
Chip xử lý (CPU): Apple A13 Bionic 6 nhân
Tốc độ CPU: 2 nhân 265 GHz & 4 nhân 18 GHz
Chip đồ hoạ (GPU): Apple GPU 4 nhân
RAM: 3 GB
Dung lượng lưu trữ: 64 GB
Dung lượng còn lại (khả dụng) khoảng: 49 GB
Quay phim: 
FullHD 1080p@30fps
HD 720p@30fps
FullHD 1080p@25fps
Cổng kết nối/sạc: Lightning
Jack tai nghe: 35 mm
-Tính năng đặc biệt:
+Kết nối Apple PencilMở khóa bằng vân tay
Dung lượng pin: 324 Wh (~ 8600 mAh)
Loại pin: Li-Ion
Công nghệ pin: Sạc pin nhanh Tiết kiệm pin
Sạc kèm theo máy: 20 W
Chất liệu: Nhôm nguyên khối
Kích thước, khối lượng: Dài 2506 mm - Ngang 1741 mm - Dày 75 mm - Nặng 487 g";7172727;: 405/2025/294/CTTĐG-VNVIC;15/12/2025;…;Bùi Thị Trà Giang
412;;Bộ bàn làm việc;bộ;"
Bàn ghế dành cho giáo viên:
  - Bàn giáo viên: có đợt, khung ống thép 30x30X1,2mm sơn tĩnh điện, mặt bàn gỗ cao su ghép thanh loại AA dày 18mm Kích thước: W1200 x D600 x H750 mm  Bàn có 1 ngăn kéo, 1 tủ cánh mở có khóa, 1 kệ để CPU và 1 khay để bàn phím, Mặt bàn có lỗ đi dây điện tiện dụng 
 Chắn trước: Làm bằng gỗ cao su ghép thanh loại AA dày 18mm dài bằng chiều dài của khung bàn, cao bằng cao ngăn bàn,  quây bàn gần sát đất   ";2583000;: 405/2025/294/CTTĐG-VNVIC;15/12/2025;…;Bùi Thị Trà Giang
413;;Bộ ghế giáo viên;bộ;"GNV-07-00/ Xuân Hòa
- Ghế ngồi : 560x560x(860-980) Rc=280
- Ghế xoay nhân viên có tay, mặt ngồi đệm mút, bọc nỉ
- Tựa ghế viền nhựa bọc lưới, ngả đàn hồi, Tay ghế bằng nhựa Ghế được điều chỉnh độ cao bằng cần hơi
- Chân ghế bằng nhựa
- Sản phẩm sản xuất trên dây chuyền công nghệ được chứng nhận quản lý chất lượng theo tiêu chuẩn: ISO 9001:2015; ISO 14001:2015; ISO 45001:2018";787037;: 405/2025/294/CTTĐG-VNVIC;15/12/2025;…;Bùi Thị Trà Giang
414;;Máy vi tính để bàn;bộ;"FPT
Bộ vi xử lý: Intel® Core™ i5-12400 (Bộ nhớ đệm 18M, lên đến 4,40 GHz)
Ổ cứng: SSD 256GB SATA3
Bộ nhớ trong (Ram): DDR4 8Gb bus 2666
Bảng mạch chủ: Intel® H610 Chipset; 6 x DIMM, Max 64GB, DDR4 3200/3000/2933/2800/2666/2400/2133 Non-ECC
Khe cắm mở rộng: 3 x PCI Express, 1 x PCI slot
Card màn hình onboard: Intel® Integrated graphics UHD 730 processor
Cạc âm thanh : Support 8-channel audio output
Màn hình:  FPT Elead 215'' độ phân giải FHD 1920x1080, sử dụng công nghệ A/LBL (Anti Low Blue Light) để hạn chế tác hại của ánh sáng xanh, tốt hơn cho mắt người sử dụng
Chuột, bàn phím FPT Elead kết nối USB
Bao gồm cài đặt win bản quyền và bảo hành 24 tháng
";12273000;: 405/2025/294/CTTĐG-VNVIC;15/12/2025;…;Bùi Thị Trà Giang
415;;Tủ tài liệu;bộ;"The One TU09K3BCK
Tủ đựng hồ sơ tài liệu:
- Kích thước: Dài 100 cm x Sâu 45 cm x cao 183 cm
- Kích thước kính: Dài 1015 mm x Rộng 410 mm x 3 mm
Tủ đựng hồ sơ tài liệu:
- Tủ hồ sơ mặt hình chữ nhật
- Tủ gồm 2 khoang
+ Khoang trên có 2 đợt di động, khung cánh kính lùa
+ Khoang dưới có 2 cánh sắt lùa
- Chất liệu: Sắt sơn tĩnh điện màu ghi sáng, tay nắm nhựa
- Sản phẩm sản xuất trên dây chuyền công nghệ được chứng nhận quản lý chất lượng theo tiêu chuẩn: ISO 9001:2015; ISO 14001:2015; ISO 45001:2018";3333333;: 405/2025/294/CTTĐG-VNVIC;15/12/2025;…;Bùi Thị Trà Giang
416;;Tủ đựng thí nghiệm, đồ dùng dạy học;bộ;"The One TU09K3BCK
Tủ đựng thí nghiệm, đồ dùng dạy học
- Tủ hồ sơ mặt hình chữ nhật
- Tủ gồm 2 khoang
+ Khoang trên có 2 đợt di động, khung cánh kính lùa
+ Khoang dưới có 2 cánh sắt lùa
- Kích thước: Dài 100 cm x Sâu 45 cm x cao 183 cm
- Kích thước kính: Dài 1015 mm x Rộng 410 mm x 3 mm
- Chất liệu: Sắt sơn tĩnh điện màu ghi sáng, tay nắm nhựa
- Sản phẩm sản xuất trên dây chuyền công nghệ được chứng nhận quản lý chất lượng theo tiêu chuẩn: ISO 9001:2015; ISO 14001:2015; ISO 45001:2018";3333333;: 405/2025/294/CTTĐG-VNVIC;15/12/2025;…;Bùi Thị Trà Giang
417;;Tủ thuốc + để dụng cụ y tế;bộ;"
Tủ thuốc + để dụng cụ y tế:
Inox SUS 201
- Kích thước: 800x400x1600
- Mô tả: Khung tủ, cánh tủ 25x25x06mm, đố tủ 25x50x08mm, tấm xung quanh, hồi tủ cánh tủ dày 04mm được gấp liền trên máy thủy lực, tủ được chia làm 2 khoang, khoang trên cánh kính có 2 đợt di động Tủ dưới chia 2 ngăn nhỏ Tủ có khóa phần trên và dưới";3000000;: 405/2025/294/CTTĐG-VNVIC;15/12/2025;…;Bùi Thị Trà Giang
418;;Bảng trượt ngang 2 lớp;bộ;"
Bảng trượt 2 lớp, kích thước 1200x3600mm:
'+ Hệ thống trượt gồm 2 thanh ray: 1 ray trên và 1 ray dưới được làm bằng hợp kim nhôm đúc nguyên khối dày 1mm được sơn tĩnh điện sần màu ghi xám vững trãi, chống xước, chống oxy hóa,
+ Kích thước tổng thể khung nhôm: 396 x264 x1mm Chiều dày tổng thể sản phẩm 70mm, gồm 2 lớp bảng :
+ Lớp 1 gồm: 2 bảng từ xanh có dòng kẻ  kích thước 915x1200mm gắn cố định 2 đầu ray trượt Khung nhôm bảng kích thước 396x264x1mm Hậu bảng dày 20mm được gia cường chịu lực bởi 2 lớp cốt: cốt nhựa PVC chịu nước dày 5 ly + cốt nhựa PVC chịu nước dày 15 ly có sập ngàm giữa các tấm
+ Lớp 2 gồm: 2 bảng từ xanh có dòng kẻ  kích thước 915x1200mm trượt trên ray Khung nhôm bảng sơn tĩnh điện sần chống xước màu ghi xám kích thước 319x264x1mm
Hậu bảng dày 20mm được gia cường chịu lực bởi 2 lớp cốt: cốt nhựa PVC chịu nước dày 5 ly + cốt tổ ong 15 ly chịu lực, chống rung Góc bịt và khay đựng phấn bằng nhựa đồng màu với khung chống sắc nhọn và thẩm mĩ Bánh xe đôi chuyên dụng đúc từ nhựa PA nguyên khối chịu mài mòn Bảng được sản xuất và kiểm soát chất lượng theo tiêu chuẩn ISO 9001:2015, ISO 14001:2015 và ISO 45001: 2018 Mặt bảng bằng thép chống lóa đáp ứng tiêu chuẩn JISG3312 CGCC, đạt tiêu chuẩn thử nghiệm US EPA và TCVN";6523810;: 405/2025/294/CTTĐG-VNVIC;15/12/2025;…;Bùi Thị Trà Giang
419;;Màn hình tương tác thông minh 75 inches và đầy đủ các phụ kiện kết nối;bộ;"ViewSonic IFP 7533
""Màn hình tương tác thông minh ViewSonic IFP 7533
- Kích thước hiển thị của màn hình (Inch): 75 Inch (75 diagonal)
- Vùng hiển thị: 1649664(H) × 927936(V)
- Công nghệ màn hình: TFT LCD Module with DLED Backlight IPS
- Cảm ứng: 20 điểm chạm với công nghệ Ultra Fine Touch siêu mượt tương thích với tất cả các hệ điều hành phổ biến
(40 điểm với Hệ điều hành Windows)
- Cảm ứng bằng tay, bằng bút hoặc đồng thời
- Tính năng cùng đồng thời viết/vẽ được nhiều màu khác nhau trên màn hình
- Tỷ lệ màn hình: 16 : 9
- Độ phân giải màn hình: ULTRA HD 4K (3840 x 2160), 60 Hz
- Touch Resolution: 32767 x 32767
- Màu: 1,07 tỷ màu (10 bit)
- Độ sáng: 400 nits
- Tỷ lệ tương phản: 4000:1
- Tốc độ quét: 8 ms
- Góc nhìn: H = 178 độ, V = 178 độ
- Tuổi thọ đèn nền trung bình: 50000 giờ
- Tuổi thọ cảm ứng: 80000 giờ
- Bề mặt màn hình: AG coating (độ cứng 9H)+ AF coating cho độ bền cao chống va đập và trầy xước
+ Loa: 32-watt trong đó:
- Loa 16-watt: x2 Loa siêu trầm (tích hợp sẵn)
- Bộ xử lý: ARM quad-core Cortex-A55
+ RAM: 4GB DDR4
+ Kho lưu trữ: 32 GB3
+ Cổng kết nối: HDMI (4K, hỗ trợ cổng CEC), Lan Rj45, USB (Smart Port)…
- Lỗ chờ lắp và giá lắp camera: Thiết kế sẵn trên đỉnh màn hình để lắp nhiều loại camera khác nhau
- Công nghệ chống chói Anti-Glare
- Công nghệ loại bỏ nháy màn hình (Flicker-Free)
- Công nghệ lọc ánh sáng xanh (Blue Light filter)
- Đặc biệt: Màn hình đạt chứng nhận bảo vệ mắt với công nghệ lọc ánh sáng xanh và loại bỏ nháy ở mọi độ sáng của
màn hình
- Hệ điều hành Android Android 11 Tích hợp sẵn phần mềm myViewboard Entity trên Android và cả máy tính
- Hệ điều hành Android của màn hình cho phép đọc các file trực tiếp từ USB
- Energy Star Version: ES80
- Trọng lượng màn hình: 473 kg
- Công Nghệ: Mỹ- Xuất xứ: Trung Quốc
- Bảo hành: 36 tháng
- Các tiêu chuẩn:
+ BIS, cTUVus, COC, EPET, ES8, BSMI, CE, CB, TÜV Rheinland Low Blue Ligh, TÜV Rheinland Flicker Free
+ ISO 9001-2015 & ISO 14001-2015- Chứng nhận phần mềm bản quyền myViewBoard Entity
+ Chứng nhận đang kí nhãn hiệu- Cục sở hữu trí tuệ thuộc Bộ Khoa Học và Công Nghệ Việt Nam
• Phụ kiện tiêu chuẩn kèm theo màn hình:
- Bộ phụ kiện tiêu chuẩn: Bút, dây nguồn, dây audio, remote, bộ giá lắp camera, …
• Phụ kiện nâng cấp:
- Theo tiêu chuẩn nhà sản xuất
2 Phần mềm chính hãng myViewBoard Entity Có bản quyền 01 Gói Tặng kèm
+ myViewBoard Premium: Phần mềm thay thế bảng trắng
+ myViewBoard Manager: Ứng dụng quản lý nhiều thiết bị từ xa cho toàn hệ thống đã dùng màn hình ViewSonic IFP
+ myViewBoard Record: Ứng dụng quay Film màn hình độc lập trên nền tảng Android hoặc Windows
+ myViewBoard Whiteboard: Phần mềm kỹ thuật số myViewBoard hỗ trợ đào tạo và thuyết trình
+ myViewBoard Live: Livestream trực tiếp màn hình lên các nền tảng mạng xã h""";98000000;: 405/2025/294/CTTĐG-VNVIC;15/12/2025;…;Bùi Thị Trà Giang
420;;Bảng ghim nỉ treo tường;bộ;"
Bảng ghim nỉ treo tường:
- Kích thước: 1200x2400mm
- Mô tả: Bảng có thiết kế khung bằng nhôm sáng bóng sang trọng, gọn nhẹ cùng các góc bo bằng nhựa an toàn cho người sử dụng Ghim cắm ngập không để lại vết  Cốt nhựa chống cong vênh và chịu nước 100% Ở giữa có một lớp cao su dày có độ đàn hồi tốt, giúp ghim tài liệu dễ dàng hơn ";1749000;: 405/2025/294/CTTĐG-VNVIC;15/12/2025;…;Bùi Thị Trà Giang
421;;Bàn học sinh (2 chỗ);bộ;"
- KT bàn: Cao bàn 68 cm, sâu bàn 50 cm, rộng bàn 120 cm  KT khung bàn: Cao khung 66 cm, sâu khung 45 cm, rộng khung 100 cm
 - Kiểu dáng, màu sắc: Bàn 02 chỗ ngồi, bàn phẳng, các cạnh, góc mài tròn; kiểu dáng như hình ảnh mô tả; màu sắc tự nhiên theo vân gỗ (đảm bảo thẩm mỹ, phù hợp lứa tuổi và môi trường sư phạm)
 - Kết cấu, vật liệu bàn:
  + Khung bàn: Khung chính, chân bàn bằng thép hộp 50x25mm dày 1,2mm; khung, đố ngăn bàn bằng thép hộp 25x25mm, các xà giằng bằng thép hộp 20x20mm dày 1,0 mm Giằng chữ H có đố đứng giữa Toàn bộ khung bàn được hàn ngấu trong khí CO2, mài nhẵn, sơn tĩnh điện màu ghi, đảm bảo độ bền kết cấu và sơn phủ  Bàn có chân tăng chỉnh giúp kê bàn chắc chắn trên sàn nhà
 + Mặt bàn: Làm bằng gỗ cao su ghép thanh mặt A - B, vân gỗ sáng màu, dày 18mm được sơn phủ kỹ bằng PU 3 lớp màu vàng nhạt
 + Ngăn bàn, chắn trước bàn: Làm bằng tôn tấm gấp cạnh liền hộp, dày 0,6mm có kích thước bằng lòng bên trong của khung, được sơn tĩnh điện màu ghi đảm bảo độ bền kết cấu và sơn phủ
 - Yêu cầu khác: 
 + Kích thước cơ bản của bàn (sai số cho phép của kích thước là ± 5mm), riêng độ dày của gỗ sai số ± 0,5mm";1139000;: 405/2025/294/CTTĐG-VNVIC;15/12/2025;…;Bùi Thị Trà Giang
422;;Ghế ngồi học sinh (1 chỗ);bộ;"
- KT ghế: Cao ghế 41 cm, sâu ghế 36 cm, rộng ghế 36 cm
  KT khung ghế: Cao khung 39 cm, sâu khung 34 cm, rộng khung 32 cm
 - Kiểu dáng, màu sắc: Ghế 01 chỗ ngồi, phẳng; kiểu dáng như hình ảnh mô tả; màu sắc tự nhiên theo vân gỗ (đảm bảo thẩm mỹ, phù hợp lứa tuổi và môi trường sư phạm)
 - Kết cấu, vật liệu ghế:
 + Khung ghế: khung bằng thép 20x40 mm, xà phía trước thép hộp 20x20 mm độ dày 1,0mm Toàn bộ khung ghế được hàn ngấu trong khí CO2, mài nhẵn, sơn tĩnh điện màu sáng, đảm bảo thẩm mỹ, độ bền kết cấu và sơn phủ
 + Mặt ghế, tựa ghế: Làm bằng gỗ cao su ghép thanh loại A - B trở lên, vân gỗ sáng màu, dày 18mm được sơn phủ kỹ bằng PU 3 lớp màu vàng nhạt
 - Yêu cầu khác: 
 + Kích thước cơ bản của ghế (sai số cho phép của kích thước là ± 5mm), riêng độ dày của gỗ sai số ± 0,5mm
 + Hàng sản xuất trong năm thực hiện, mới 100%";324000;: 405/2025/294/CTTĐG-VNVIC;15/12/2025;…;Bùi Thị Trà Giang
423;;Biển tên phòng;bộ;"
Biển tên phòng:
- Kích thước: 200x300 mm
- Chất liệu mặt inox in UV, nội dung 2 mặt giống nhau Khung mica Có chân tháo rời để lắp đặt 
- Kích thước 20 x 30 cm ";550000;: 405/2025/294/CTTĐG-VNVIC;15/12/2025;…;Bùi Thị Trà Giang
424;;"
Thiết bị khác:
Ảnh Bác, Bảng 5 điều Bác Hồ dạy, Bảng trích thư, Khẩu hiệu ""Đời đời nhớ ơn Chủ tịch Hồ Chí Minh""";bộ;"
Ảnh Bác
-Kích thước: 40 x 60 cm 
-Khổ ảnh: A4 
-Khung viền bằng nhôm màu sáng
Bảng 5 điều Bác Hồ dạy
- Độ dày mặt bảng 5 mm
- Độ bền Trên 5 năm
- Công nghệ in PP Nano công nghệ Korea
- Lớp cốt Tấm PVC chống nước chuyên dụng dày 5mm 
- Khung nhôm Nhôm thanh định hình Việt - Nhật
Bảng trích thư
- Kích thước 60 x 80cm
- Mặt bảng: Polyester
- Tấm lót bảng: Ván MDF 4mm
- Khung bảng: Bằng nhôm chuyên dụng
Khẩu hiệu ""Đời đời nhớ ơn Chủ tịch Hồ Chí Minh""";1350000;: 405/2025/294/CTTĐG-VNVIC;15/12/2025;…;Bùi Thị Trà Giang
425;;"Thiết bị khác:
Đồng hồ treo tường";bộ;"
Đồng hồ :
- Kích thước: 340x40 mm
- Mô tả: Kiểu dáng tròn, số nổi, chất liệu nhựa bền đẹp";324000;: 405/2025/294/CTTĐG-VNVIC;15/12/2025;…;Bùi Thị Trà Giang
426;;"Thiết bị khác:
Bộ âm thanh trợ giảng";bộ;"SOAIY S-718
Bộ mic trợ giảng không dây cài áo: 
Công suất loa 10W
Sử dụng sóng không dây 24G
Hỗ trợ: TF card / USB
Dung lượng pin: 1800mAh";565000;: 405/2025/294/CTTĐG-VNVIC;15/12/2025;…;Bùi Thị Trà Giang
427;;Camera rời kết nối với máy vi tính;bộ;"
Độ phân giải Full HD 1080P
Tốc độ khung hình 30fps/s
Góc quay 90 độ
Có khả năng zoom được 4X
Có thể mở rộng góc quay
Kết nối: USB 20/30
Tích hợp micro
Tương thích hệ thống: Windows 7,8,10 / vista / xp / 2000 / Mac";2500000;: 405/2025/294/CTTĐG-VNVIC;15/12/2025;…;Bùi Thị Trà Giang
428;;"Các thiết bị khác:
Bộ loa, amply, micro";bộ;"TOA HS-1500BT
Micro không dây Shure UGX8 
Bao gồm: 2 Loa, 1 amply, 1 micro
+ Loa thông báo
+ Vỏ loa Loa thùng kín                               
+ Công suất 60W
+ Trở kháng: 100V line: 170Ω(60W), 330Ω(30W), 670Ω(15W), 70V line: 83Ω(60W), 170Ω(30W), 330Ω(15W), 670Ω(15W)
+ Cường độ âm thanh: (1W,1m) 98dB
+ Đáp tuyến tần số 85 – 20,000Hz
+ Tiêu chuẩn chống cháy IP-65
+ Thành phẩm Vỏ : Nhựa Polypropylene Lưới: Thép mạ
Micro không dây :
Tần số sóng mang UHF 610MHz – 660MHz
Đáp ứng tần số 40Hz ~ 18kHz
Điều chế chế độ FM
Ổn định tần số ± 0005%
Độ nhạy -107dbm
Công suất âm thanh Trở kháng 600 Ohm
Độ lệch ± 20KHz
Nguồn cung cấp 210V AC adapter
Thu sóng trong bán kính 300m
Tỷ lệ S / N > 80dB (1kHz-A)
Pin sử dụng liên tục 15 giờ
Amply 6zone
Điện áp : AC220V / 50HZ
Công suất định mức : 120W
Điện áp cố định : 70v / 100v
Điện trở liên tục: 4-16Ω;
Dòng đầu ra : 600Ω / 1V (0dB)
Độ nhạy đầu vào: MIC 1,2 / 600Ω, 20mV, Độ mất cân bằng ; Aux 1,2 / 10kΩ, 100mV, Không cân bằng
Độ nhạy đáp ứng : 100Hz-16KHz
THD : <0,1% KHz
S / N : “MIC 1,2: 66db
Kiểm soát âm lượng : Bass: ± 10dB, ở 100Hz; Treble: ± 10db, ở tốc độ 10KHz
Chế độ ngắt tiếng : Mic 1
Trọng lượng : 137 Kg
Màu : Bạc
Kích thước : 480X75X273mm";23914440;: 405/2025/294/CTTĐG-VNVIC;15/12/2025;…;Bùi Thị Trà Giang
429;;Bộ bàn làm việc;bộ;"
Bàn ghế dành cho giáo viên:
  - Bàn giáo viên: có đợt, khung ống thép 30x30X1,2mm sơn tĩnh điện, mặt bàn gỗ cao su ghép thanh loại AA dày 18mm Kích thước: W1200 x D600 x H750 mm  Bàn có 1 ngăn kéo, 1 tủ cánh mở có khóa, 1 kệ để CPU và 1 khay để bàn phím, Mặt bàn có lỗ đi dây điện tiện dụng 
 Chắn trước: Làm bằng gỗ cao su ghép thanh loại AA dày 18mm dài bằng chiều dài của khung bàn, cao bằng cao ngăn bàn,  quây bàn gần sát đất   ";2583000;: 405/2025/294/CTTĐG-VNVIC;15/12/2025;…;Bùi Thị Trà Giang
430;;Bộ ghế giáo viên;bộ;"GNV-07-00/ Xuân Hòa
- Ghế ngồi : 560x560x(860-980) Rc=280
- Ghế xoay nhân viên có tay, mặt ngồi đệm mút, bọc nỉ
- Tựa ghế viền nhựa bọc lưới, ngả đàn hồi, Tay ghế bằng nhựa Ghế được điều chỉnh độ cao bằng cần hơi
- Chân ghế bằng nhựa
- Sản phẩm sản xuất trên dây chuyền công nghệ được chứng nhận quản lý chất lượng theo tiêu chuẩn: ISO 9001:2015; ISO 14001:2015; ISO 45001:2018";787037;: 405/2025/294/CTTĐG-VNVIC;15/12/2025;…;Bùi Thị Trà Giang
431;;Máy vi tính để bàn;bộ;"FPT
Bộ vi xử lý: Intel® Core™ i5-12400 (Bộ nhớ đệm 18M, lên đến 4,40 GHz)
Ổ cứng: SSD 256GB SATA3
Bộ nhớ trong (Ram): DDR4 8Gb bus 2666
Bảng mạch chủ: Intel® H610 Chipset; 6 x DIMM, Max 64GB, DDR4 3200/3000/2933/2800/2666/2400/2133 Non-ECC
Khe cắm mở rộng: 3 x PCI Express, 1 x PCI slot
Card màn hình onboard: Intel® Integrated graphics UHD 730 processor
Cạc âm thanh : Support 8-channel audio output
Màn hình:  FPT Elead 215'' độ phân giải FHD 1920x1080, sử dụng công nghệ A/LBL (Anti Low Blue Light) để hạn chế tác hại của ánh sáng xanh, tốt hơn cho mắt người sử dụng
Chuột, bàn phím FPT Elead kết nối USB
Bao gồm cài đặt win bản quyền và bảo hành 24 tháng
";12273000;: 405/2025/294/CTTĐG-VNVIC;15/12/2025;…;Bùi Thị Trà Giang
432;;Bàn học sinh (2 chỗ);bộ;"
- KT bàn: Cao bàn 68 cm, sâu bàn 50 cm, rộng bàn 120 cm  KT khung bàn: Cao khung 66 cm, sâu khung 45 cm, rộng khung 100 cm
 - Kiểu dáng, màu sắc: Bàn 02 chỗ ngồi, bàn phẳng, các cạnh, góc mài tròn; kiểu dáng như hình ảnh mô tả; màu sắc tự nhiên theo vân gỗ (đảm bảo thẩm mỹ, phù hợp lứa tuổi và môi trường sư phạm)
 - Kết cấu, vật liệu bàn:
  + Khung bàn: Khung chính, chân bàn bằng thép hộp 50x25mm dày 1,2mm; khung, đố ngăn bàn bằng thép hộp 25x25mm, các xà giằng bằng thép hộp 20x20mm dày 1,0 mm Giằng chữ H có đố đứng giữa Toàn bộ khung bàn được hàn ngấu trong khí CO2, mài nhẵn, sơn tĩnh điện màu ghi, đảm bảo độ bền kết cấu và sơn phủ  Bàn có chân tăng chỉnh giúp kê bàn chắc chắn trên sàn nhà
 + Mặt bàn: Làm bằng gỗ cao su ghép thanh mặt A - B, vân gỗ sáng màu, dày 18mm được sơn phủ kỹ bằng PU 3 lớp màu vàng nhạt
 + Ngăn bàn, chắn trước bàn: Làm bằng tôn tấm gấp cạnh liền hộp, dày 0,6mm có kích thước bằng lòng bên trong của khung, được sơn tĩnh điện màu ghi đảm bảo độ bền kết cấu và sơn phủ
 - Yêu cầu khác: 
 + Kích thước cơ bản của bàn (sai số cho phép của kích thước là ± 5mm), riêng độ dày của gỗ sai số ± 0,5mm";1139000;: 405/2025/294/CTTĐG-VNVIC;15/12/2025;…;Bùi Thị Trà Giang
433;;Ghế ngồi học sinh);bộ;"
- KT ghế: Cao ghế 41 cm, sâu ghế 36 cm, rộng ghế 36 cm
  KT khung ghế: Cao khung 39 cm, sâu khung 34 cm, rộng khung 32 cm
 - Kiểu dáng, màu sắc: Ghế 01 chỗ ngồi, phẳng; kiểu dáng như hình ảnh mô tả; màu sắc tự nhiên theo vân gỗ (đảm bảo thẩm mỹ, phù hợp lứa tuổi và môi trường sư phạm)
 - Kết cấu, vật liệu ghế:
 + Khung ghế: khung bằng thép 20x40 mm, xà phía trước thép hộp 20x20 mm độ dày 1,0mm Toàn bộ khung ghế được hàn ngấu trong khí CO2, mài nhẵn, sơn tĩnh điện màu sáng, đảm bảo thẩm mỹ, độ bền kết cấu và sơn phủ
 + Mặt ghế, tựa ghế: Làm bằng gỗ cao su ghép thanh loại A - B trở lên, vân gỗ sáng màu, dày 18mm được sơn phủ kỹ bằng PU 3 lớp màu vàng nhạt
 - Yêu cầu khác: 
 + Kích thước cơ bản của ghế (sai số cho phép của kích thước là ± 5mm), riêng độ dày của gỗ sai số ± 0,5mm
 + Hàng sản xuất trong năm thực hiện, mới 100%";324000;: 405/2025/294/CTTĐG-VNVIC;15/12/2025;…;Bùi Thị Trà Giang
434;;Tủ tài liệu;bộ;"The One TU09K3BCK
Tủ đựng hồ sơ tài liệu:
- Kích thước: Dài 100 cm x Sâu 45 cm x cao 183 cm
- Kích thước kính: Dài 1015 mm x Rộng 410 mm x 3 mm
Tủ đựng hồ sơ tài liệu:
- Tủ hồ sơ mặt hình chữ nhật
- Tủ gồm 2 khoang
+ Khoang trên có 2 đợt di động, khung cánh kính lùa
+ Khoang dưới có 2 cánh sắt lùa
- Chất liệu: Sắt sơn tĩnh điện màu ghi sáng, tay nắm nhựa
- Sản phẩm sản xuất trên dây chuyền công nghệ được chứng nhận quản lý chất lượng theo tiêu chuẩn: ISO 9001:2015; ISO 14001:2015; ISO 45001:2018";3333333;: 405/2025/294/CTTĐG-VNVIC;15/12/2025;…;Bùi Thị Trà Giang
435;;Tủ đựng dụng cụ âm nhạc;bộ;"
Tủ đựng dụng cụ âm nhạc
Gồm 03 khối: Khối đựng trang phục của cô, khối để trang phụchọc sinh, kệ để phụ kiện biểu diễn
KT tủ cô: 1000 mm x 500 mmx 2000 mm
KT tủ cháu: 1000 mm x 500 mm x 2000 mm
KT kệ phụ kiện: 1150 x 500 x 1600 mm
Vật liệu: Bằng gỗ cao su loại AA dày 18mm, lưng tủ dày 10mm đã qua xử lý chống ẩm mốc, mối mọt, không cong vênh,đảm bảo tính thẩm mỹ bền đẹp của sản phẩm Tủ cô và tủ học sinh đều đều được thiết kế gồm 3 phần: phần trên cùng 2 cánh gỗ mica mở, kiểu ô cửa để phụ kiện biểu diễn, phần giữa là 2 cánh gỗ mica mở (2 khối bên ngoài có suốt inox treo trang phục, khối giữa có 2 đợt để đồ dùng biểu diễn), phần dưới cùng là 02 ngăn kéo gỗ để phụ kiện biểu diễn Kệ phụ kiện không cánh, được chia làm nhiều ô đợt để phụ kiện biểu dáng Kiểu dáng và màu sắc được thiết kế phù hợp với môi trường mầm non, kích thích trẻ hoạt động văn nghệ theo hướng dẫn của giáo viên";22000000;: 405/2025/294/CTTĐG-VNVIC;15/12/2025;…;Bùi Thị Trà Giang
436;;Bảng trượt ngang 2 lớp;bộ;"
Bảng trượt 2 lớp, kích thước 1200x3600mm:
'+ Hệ thống trượt gồm 2 thanh ray: 1 ray trên và 1 ray dưới được làm bằng hợp kim nhôm đúc nguyên khối dày 1mm được sơn tĩnh điện sần màu ghi xám vững trãi, chống xước, chống oxy hóa,
+ Kích thước tổng thể khung nhôm: 396 x264 x1mm Chiều dày tổng thể sản phẩm 70mm, gồm 2 lớp bảng :
+ Lớp 1 gồm: 2 bảng từ xanh có dòng kẻ  kích thước 915x1200mm gắn cố định 2 đầu ray trượt Khung nhôm bảng kích thước 396x264x1mm Hậu bảng dày 20mm được gia cường chịu lực bởi 2 lớp cốt: cốt nhựa PVC chịu nước dày 5 ly + cốt nhựa PVC chịu nước dày 15 ly có sập ngàm giữa các tấm
+ Lớp 2 gồm: 2 bảng từ xanh có dòng kẻ  kích thước 915x1200mm trượt trên ray Khung nhôm bảng sơn tĩnh điện sần chống xước màu ghi xám kích thước 319x264x1mm
Hậu bảng dày 20mm được gia cường chịu lực bởi 2 lớp cốt: cốt nhựa PVC chịu nước dày 5 ly + cốt tổ ong 15 ly chịu lực, chống rung Góc bịt và khay đựng phấn bằng nhựa đồng màu với khung chống sắc nhọn và thẩm mĩ Bánh xe đôi chuyên dụng đúc từ nhựa PA nguyên khối chịu mài mòn Bảng được sản xuất và kiểm soát chất lượng theo tiêu chuẩn ISO 9001:2015, ISO 14001:2015 và ISO 45001: 2018 Mặt bảng bằng thép chống lóa đáp ứng tiêu chuẩn JISG3312 CGCC, đạt tiêu chuẩn thử nghiệm US EPA và TCVN";6523810;: 405/2025/294/CTTĐG-VNVIC;15/12/2025;…;Bùi Thị Trà Giang
437;;Tivi 65 inch;bộ;"Smart Tivi QLED Samsung 4K 65 inch QA65Q65D
Loại Tivi:Smart Tivi QLED
Kích cỡ màn hình:65 inch
Độ phân giải:4K (Ultra HD)
Loại màn hình:Đèn nền: LED viền kết hợp Dual LED, Tấm nền: Hãng không công bố
Hệ điều hành:Tizen™
Chất liệu chân đế:Nhựa
Chất liệu viền tivi:Nhựa
Nơi sản xuất:Việt Nam
Năm ra mắt: 2024
Công nghệ hình ảnh:
Supreme UHD Dimming
Quantum HDR
Quantum Dot
Dual LED
4K Upscaling
Chuyển động mượt Motion Xcelerator
Super Ultra Wide Game View & Game Bar
Giảm độ trễ chơi game Auto Low Latency Mode (ALLM)
Căn chỉnh hình ảnh tự động bảo vệ mắt EyeComfort
Chế độ Game Motion Plus
Ambient Mode
Bộ xử lý:Bộ xử lý Quantum 4K Lite
Tần số quét thực: 60 Hz
Điều khiển tivi bằng điện thoại:
SmartThings
Điều khiển bằng giọng nói:
Tìm kiếm giọng nói trên YouTube bằng tiếng Việt
Bixby có tiếng Việt
Chiếu hình từ điện thoại lên TV:
Tap View
Screen Mirroring
AirPlay 2
Remote thông minh:
Điều khiển One Remote Control tích hợp Solar Cell Remote
Kết nối ứng dụng các thiết bị trong nhà:
SmartThings
Ứng dụng phổ biến:
YouTube
Netflix
Clip TV
FPT Play
MyTV
VieON
Spotify
Trình duyệt web
Amazon Prime video
Apple TV
Tiện ích thông minh khác:
Built in IoT Hub kết nối các thiết bị IoT mà không cần dongle
Multi View chia nhỏ màn hình tivi (có thể kết nối camera gắn rời)
Samsung Daily+ quản lý hoạt động mỗi ngày
Bản đồ 3D các thiết bị kết nối sống động
Công nghệ âm thanh
Tổng công suất loa:
20W
Số lượng loa:
Hãng không công bố
Âm thanh vòm:
Âm thanh chuyển động theo hình ảnh OTS Lite
Các công nghệ khác:
Q-Symphony Next kết hợp loa tivi với loa thanh
Adaptive Sound 
Cổng kết nối
Kết nối Internet:Wi-FiCổng mạng LAN
Kết nối không dây:Bluetooth (Kết nối bàn phím, chuột)
USB2 cổng USB A
Cổng nhận hình ảnh, âm thanh:3 cổng HDMI có 1 cổng HDMI eARC (ARC)
Cổng xuất âm thanh:1 cổng Optical (Digital Audio), 1 cổng eARC (ARC)
Thông tin lắp đặt
Kích thước có chân, đặt bàn:Ngang 145 cm - Cao 8971 cm - Dày 2902 cm
Khối lượng có chân:218 Kg
Kích thước không chân, treo tường:Ngang 145 cm - Cao 8314 cm - Dày 257 cm
Khối lượng không chân:209 Kg
Hãng:Samsung";14545455;: 405/2025/294/CTTĐG-VNVIC;15/12/2025;…;Bùi Thị Trà Giang
438;;Biển tên phòng;bộ;"
Biển tên phòng:
- Kích thước: 200x300 mm
- Chất liệu mặt inox in UV, nội dung 2 mặt giống nhau Khung mica Có chân tháo rời để lắp đặt 
- Kích thước 20 x 30 cm ";550000;: 405/2025/294/CTTĐG-VNVIC;15/12/2025;…;Bùi Thị Trà Giang
439;;Đàn organ giáo viên + giá kê;bộ;"Roland RP-107
Đàn organ điện tử cho giáo viên:
- Âm thanh piano : Công nghệ tái tạo âm thanh siêu chân thật
- Độ phân giải âm thanh tối đa : 256 âm thanh
- Số tiếng đàn :  Tổng 15 tiếng
- Bàn phím : Bàn phím tiêu chuẩn PHA-4: với cảm giác thoát phím chân thật và mặt bàn phím giả ngà voi tạo cảm giác bám 88 phím)    
- Bàn đạp điều khiển : Damper (capable of continuous detection) Bộ giảm chấn (có khả năng phát hiện liên tục) ; Soft (capable of continuous detection) Mềm (có khả năng phát hiện liên tục)SostenutoSostenuto – Kéo dài âm thanh
- Công suất đầu ra định mức: 8 W x 2 = 16W
- Công nghệ tai nghe: Hiệu ứng: Công nghệ tai nghe 3D ngoại cảnh
- Độ nhạy cảm ứng:  Phím cảm ứng 5 mức, chạm cố định
- Điều chỉnh tần số:  Từ 415,3–466,2 Hz (có thể điều chỉnh theo gia số 0,1 Hz)
- Các hiệu ứng: Cảm nhận sắc thái âm thanh, âm sắc rực rỡ
- Bluetooth:  Bluetooth Ver 42; Cấu hình: A2DP (Âm thanh), GATT (MIDI qua Bluetooth năng lượng thấp); CODEC: SBC (Hỗ trợ bảo vệ nội dung SCMS-T)
- Data Playback: Standard MIDI Files (Format 0, 1); Tệp âm thanh (WAV: 44,1 kHz, định dạng tuyến tính 16 bit, MP3: 44,1 kHz, 64 kbps – 320 kbps, yêu cầu Bộ nhớ USB Flash)
- Chức năng mở rộng: Máy đếm nhịp (có thể điều chỉnh Tempo / Beat / Volume); 2 tiếng nhạc cụ cùng lúc; TwinPiano – chia bàn phím 2 người đánh; Dịch tone – theo nửa cung mỗi lần; Âm lượng loa và âm lượng tai nghe tự động chọn chức năng; Loa tự động tắt tiếng; Tự động tắt khi không dùng
 - Kết nối: DC In jack; USB Computer port: USB B type; USB Memory port: USB A type; Phones jack x 2: Stereo miniature phone type, Stereo 1/4-inch phone type
- Ghi âm:  Tệp MIDI tiêu chuẩn (Định dạng 0, 1 phần, Bộ nhớ khoảng 70000 nốt)
- Kích thước: 1,378  x 410 x 982 (Rộng x Sâu x Cao)
- Bao gồm phụ kiện: Bộ chân đế để đàn, túi đựng đàn, sách bài hát";18182000;: 405/2025/294/CTTĐG-VNVIC;15/12/2025;…;Bùi Thị Trà Giang
440;;Đàn organ học sinh;bộ;"Yamaha Psr E473
Đàn Organ điện tử dùng cho học sinh:
- Số phím: 61
- 820 Tiếng nhạc và Tiếng nhạc Articulation Lite
- 290 Điệu nhạc (Styles)
- 2 kênh/41 loại hiệu ứng chèn DSP
- Lấy mẫu nhanh Quick Sampling
- Trình tạo giai điệu Groove Creator
- Núm Live Control, chức năng Motion Effect, bánh xe điều chỉnh cao độ
- Tính năng Mega Boost
- Các nút truy cập danh mục trực tiếp Direct Category Access
- Giao diện/Ghi âm thanh qua USB
- Ngõ vào mic và hiệu ứng thanh âm
- Ngõ ra L/R riêng rẽ
- Công nghệ tạo âm: Lấy mẫu AWM Stereo
- Số đa âm (Tối đa): 64
- Bao gồm phụ kiện: Bộ chân đế để đàn, túi đựng đàn, sách bài hát";8455000;: 405/2025/294/CTTĐG-VNVIC;15/12/2025;…;Bùi Thị Trà Giang
441;;"Các thiết bị khác:
Ảnh Bác, Bảng 5 điều Bác Hồ dạy, Bảng trích thư, Khẩu hiệu ""Đời đời nhớ ơn Chủ tịch Hồ Chí Minh""";bộ;"
Ảnh Bác
-Kích thước: 40 x 60 cm 
-Khung viền bằng nhôm màu sáng
Bảng 5 điều Bác Hồ dạy
- Độ dày mặt bảng 5 mm
- Độ bền Trên 5 năm
- Công nghệ in PP Nano công nghệ Korea
- Lớp cốt Tấm PVC chống nước chuyên dụng dày 5mm 
- Khung nhôm Nhôm thanh định hình Việt - Nhật
Bảng trích thư
- Kích thước 60 x 80cm
- Mặt bảng: Polyester
- Tấm lót bảng: Ván MDF 4mm
- Khung bảng: Bằng nhôm chuyên dụng
Khẩu hiệu ""Đời đời nhớ ơn Chủ tịch Hồ Chí Minh""";1350000;: 405/2025/294/CTTĐG-VNVIC;15/12/2025;…;Bùi Thị Trà Giang
442;;"Các thiết bị khác:
Đồng hồ treo tường";bộ;"
Đồng hồ :
- Kích thước: 340x40 mm
- Mô tả: Kiểu dáng tròn, số nổi, chất liệu nhựa bền đẹp";324000;: 405/2025/294/CTTĐG-VNVIC;15/12/2025;…;Bùi Thị Trà Giang
443;;"Các thiết bị khác:
Bộ âm thanh trợ giảng";bộ;"SOAIY S-718
Bộ mic trợ giảng không dây cài áo: 
Công suất loa 10W
Sử dụng sóng không dây 24G
Hỗ trợ: TF card / USB
Dung lượng pin: 1800mAh";565000;: 405/2025/294/CTTĐG-VNVIC;15/12/2025;…;Bùi Thị Trà Giang
444;;"Các thiết bị khác:
Bộ loa, amply, micro";bộ;"TOA HS-1500BT
Micro không dây Shure UGX8 
Bao gồm: 2 Loa, 1 amply, 1 micro
+ Loa thông báo
+ Vỏ loa Loa thùng kín                               
+ Công suất 60W
+ Trở kháng: 100V line: 170Ω(60W), 330Ω(30W), 670Ω(15W), 70V line: 83Ω(60W), 170Ω(30W), 330Ω(15W), 670Ω(15W)
+ Cường độ âm thanh: (1W,1m) 98dB
+ Đáp tuyến tần số 85 – 20,000Hz
+ Tiêu chuẩn chống cháy IP-65
+ Thành phẩm Vỏ : Nhựa Polypropylene Lưới: Thép mạ
Micro không dây :
Tần số sóng mang UHF 610MHz – 660MHz
Đáp ứng tần số 40Hz ~ 18kHz
Điều chế chế độ FM
Ổn định tần số ± 0005%
Độ nhạy -107dbm
Công suất âm thanh Trở kháng 600 Ohm
Độ lệch ± 20KHz
Nguồn cung cấp 210V AC adapter
Thu sóng trong bán kính 300m
Tỷ lệ S / N > 80dB (1kHz-A)
Pin sử dụng liên tục 15 giờ
Amply 6zone
Điện áp : AC220V / 50HZ
Công suất định mức : 120W
Điện áp cố định : 70v / 100v
Điện trở liên tục: 4-16Ω;
Dòng đầu ra : 600Ω / 1V (0dB)
Độ nhạy đầu vào: MIC 1,2 / 600Ω, 20mV, Độ mất cân bằng ; Aux 1,2 / 10kΩ, 100mV, Không cân bằng
Độ nhạy đáp ứng : 100Hz-16KHz
THD : <0,1% KHz
S / N : “MIC 1,2: 66db
Kiểm soát âm lượng : Bass: ± 10dB, ở 100Hz; Treble: ± 10db, ở tốc độ 10KHz
Chế độ ngắt tiếng : Mic 1
Trọng lượng : 137 Kg
Màu : Bạc
Kích thước : 480X75X273mm";23914440;: 405/2025/294/CTTĐG-VNVIC;15/12/2025;…;Bùi Thị Trà Giang
445;;Bộ bàn làm việc;bộ;"
Bàn ghế dành cho giáo viên:
  - Bàn giáo viên: có đợt, khung ống thép 30x30X1,2mm sơn tĩnh điện, mặt bàn gỗ cao su ghép thanh loại AA dày 18mm Kích thước: W1200 x D600 x H750 mm  Bàn có 1 ngăn kéo, 1 tủ cánh mở có khóa, 1 kệ để CPU và 1 khay để bàn phím, Mặt bàn có lỗ đi dây điện tiện dụng 
 Chắn trước: Làm bằng gỗ cao su ghép thanh loại AA dày 18mm dài bằng chiều dài của khung bàn, cao bằng cao ngăn bàn,  quây bàn gần sát đất   ";2583000;: 405/2025/294/CTTĐG-VNVIC;15/12/2025;…;Bùi Thị Trà Giang
446;;Bộ ghế giáo viên;bộ;"GNV-07-00/ Xuân Hòa
- Ghế ngồi : 560x560x(860-980) Rc=280
- Ghế xoay nhân viên có tay, mặt ngồi đệm mút, bọc nỉ
- Tựa ghế viền nhựa bọc lưới, ngả đàn hồi, Tay ghế bằng nhựa Ghế được điều chỉnh độ cao bằng cần hơi
- Chân ghế bằng nhựa
- Sản phẩm sản xuất trên dây chuyền công nghệ được chứng nhận quản lý chất lượng theo tiêu chuẩn: ISO 9001:2015; ISO 14001:2015; ISO 45001:2018";787037;: 405/2025/294/CTTĐG-VNVIC;15/12/2025;…;Bùi Thị Trà Giang
447;;Máy vi tính để bàn;bộ;"FPT
Bộ vi xử lý: Intel® Core™ i5-12400 (Bộ nhớ đệm 18M, lên đến 4,40 GHz)
Ổ cứng: SSD 256GB SATA3
Bộ nhớ trong (Ram): DDR4 8Gb bus 2666
Bảng mạch chủ: Intel® H610 Chipset; 6 x DIMM, Max 64GB, DDR4 3200/3000/2933/2800/2666/2400/2133 Non-ECC
Khe cắm mở rộng: 3 x PCI Express, 1 x PCI slot
Card màn hình onboard: Intel® Integrated graphics UHD 730 processor
Cạc âm thanh : Support 8-channel audio output
Màn hình:  FPT Elead 215'' độ phân giải FHD 1920x1080, sử dụng công nghệ A/LBL (Anti Low Blue Light) để hạn chế tác hại của ánh sáng xanh, tốt hơn cho mắt người sử dụng
Chuột, bàn phím FPT Elead kết nối USB
Bao gồm cài đặt win bản quyền và bảo hành 24 tháng
";12273000;: 405/2025/294/CTTĐG-VNVIC;15/12/2025;…;Bùi Thị Trà Giang
448;;Giá vẽ học sinh (giá vẽ kết hợp bàn);bộ;"
Kích thước: bàn 62x80 cm
Bàn và ghế có tay xoat tăng giảm độ cao dễ dàng: bàn 53-78 cm
Mặt bàn nghiêng thông minh, tùy chình, chống sập khi hạ xuống Phù hợp để học tập, đọc, vẽ
Kèm theo đèn led 5 chế độ sáng không dây, cảm ứng
Hộc rủ kéo ra được nhiều ngăn nhỏ
Chất liệu: Khung sắt cán nguội phun sơn tĩnh điện 3 lớp, chống lóa, chống xước, chống nước";1840000;: 405/2025/294/CTTĐG-VNVIC;15/12/2025;…;Bùi Thị Trà Giang
449;;Ghế vẽ học sinh;bộ;"
- KT ghế: Cao ghế 41 cm, sâu ghế 36 cm, rộng ghế 36 cm
  KT khung ghế: Cao khung 39 cm, sâu khung 34 cm, rộng khung 32 cm
 - Kiểu dáng, màu sắc: Ghế 01 chỗ ngồi, phẳng; kiểu dáng như hình ảnh mô tả; màu sắc tự nhiên theo vân gỗ (đảm bảo thẩm mỹ, phù hợp lứa tuổi và môi trường sư phạm)
 - Kết cấu, vật liệu ghế:
 + Khung ghế: khung bằng thép 20x40 mm, xà phía trước thép hộp 20x20 mm độ dày 1,0mm Toàn bộ khung ghế được hàn ngấu trong khí CO2, mài nhẵn, sơn tĩnh điện màu sáng, đảm bảo thẩm mỹ, độ bền kết cấu và sơn phủ
 + Mặt ghế, tựa ghế: Làm bằng gỗ cao su ghép thanh loại A - B trở lên, vân gỗ sáng màu, dày 18mm được sơn phủ kỹ bằng PU 3 lớp màu vàng nhạt
 - Yêu cầu khác: 
 + Kích thước cơ bản của ghế (sai số cho phép của kích thước là ± 5mm), riêng độ dày của gỗ sai số ± 0,5mm
 + Hàng sản xuất trong năm thực hiện, mới 100%";324000;: 405/2025/294/CTTĐG-VNVIC;15/12/2025;…;Bùi Thị Trà Giang
450;;Tủ tài liệu;bộ;"The One TU09K3BCK
Tủ đựng hồ sơ tài liệu:
- Kích thước: Dài 100 cm x Sâu 45 cm x cao 183 cm
- Kích thước kính: Dài 1015 mm x Rộng 410 mm x 3 mm
Tủ đựng hồ sơ tài liệu:
- Tủ hồ sơ mặt hình chữ nhật
- Tủ gồm 2 khoang
+ Khoang trên có 2 đợt di động, khung cánh kính lùa
+ Khoang dưới có 2 cánh sắt lùa
- Chất liệu: Sắt sơn tĩnh điện màu ghi sáng, tay nắm nhựa
- Sản phẩm sản xuất trên dây chuyền công nghệ được chứng nhận quản lý chất lượng theo tiêu chuẩn: ISO 9001:2015; ISO 14001:2015; ISO 45001:2018";3333333;: 405/2025/294/CTTĐG-VNVIC;15/12/2025;…;Bùi Thị Trà Giang
451;;Tủ đựng dụng cụ mỹ thuật;bộ;"
Tủ đựng dụng cụ mỹ thuật
'- Kích thước: 800x400x1960
Tủ đựng dụng cụ mỹ thuật
- Tủ hình chữ nhật
- Tủ gồm 2 khoang
+ Khoang trên có 2 đợt di động, khung cánh kính mở
+ Khoang dưới có 2 cánh mở
- Chất liệu: Bằng gỗ công nghiệp dày 18mm, sơn PU
- Sản phẩm sản xuất trên dây chuyền công nghệ được chứng nhận quản lý chất lượng theo tiêu chuẩn: ISO 9001:2015; ISO 14001:2015; ISO 45001:2018";2600000;: 405/2025/294/CTTĐG-VNVIC;15/12/2025;…;Bùi Thị Trà Giang
452;;Bảng trượt ngang 2 lớp;bộ;"
Bảng trượt 2 lớp, kích thước 1200x3600mm:
'+ Hệ thống trượt gồm 2 thanh ray: 1 ray trên và 1 ray dưới được làm bằng hợp kim nhôm đúc nguyên khối dày 1mm được sơn tĩnh điện sần màu ghi xám vững trãi, chống xước, chống oxy hóa,
+ Kích thước tổng thể khung nhôm: 396 x264 x1mm Chiều dày tổng thể sản phẩm 70mm, gồm 2 lớp bảng :
+ Lớp 1 gồm: 2 bảng từ xanh có dòng kẻ  kích thước 915x1200mm gắn cố định 2 đầu ray trượt Khung nhôm bảng kích thước 396x264x1mm Hậu bảng dày 20mm được gia cường chịu lực bởi 2 lớp cốt: cốt nhựa PVC chịu nước dày 5 ly + cốt nhựa PVC chịu nước dày 15 ly có sập ngàm giữa các tấm
+ Lớp 2 gồm: 2 bảng từ xanh có dòng kẻ  kích thước 915x1200mm trượt trên ray Khung nhôm bảng sơn tĩnh điện sần chống xước màu ghi xám kích thước 319x264x1mm
Hậu bảng dày 20mm được gia cường chịu lực bởi 2 lớp cốt: cốt nhựa PVC chịu nước dày 5 ly + cốt tổ ong 15 ly chịu lực, chống rung Góc bịt và khay đựng phấn bằng nhựa đồng màu với khung chống sắc nhọn và thẩm mĩ Bánh xe đôi chuyên dụng đúc từ nhựa PA nguyên khối chịu mài mòn Bảng được sản xuất và kiểm soát chất lượng theo tiêu chuẩn ISO 9001:2015, ISO 14001:2015 và ISO 45001: 2018 Mặt bảng bằng thép chống lóa đáp ứng tiêu chuẩn JISG3312 CGCC, đạt tiêu chuẩn thử nghiệm US EPA và TCVN";6523810;: 405/2025/294/CTTĐG-VNVIC;15/12/2025;…;Bùi Thị Trà Giang
453;;Tivi 65 inch;bộ;"Smart Tivi QLED Samsung 4K 65 inch QA65Q65D
Loại Tivi:Smart Tivi QLED
Kích cỡ màn hình:65 inch
Độ phân giải:4K (Ultra HD)
Loại màn hình:Đèn nền: LED viền kết hợp Dual LED, Tấm nền: Hãng không công bố
Hệ điều hành:Tizen™
Chất liệu chân đế:Nhựa
Chất liệu viền tivi:Nhựa
Nơi sản xuất:Việt Nam
Năm ra mắt: 2024
Công nghệ hình ảnh:
Supreme UHD Dimming
Quantum HDR
Quantum Dot
Dual LED
4K Upscaling
Chuyển động mượt Motion Xcelerator
Super Ultra Wide Game View & Game Bar
Giảm độ trễ chơi game Auto Low Latency Mode (ALLM)
Căn chỉnh hình ảnh tự động bảo vệ mắt EyeComfort
Chế độ Game Motion Plus
Ambient Mode
Bộ xử lý:Bộ xử lý Quantum 4K Lite
Tần số quét thực: 60 Hz
Điều khiển tivi bằng điện thoại:
SmartThings
Điều khiển bằng giọng nói:
Tìm kiếm giọng nói trên YouTube bằng tiếng Việt
Bixby có tiếng Việt
Chiếu hình từ điện thoại lên TV:
Tap View
Screen Mirroring
AirPlay 2
Remote thông minh:
Điều khiển One Remote Control tích hợp Solar Cell Remote
Kết nối ứng dụng các thiết bị trong nhà:
SmartThings
Ứng dụng phổ biến:
YouTube
Netflix
Clip TV
FPT Play
MyTV
VieON
Spotify
Trình duyệt web
Amazon Prime video
Apple TV
Tiện ích thông minh khác:
Built in IoT Hub kết nối các thiết bị IoT mà không cần dongle
Multi View chia nhỏ màn hình tivi (có thể kết nối camera gắn rời)
Samsung Daily+ quản lý hoạt động mỗi ngày
Bản đồ 3D các thiết bị kết nối sống động
Công nghệ âm thanh
Tổng công suất loa:
20W
Số lượng loa:
Hãng không công bố
Âm thanh vòm:
Âm thanh chuyển động theo hình ảnh OTS Lite
Các công nghệ khác:
Q-Symphony Next kết hợp loa tivi với loa thanh
Adaptive Sound 
Cổng kết nối
Kết nối Internet:Wi-FiCổng mạng LAN
Kết nối không dây:Bluetooth (Kết nối bàn phím, chuột)
USB2 cổng USB A
Cổng nhận hình ảnh, âm thanh:3 cổng HDMI có 1 cổng HDMI eARC (ARC)
Cổng xuất âm thanh:1 cổng Optical (Digital Audio), 1 cổng eARC (ARC)
Thông tin lắp đặt
Kích thước có chân, đặt bàn:Ngang 145 cm - Cao 8971 cm - Dày 2902 cm
Khối lượng có chân:218 Kg
Kích thước không chân, treo tường:Ngang 145 cm - Cao 8314 cm - Dày 257 cm
Khối lượng không chân:209 Kg
Hãng:Samsung";14545455;: 405/2025/294/CTTĐG-VNVIC;15/12/2025;…;Bùi Thị Trà Giang
454;;Bục đặt mẫu;bộ;"
Bục đặt mẫu
– Chất liệu: Bằng gỗ/nhựa cứng (hoặc vật liệu có độ cứng tương đương), không cong vênh, chịu được nước, an toàn trong sử dụng;
– Kích thước tối thiểu: Chiều cao có thể điều chỉnh ở 3 mức (800mm-900mm-1000mm); mặt đặt mẫu (400×500)mm, dày tối thiểu 7mm;
– Kiểu dáng đơn giản, gọn, dễ di chuyển ở các vị trí khác nhau trong lớp học";335000;: 405/2025/294/CTTĐG-VNVIC;15/12/2025;…;Bùi Thị Trà Giang
455;;Bảng ghim nỉ treo tường;bộ;"
Bảng ghim nỉ treo tường:
- Kích thước: 1200x2400mm
- Mô tả: Bảng có thiết kế khung bằng nhôm sáng bóng sang trọng, gọn nhẹ cùng các góc bo bằng nhựa an toàn cho người sử dụng Ghim cắm ngập không để lại vết  Cốt nhựa chống cong vênh và chịu nước 100% Ở giữa có một lớp cao su dày có độ đàn hồi tốt, giúp ghim tài liệu dễ dàng hơn ";1749000;: 405/2025/294/CTTĐG-VNVIC;15/12/2025;…;Bùi Thị Trà Giang
456;;Màn hình tương tác thông minh 75 inches và đầy đủ các phụ kiện kết nối;bộ;"ViewSonic IFP 7533
""Màn hình tương tác thông minh ViewSonic IFP 7533
- Kích thước hiển thị của màn hình (Inch): 75 Inch (75 diagonal)
- Vùng hiển thị: 1649664(H) × 927936(V)
- Công nghệ màn hình: TFT LCD Module with DLED Backlight IPS
- Cảm ứng: 20 điểm chạm với công nghệ Ultra Fine Touch siêu mượt tương thích với tất cả các hệ điều hành phổ biến
(40 điểm với Hệ điều hành Windows)
- Cảm ứng bằng tay, bằng bút hoặc đồng thời
- Tính năng cùng đồng thời viết/vẽ được nhiều màu khác nhau trên màn hình
- Tỷ lệ màn hình: 16 : 9
- Độ phân giải màn hình: ULTRA HD 4K (3840 x 2160), 60 Hz
- Touch Resolution: 32767 x 32767
- Màu: 1,07 tỷ màu (10 bit)
- Độ sáng: 400 nits
- Tỷ lệ tương phản: 4000:1
- Tốc độ quét: 8 ms
- Góc nhìn: H = 178 độ, V = 178 độ
- Tuổi thọ đèn nền trung bình: 50000 giờ
- Tuổi thọ cảm ứng: 80000 giờ
- Bề mặt màn hình: AG coating (độ cứng 9H)+ AF coating cho độ bền cao chống va đập và trầy xước
+ Loa: 32-watt trong đó:
- Loa 16-watt: x2 Loa siêu trầm (tích hợp sẵn)
- Bộ xử lý: ARM quad-core Cortex-A55
+ RAM: 4GB DDR4
+ Kho lưu trữ: 32 GB3
+ Cổng kết nối: HDMI (4K, hỗ trợ cổng CEC), Lan Rj45, USB (Smart Port)…
- Lỗ chờ lắp và giá lắp camera: Thiết kế sẵn trên đỉnh màn hình để lắp nhiều loại camera khác nhau
- Công nghệ chống chói Anti-Glare
- Công nghệ loại bỏ nháy màn hình (Flicker-Free)
- Công nghệ lọc ánh sáng xanh (Blue Light filter)
- Đặc biệt: Màn hình đạt chứng nhận bảo vệ mắt với công nghệ lọc ánh sáng xanh và loại bỏ nháy ở mọi độ sáng của
màn hình
- Hệ điều hành Android Android 11 Tích hợp sẵn phần mềm myViewboard Entity trên Android và cả máy tính
- Hệ điều hành Android của màn hình cho phép đọc các file trực tiếp từ USB
- Energy Star Version: ES80
- Trọng lượng màn hình: 473 kg
- Công Nghệ: Mỹ- Xuất xứ: Trung Quốc
- Bảo hành: 36 tháng
- Các tiêu chuẩn:
+ BIS, cTUVus, COC, EPET, ES8, BSMI, CE, CB, TÜV Rheinland Low Blue Ligh, TÜV Rheinland Flicker Free
+ ISO 9001-2015 & ISO 14001-2015- Chứng nhận phần mềm bản quyền myViewBoard Entity
+ Chứng nhận đang kí nhãn hiệu- Cục sở hữu trí tuệ thuộc Bộ Khoa Học và Công Nghệ Việt Nam
• Phụ kiện tiêu chuẩn kèm theo màn hình:
- Bộ phụ kiện tiêu chuẩn: Bút, dây nguồn, dây audio, remote, bộ giá lắp camera, …
• Phụ kiện nâng cấp:
- Theo tiêu chuẩn nhà sản xuất
2 Phần mềm chính hãng myViewBoard Entity Có bản quyền 01 Gói Tặng kèm
+ myViewBoard Premium: Phần mềm thay thế bảng trắng
+ myViewBoard Manager: Ứng dụng quản lý nhiều thiết bị từ xa cho toàn hệ thống đã dùng màn hình ViewSonic IFP
+ myViewBoard Record: Ứng dụng quay Film màn hình độc lập trên nền tảng Android hoặc Windows
+ myViewBoard Whiteboard: Phần mềm kỹ thuật số myViewBoard hỗ trợ đào tạo và thuyết trình
+ myViewBoard Live: Livestream trực tiếp màn hình lên các nền tảng mạng xã h""";98000000;: 405/2025/294/CTTĐG-VNVIC;15/12/2025;…;Bùi Thị Trà Giang
457;;Biển tên phòng;bộ;"
Biển tên phòng:
- Kích thước: 200x300 mm
- Chất liệu mặt inox in UV, nội dung 2 mặt giống nhau Khung mica Có chân tháo rời để lắp đặt 
- Kích thước 20 x 30 cm ";550000;: 405/2025/294/CTTĐG-VNVIC;15/12/2025;…;Bùi Thị Trà Giang
458;;"Các thiết bị khác:
Ảnh Bác, Bảng 5 điều Bác Hồ dạy, Bảng trích thư, Khẩu hiệu ""Đời đời nhớ ơn Chủ tịch Hồ Chí Minh""";bộ;"
Ảnh Bác
-Kích thước: 40 x 60 cm 
-Khung viền bằng nhôm màu sáng
Bảng 5 điều Bác Hồ dạy
- Độ dày mặt bảng 5 mm
- Độ bền Trên 5 năm
- Công nghệ in PP Nano công nghệ Korea
- Lớp cốt Tấm PVC chống nước chuyên dụng dày 5mm 
- Khung nhôm Nhôm thanh định hình Việt - Nhật
Bảng trích thư
- Kích thước 60 x 80cm
- Mặt bảng: Polyester
- Tấm lót bảng: Ván MDF 4mm
- Khung bảng: Bằng nhôm chuyên dụng
Khẩu hiệu ""Đời đời nhớ ơn Chủ tịch Hồ Chí Minh""";1350000;: 405/2025/294/CTTĐG-VNVIC;15/12/2025;…;Bùi Thị Trà Giang
459;;"Các thiết bị khác:
Đồng hồ treo tường";bộ;"
Đồng hồ :
- Kích thước: 340x40 mm
- Mô tả: Kiểu dáng tròn, số nổi, chất liệu nhựa bền đẹp";324000;: 405/2025/294/CTTĐG-VNVIC;15/12/2025;…;Bùi Thị Trà Giang
460;;"Các thiết bị khác:
Bộ âm thanh trợ giảng";bộ;"SOAIY S-718
Bộ mic trợ giảng không dây cài áo: 
Công suất loa 10W
Sử dụng sóng không dây 24G
Hỗ trợ: TF card / USB
Dung lượng pin: 1800mAh";565000;: 405/2025/294/CTTĐG-VNVIC;15/12/2025;…;Bùi Thị Trà Giang
461;;"Các thiết bị khác:
Bộ loa, amply, micro";bộ;"TOA HS-1500BT
Micro không dây Shure UGX8 
Bao gồm: 2 Loa, 1 amply, 1 micro
+ Loa thông báo
+ Vỏ loa Loa thùng kín                               
+ Công suất 60W
+ Trở kháng: 100V line: 170Ω(60W), 330Ω(30W), 670Ω(15W), 70V line: 83Ω(60W), 170Ω(30W), 330Ω(15W), 670Ω(15W)
+ Cường độ âm thanh: (1W,1m) 98dB
+ Đáp tuyến tần số 85 – 20,000Hz
+ Tiêu chuẩn chống cháy IP-65
+ Thành phẩm Vỏ : Nhựa Polypropylene Lưới: Thép mạ
Micro không dây :
Tần số sóng mang UHF 610MHz – 660MHz
Đáp ứng tần số 40Hz ~ 18kHz
Điều chế chế độ FM
Ổn định tần số ± 0005%
Độ nhạy -107dbm
Công suất âm thanh Trở kháng 600 Ohm
Độ lệch ± 20KHz
Nguồn cung cấp 210V AC adapter
Thu sóng trong bán kính 300m
Tỷ lệ S / N > 80dB (1kHz-A)
Pin sử dụng liên tục 15 giờ
Amply 6zone
Điện áp : AC220V / 50HZ
Công suất định mức : 120W
Điện áp cố định : 70v / 100v
Điện trở liên tục: 4-16Ω;
Dòng đầu ra : 600Ω / 1V (0dB)
Độ nhạy đầu vào: MIC 1,2 / 600Ω, 20mV, Độ mất cân bằng ; Aux 1,2 / 10kΩ, 100mV, Không cân bằng
Độ nhạy đáp ứng : 100Hz-16KHz
THD : <0,1% KHz
S / N : “MIC 1,2: 66db
Kiểm soát âm lượng : Bass: ± 10dB, ở 100Hz; Treble: ± 10db, ở tốc độ 10KHz
Chế độ ngắt tiếng : Mic 1
Trọng lượng : 137 Kg
Màu : Bạc
Kích thước : 480X75X273mm";23914440;: 405/2025/294/CTTĐG-VNVIC;15/12/2025;…;Bùi Thị Trà Giang
462;;Camera rời kết nối với máy vi tính;bộ;"
Độ phân giải Full HD 1080P
Tốc độ khung hình 30fps/s
Góc quay 90 độ
Có khả năng zoom được 4X
Có thể mở rộng góc quay
Kết nối: USB 20/30
Tích hợp micro
Tương thích hệ thống: Windows 7,8,10 / vista / xp / 2000 / Mac";2500000;: 405/2025/294/CTTĐG-VNVIC;15/12/2025;…;Bùi Thị Trà Giang
463;;Các hình khối cơ bản;bộ;"
Các hình khối cơ bản
- Khối hộp chữ nhật kích thước (160x160x200)mm;
- Khối lập phương kích thước (160x160x160)mm;
- Khối trụ kích thước (cao 200mm, tiết diện ngang 160mm); 
- Khối cầu đường kính 160mm
-Vật liệu: Bằng gỗ, nhựa cứng (hoặc vật liệu có độ cứng tương đương), không cong vênh, chịu được nước, có màu tươi sáng, an toàn trong sử dụng";350000;: 405/2025/294/CTTĐG-VNVIC;15/12/2025;…;Bùi Thị Trà Giang
464;;Giá vẽ giáo viên;bộ;"
Giá vẽ di động:
Giá vẽ đa năng nâng hạ điều chỉnh độ cao thấp
Giá vẽ gỗ chân chữ A: Có thể gấp gọn, dễ dàng vận chuyển
Kích thước: cao 130cm x rộng dưới 60cm và rộng trên 28cm
Bảng khung gỗ KT: 40x60cm ";162037;: 405/2025/294/CTTĐG-VNVIC;15/12/2025;…;Bùi Thị Trà Giang
465;;Giá vẽ đi động chữ A;bộ;"
Giá vẽ di động:
Giá vẽ đa năng nâng hạ điều chỉnh độ cao thấp
Giá vẽ gỗ chân chữ A: Có thể gấp gọn, dễ dàng vận chuyển
Kích thước: cao 130cm x rộng dưới 60cm và rộng trên 28cm
Bảng khung gỗ KT: 40x60cm ";162037;: 405/2025/294/CTTĐG-VNVIC;15/12/2025;…;Bùi Thị Trà Giang
466;;Bàn họp;bộ;"The One
Bàn họp:
- Kích thước: R2000 x S1000 x C760 mm
- Loại 6 - 8 chỗ ngồi
Chất liệu:
- Mặt bàn lượn Chân bàn ghép hộp trang trí giấy khác màu, yếm giữa không đợt
- Chất liệu: Gỗ công nghiệp sơn PU cao cấp đồng màu với nội thất trong phòng ";3173000;: 405/2025/294/CTTĐG-VNVIC;15/12/2025;…;Bùi Thị Trà Giang
467;;Ghế họp;bộ;"The One / GHT14
- Kích thước: 420x550x1035
- Mô tả: Khung Ghế gỗ tự nhiên Tần bì (Acacia), phủ veneer, chống mối mọt; đệm tựa mút bọc vải
Sản phẩm sản xuất trên dây chuyền công nghệ được chứng nhận quản lý chất lượng theo tiêu chuẩn: ISO 9001:2015; ISO 14001:2015; ISO 45001:2018";809000;: 405/2025/294/CTTĐG-VNVIC;15/12/2025;…;Bùi Thị Trà Giang
468;;Bộ bàn làm việc;bộ;"
Bàn ghế dành cho giáo viên:
  - Bàn giáo viên: có đợt, khung ống thép 30x30X1,2mm sơn tĩnh điện, mặt bàn gỗ cao su ghép thanh loại AA dày 18mm Kích thước: W1200 x D600 x H750 mm  Bàn có 1 ngăn kéo, 1 tủ cánh mở có khóa, 1 kệ để CPU và 1 khay để bàn phím, Mặt bàn có lỗ đi dây điện tiện dụng 
 Chắn trước: Làm bằng gỗ cao su ghép thanh loại AA dày 18mm dài bằng chiều dài của khung bàn, cao bằng cao ngăn bàn,  quây bàn gần sát đất   ";2583000;: 405/2025/294/CTTĐG-VNVIC;15/12/2025;…;Bùi Thị Trà Giang
469;;Tủ tài liệu;bộ;"
Tủ đựng hồ sơ tài liệu:
- Kích thước: Dài 100 cm x Sâu 45 cm x cao 183 cm
- Kích thước kính: Dài 1015 mm x Rộng 410 mm x 3 mm
Tủ đựng hồ sơ tài liệu:
- Tủ hồ sơ mặt hình chữ nhật
- Tủ gồm 2 khoang
+ Khoang trên có 2 đợt di động, khung cánh kính lùa
+ Khoang dưới có 2 cánh sắt lùa
- Chất liệu: Sắt sơn tĩnh điện màu ghi sáng, tay nắm nhựa
- Sản phẩm sản xuất trên dây chuyền công nghệ được chứng nhận quản lý chất lượng theo tiêu chuẩn: ISO 9001:2015; ISO 14001:2015; ISO 45001:2018";3333333;: 405/2025/294/CTTĐG-VNVIC;15/12/2025;…;Bùi Thị Trà Giang
470;;Cây nước nóng lạnh;bộ;"Sơn Hà 09HCB01-W
Cây nước nóng lạnh 
Cây nước nóng lạnh: chip 3 vòi trắng có khóa trẻ em
Bình chứa Inox SUS 304 an toàn
Thông số kỹ thuật
+ Điện áp sử dụng  : 220V ~ 240VAC - 50/60Hz
+ Công suất làm nóng: 550W
+ Công suất làm lạnh: 90W
+ Nhiệt độ nước nóng: 85-95°C
+ Nhiệt độ nước lạnh: 0-10°C
+ Có chức năng khóa trẻ em cho phần lấy nước bên nóng 
+ Vỏ tủ làm bằng Tôn sơn tĩnh điện kết hợp với nhựa ABS và PP
+ Kích thước : 340x330x980mm
+ Dòng điện làm mát định mức : 075A
Sản phẩm sản xuất trên dây chuyền công nghệ được chứng nhận quản lý chất lượng theo tiêu chuẩn: ISO 9001:2015;";3500000;: 405/2025/294/CTTĐG-VNVIC;15/12/2025;…;Bùi Thị Trà Giang
471;;Biển tên phòng;bộ;"
Biển tên phòng:
- Kích thước: 200x300 mm
- Chất liệu mặt inox in UV, nội dung 2 mặt giống nhau Khung mica Có chân tháo rời để lắp đặt 
- Kích thước 20 x 30 cm ";550000;: 405/2025/294/CTTĐG-VNVIC;15/12/2025;…;Bùi Thị Trà Giang
472;;Bàn làm việc của thủ thư;bộ;"
Bàn ghế dành cho giáo viên:
  - Bàn giáo viên: có đợt, khung ống thép 30x30X1,2mm sơn tĩnh điện, mặt bàn gỗ cao su ghép thanh loại AA dày 18mm Kích thước: W1200 x D600 x H750 mm  Bàn có 1 ngăn kéo, 1 tủ cánh mở có khóa, 1 kệ để CPU và 1 khay để bàn phím, Mặt bàn có lỗ đi dây điện tiện dụng 
 Chắn trước: Làm bằng gỗ cao su ghép thanh loại AA dày 18mm dài bằng chiều dài của khung bàn, cao bằng cao ngăn bàn,  quây bàn gần sát đất   ";2583000;: 405/2025/294/CTTĐG-VNVIC;15/12/2025;…;Bùi Thị Trà Giang
473;;Ghế ngồi;bộ;"GNV-07-00/ Xuân Hòa
- Ghế ngồi : 560x560x(860-980) Rc=280
- Ghế xoay nhân viên có tay, mặt ngồi đệm mút, bọc nỉ
- Tựa ghế viền nhựa bọc lưới, ngả đàn hồi, Tay ghế bằng nhựa Ghế được điều chỉnh độ cao bằng cần hơi
- Chân ghế bằng nhựa
- Sản phẩm sản xuất trên dây chuyền công nghệ được chứng nhận quản lý chất lượng theo tiêu chuẩn: ISO 9001:2015; ISO 14001:2015; ISO 45001:2018";787037;: 405/2025/294/CTTĐG-VNVIC;15/12/2025;…;Bùi Thị Trà Giang
474;;Tủ tài liệu;bộ;"The One TU09K3BCK
Tủ đựng hồ sơ tài liệu:
- Kích thước: Dài 100 cm x Sâu 45 cm x cao 183 cm
- Kích thước kính: Dài 1015 mm x Rộng 410 mm x 3 mm
Tủ đựng hồ sơ tài liệu:
- Tủ hồ sơ mặt hình chữ nhật
- Tủ gồm 2 khoang
+ Khoang trên có 2 đợt di động, khung cánh kính lùa
+ Khoang dưới có 2 cánh sắt lùa
- Chất liệu: Sắt sơn tĩnh điện màu ghi sáng, tay nắm nhựa
- Sản phẩm sản xuất trên dây chuyền công nghệ được chứng nhận quản lý chất lượng theo tiêu chuẩn: ISO 9001:2015; ISO 14001:2015; ISO 45001:2018";3333333;: 405/2025/294/CTTĐG-VNVIC;15/12/2025;…;Bùi Thị Trà Giang
475;;Máy vi tính để bàn;bộ;"FPT
Bộ vi xử lý: Intel® Core™ i5-12400 (Bộ nhớ đệm 18M, lên đến 4,40 GHz)
Ổ cứng: SSD 256GB SATA3
Bộ nhớ trong (Ram): DDR4 8Gb bus 2666
Bảng mạch chủ: Intel® H610 Chipset; 6 x DIMM, Max 64GB, DDR4 3200/3000/2933/2800/2666/2400/2133 Non-ECC
Khe cắm mở rộng: 3 x PCI Express, 1 x PCI slot
Card màn hình onboard: Intel® Integrated graphics UHD 730 processor
Cạc âm thanh : Support 8-channel audio output
Màn hình:  FPT Elead 215'' độ phân giải FHD 1920x1080, sử dụng công nghệ A/LBL (Anti Low Blue Light) để hạn chế tác hại của ánh sáng xanh, tốt hơn cho mắt người sử dụng
Chuột, bàn phím FPT Elead kết nối USB
Bao gồm cài đặt win bản quyền và bảo hành 24 tháng
";12273000;: 405/2025/294/CTTĐG-VNVIC;15/12/2025;…;Bùi Thị Trà Giang
476;;Máy in;bộ;"Brother HL-B2080DW
Máy in laser đen trắng đơn năng khổ A4
Tính năng: In hai mặt tự động, in mạng
Tốc độ in: 34 trang/phút
Bộ nhớ: 64 MB
Độ phân giải: 2400 x 600 dpi
Khay giấy vào 250 tờ, khay giấy ra 100 tờ
Kết nối: USB 20, LAN";4727000;: 405/2025/294/CTTĐG-VNVIC;15/12/2025;…;Bùi Thị Trà Giang
477;;Giá để sách 4 tầng;bộ;"
Giá sách: 
- KT: W2000 x D400 x H1900 mm
- Giá sách hai khoang 4 ngăn
- Khung ống thép sơn tĩnh điện, đợt gỗ melamine dày 18mm";3450000;: 405/2025/294/CTTĐG-VNVIC;15/12/2025;…;Bùi Thị Trà Giang
478;;Tủ mục lục;bộ;"The One TU986-4K
Kích thước: 1213x450x1830
Kiểu dáng:
 + Tủ thiết kế đứng hình chữ nhật
 + Tủ được thiết kế 24 ô đựng tài liệu nhỏ, 2 ngăn to phía dưới cùng, mỗi ô đều có cửa tủ với núm kéo bằng gỗ
 + Kích thước tủ phích cao vừa phải, thiết kế gọn gàng, có thể để góc phòng không chiếm quá nhiều diện tích
Chất liệu:
 Tủ thép sơn tĩnh điện";6080000;: 405/2025/294/CTTĐG-VNVIC;15/12/2025;…;Bùi Thị Trà Giang
479;;Bàn đọc sách (loại 4 chỗ);bộ;"The One HRMD01C14
- Kích thước: 1200x1200x750 mm
- Loại 4 chỗ ngồi
 - Kết cấu, vật liệu bàn:
+ Khung bàn bằng thép 50x10mm dày 1,2mm Giằng hình thang, kết cấu chắc chắn Toàn bộ khung bàn được hàn ngấu trong khí CO2, mài nhẵn, sơn tĩnh điện màu ghi, đảm bảo độ bền kết cấu và sơn phủ
+ Máng đi dây điện kết hợp giằng bàn, chân bàn có hộp điện đi  dây  và  tăng  cứng  khung  chân Vách ngăn gỗ bọc vải nỉ
 + Mặt bàn: Làm bằng gỗ cao su ghép thanh mặt A - A dày 18mm được sơn phủ kỹ bằng PU 3 lớp màu vàng nhạt";2513000;: 405/2025/294/CTTĐG-VNVIC;15/12/2025;…;Bùi Thị Trà Giang
480;;Ghế thép gấp;bộ;"Xuân Hòa GS-05-00
Ghế gập: 
- Kích thước: 470x460x860 mm
- Mô tả: Kết cấu vững chắc với khung inox 201 D222, đệm tựa mút bọc PVC
Sản phẩm sản xuất trên dây chuyền công nghệ được chứng nhận quản lý chất lượng theo tiêu chuẩn: ISO 9001:2015; ISO 14001:2015; ISO 45001:2018";412000;: 405/2025/294/CTTĐG-VNVIC;15/12/2025;…;Bùi Thị Trà Giang
481;;Tủ sách;bộ;"The One TU09K3BCK
Tủ đựng hồ sơ tài liệu:
- Kích thước: Dài 100 cm x Sâu 45 cm x cao 183 cm
- Kích thước kính: Dài 1015 mm x Rộng 410 mm x 3 mm
Tủ đựng hồ sơ tài liệu:
- Tủ hồ sơ mặt hình chữ nhật
- Tủ gồm 2 khoang
+ Khoang trên có 2 đợt di động, khung cánh kính lùa
+ Khoang dưới có 2 cánh sắt lùa
- Chất liệu: Sắt sơn tĩnh điện màu ghi sáng, tay nắm nhựa
- Sản phẩm sản xuất trên dây chuyền công nghệ được chứng nhận quản lý chất lượng theo tiêu chuẩn: ISO 9001:2015; ISO 14001:2015; ISO 45001:2018";3333333;: 405/2025/294/CTTĐG-VNVIC;15/12/2025;…;Bùi Thị Trà Giang
482;;Giá báo, tạp chí;bộ;"
Giá báo, tạp chí: 
- Kích Thước: W645 x D280 x H910 mm
- Giá sách gỗ công nghệp 
- Giá sách có 2 đợt cố định
- Khung giá bằng gỗ công nghiệp";703000;: 405/2025/294/CTTĐG-VNVIC;15/12/2025;…;Bùi Thị Trà Giang
483;;Giá sách;bộ;"
Giá sách: 
- Kích Thước: W645 x D280 x H910 mm
- Giá sách gỗ công nghệp 
- Giá sách có 2 đợt cố định
- Khung giá bằng gỗ công nghiệp";703000;: 405/2025/294/CTTĐG-VNVIC;15/12/2025;…;Bùi Thị Trà Giang
484;;Máy vi tính để bàn;bộ;"FPT
Bộ vi xử lý: Intel® Core™ i5-12400 (Bộ nhớ đệm 18M, lên đến 4,40 GHz)
Ổ cứng: SSD 256GB SATA3
Bộ nhớ trong (Ram): DDR4 8Gb bus 2666
Bảng mạch chủ: Intel® H610 Chipset; 6 x DIMM, Max 64GB, DDR4 3200/3000/2933/2800/2666/2400/2133 Non-ECC
Khe cắm mở rộng: 3 x PCI Express, 1 x PCI slot
Card màn hình onboard: Intel® Integrated graphics UHD 730 processor
Cạc âm thanh : Support 8-channel audio output
Màn hình:  FPT Elead 215'' độ phân giải FHD 1920x1080, sử dụng công nghệ A/LBL (Anti Low Blue Light) để hạn chế tác hại của ánh sáng xanh, tốt hơn cho mắt người sử dụng
Chuột, bàn phím FPT Elead kết nối USB
Bao gồm cài đặt win bản quyền và bảo hành 24 tháng
";12273000;: 405/2025/294/CTTĐG-VNVIC;15/12/2025;…;Bùi Thị Trà Giang
485;;Bàn máy tính;bộ;"
Bàn ghế dành cho giáo viên:
  - Bàn giáo viên: có đợt, khung ống thép 30x30X1,2mm sơn tĩnh điện, mặt bàn gỗ cao su ghép thanh loại AA dày 18mm Kích thước: W1200 x D600 x H750 mm  Bàn có 1 ngăn kéo, 1 tủ cánh mở có khóa, 1 kệ để CPU và 1 khay để bàn phím, Mặt bàn có lỗ đi dây điện tiện dụng 
 Chắn trước: Làm bằng gỗ cao su ghép thanh loại AA dày 18mm dài bằng chiều dài của khung bàn, cao bằng cao ngăn bàn,  quây bàn gần sát đất   ";2583000;: 405/2025/294/CTTĐG-VNVIC;15/12/2025;…;Bùi Thị Trà Giang
486;;Ghế ngồi;bộ;"GNV-07-00/ Xuân Hòa
- Ghế ngồi : 560x560x(860-980) Rc=280
- Ghế xoay nhân viên có tay, mặt ngồi đệm mút, bọc nỉ
- Tựa ghế viền nhựa bọc lưới, ngả đàn hồi, Tay ghế bằng nhựa Ghế được điều chỉnh độ cao bằng cần hơi
- Chân ghế bằng nhựa
- Sản phẩm sản xuất trên dây chuyền công nghệ được chứng nhận quản lý chất lượng theo tiêu chuẩn: ISO 9001:2015; ISO 14001:2015; ISO 45001:2018";787037;: 405/2025/294/CTTĐG-VNVIC;15/12/2025;…;Bùi Thị Trà Giang
487;;Cây nước nóng lạnh;bộ;"Sơn Hà 09HCB01-W
Cây nước nóng lạnh 
Cây nước nóng lạnh: chip 3 vòi trắng có khóa trẻ em
Bình chứa Inox SUS 304 an toàn
Thông số kỹ thuật
+ Điện áp sử dụng  : 220V ~ 240VAC - 50/60Hz
+ Công suất làm nóng: 550W
+ Công suất làm lạnh: 90W
+ Nhiệt độ nước nóng: 85-95°C
+ Nhiệt độ nước lạnh: 0-10°C
+ Có chức năng khóa trẻ em cho phần lấy nước bên nóng 
+ Vỏ tủ làm bằng Tôn sơn tĩnh điện kết hợp với nhựa ABS và PP
+ Kích thước : 340x330x980mm
+ Dòng điện làm mát định mức : 075A
Sản phẩm sản xuất trên dây chuyền công nghệ được chứng nhận quản lý chất lượng theo tiêu chuẩn: ISO 9001:2015;";3500000;: 405/2025/294/CTTĐG-VNVIC;15/12/2025;…;Bùi Thị Trà Giang
488;;Bàn đọc của học sinh;bộ;"The One- BSF403
Bàn đọc dùng cho học sinh tiểu học, loại ngồi bệt không sử dụng ghế
+ Kích thước: bàn tròn D1200x440
+ Khung bàn bằng thép sơn tĩnh điện
+ Mặt bàn dày 18mm: Làm bằng gỗ công nghiệp Veneer óc chó, được sơn phủ PU";1501000;: 405/2025/294/CTTĐG-VNVIC;15/12/2025;…;Bùi Thị Trà Giang
489;;Giá sách;bộ;"
Sử dụng module ghép
Kích thước: 635x280x910
Giá sách có 3 đợt, cao 30cm, sâu 28cm
Chất liệu:
Gỗ tự nhiên, sơn phủ PU";787000;: 405/2025/294/CTTĐG-VNVIC;15/12/2025;…;Bùi Thị Trà Giang
490;;Bàn máy tính;bộ;"
Bàn ghế dành cho giáo viên:
  - Bàn giáo viên: có đợt, khung ống thép 30x30X1,2mm sơn tĩnh điện, mặt bàn gỗ cao su ghép thanh loại AA dày 18mm Kích thước: W1200 x D600 x H750 mm  Bàn có 1 ngăn kéo, 1 tủ cánh mở có khóa, 1 kệ để CPU và 1 khay để bàn phím, Mặt bàn có lỗ đi dây điện tiện dụng 
 Chắn trước: Làm bằng gỗ cao su ghép thanh loại AA dày 18mm dài bằng chiều dài của khung bàn, cao bằng cao ngăn bàn,  quây bàn gần sát đất   ";2583000;: 405/2025/294/CTTĐG-VNVIC;15/12/2025;…;Bùi Thị Trà Giang
491;;Ghế gấp;bộ;"Xuân Hòa GS-05-00
Ghế gập: 
- Kích thước: 470x460x860 mm
- Mô tả: Kết cấu vững chắc với khung inox 201 D222, đệm tựa mút bọc PVC
Sản phẩm sản xuất trên dây chuyền công nghệ được chứng nhận quản lý chất lượng theo tiêu chuẩn: ISO 9001:2015; ISO 14001:2015; ISO 45001:2018";412000;: 405/2025/294/CTTĐG-VNVIC;15/12/2025;…;Bùi Thị Trà Giang
492;;Máy vi tính để bàn;bộ;"FPT
Bộ vi xử lý: Intel® Core™ i5-12400 (Bộ nhớ đệm 18M, lên đến 4,40 GHz)
Ổ cứng: SSD 256GB SATA3
Bộ nhớ trong (Ram): DDR4 8Gb bus 2666
Bảng mạch chủ: Intel® H610 Chipset; 6 x DIMM, Max 64GB, DDR4 3200/3000/2933/2800/2666/2400/2133 Non-ECC
Khe cắm mở rộng: 3 x PCI Express, 1 x PCI slot
Card màn hình onboard: Intel® Integrated graphics UHD 730 processor
Cạc âm thanh : Support 8-channel audio output
Màn hình:  FPT Elead 215'' độ phân giải FHD 1920x1080, sử dụng công nghệ A/LBL (Anti Low Blue Light) để hạn chế tác hại của ánh sáng xanh, tốt hơn cho mắt người sử dụng
Chuột, bàn phím FPT Elead kết nối USB
Bao gồm cài đặt win bản quyền và bảo hành 24 tháng
";12273000;: 405/2025/294/CTTĐG-VNVIC;15/12/2025;…;Bùi Thị Trà Giang
493;;Cây nước nóng lạnh;bộ;"Sơn Hà 09HCB01-W
Cây nước nóng lạnh 
Cây nước nóng lạnh: chip 3 vòi trắng có khóa trẻ em
Bình chứa Inox SUS 304 an toàn
Thông số kỹ thuật
+ Điện áp sử dụng  : 220V ~ 240VAC - 50/60Hz
+ Công suất làm nóng: 550W
+ Công suất làm lạnh: 90W
+ Nhiệt độ nước nóng: 85-95°C
+ Nhiệt độ nước lạnh: 0-10°C
+ Có chức năng khóa trẻ em cho phần lấy nước bên nóng 
+ Vỏ tủ làm bằng Tôn sơn tĩnh điện kết hợp với nhựa ABS và PP
+ Kích thước : 340x330x980mm
+ Dòng điện làm mát định mức : 075A
Sản phẩm sản xuất trên dây chuyền công nghệ được chứng nhận quản lý chất lượng theo tiêu chuẩn: ISO 9001:2015;";3500000;: 405/2025/294/CTTĐG-VNVIC;15/12/2025;…;Bùi Thị Trà Giang
494;;Bảng ghim nỉ treo tường;bộ;"
Bảng ghim nỉ treo tường:
- Kích thước: R800xC1200 mm
- Mô tả: Bảng có thiết kế khung bằng nhôm sáng bóng sang trọng, gọn nhẹ cùng các góc bo bằng nhựa an toàn cho người sử dụng Ghim cắm ngập không để lại vết  Cốt nhựa chống cong vênh và chịu nước 100% Ở giữa có một lớp cao su dày có độ đàn hồi tốt, giúp ghim tài liệu dễ dàng hơn ";587714;: 405/2025/294/CTTĐG-VNVIC;15/12/2025;…;Bùi Thị Trà Giang
495;;Bảng giới thiệu sách;bộ;"
Bảng ghim nỉ treo tường:
- Kích thước: R800xC1200 mm
- Mô tả: Bảng có thiết kế khung bằng nhôm sáng bóng sang trọng, gọn nhẹ cùng các góc bo bằng nhựa an toàn cho người sử dụng Ghim cắm ngập không để lại vết  Cốt nhựa chống cong vênh và chịu nước 100% Ở giữa có một lớp cao su dày có độ đàn hồi tốt, giúp ghim tài liệu dễ dàng hơn ";587714;: 405/2025/294/CTTĐG-VNVIC;15/12/2025;…;Bùi Thị Trà Giang
496;;Tủ sách;bộ;"The One TU09K3BCK
Tủ đựng hồ sơ tài liệu:
- Kích thước: Dài 100 cm x Sâu 45 cm x cao 183 cm
- Kích thước kính: Dài 1015 mm x Rộng 410 mm x 3 mm
Tủ đựng hồ sơ tài liệu:
- Tủ hồ sơ mặt hình chữ nhật
- Tủ gồm 2 khoang
+ Khoang trên có 2 đợt di động, khung cánh kính lùa
+ Khoang dưới có 2 cánh sắt lùa
- Chất liệu: Sắt sơn tĩnh điện màu ghi sáng, tay nắm nhựa
- Sản phẩm sản xuất trên dây chuyền công nghệ được chứng nhận quản lý chất lượng theo tiêu chuẩn: ISO 9001:2015; ISO 14001:2015; ISO 45001:2018";3333333;: 405/2025/294/CTTĐG-VNVIC;15/12/2025;…;Bùi Thị Trà Giang
497;;Giá sách có bánh xe;bộ;"Xuân Hòa GTV101
Giá sách: 
- KT: 2000x400x1900
- Giá sách bao gồm 3 khoang 4 ngăn
- Khung ống thép sơn tĩnh điện, đợt gỗ melamine dày 18mm, bánh xe di chuyển";3500000;: 405/2025/294/CTTĐG-VNVIC;15/12/2025;…;Bùi Thị Trà Giang
498;;Tivi 65 inch;bộ;"Smart Tivi QLED Samsung 4K 65 inch QA65Q65D
Loại Tivi:Smart Tivi QLED
Kích cỡ màn hình:65 inch
Độ phân giải:4K (Ultra HD)
Loại màn hình:Đèn nền: LED viền kết hợp Dual LED, Tấm nền: Hãng không công bố
Hệ điều hành:Tizen™
Chất liệu chân đế:Nhựa
Chất liệu viền tivi:Nhựa
Nơi sản xuất:Việt Nam
Năm ra mắt: 2024
Công nghệ hình ảnh:
Supreme UHD Dimming
Quantum HDR
Quantum Dot
Dual LED
4K Upscaling
Chuyển động mượt Motion Xcelerator
Super Ultra Wide Game View & Game Bar
Giảm độ trễ chơi game Auto Low Latency Mode (ALLM)
Căn chỉnh hình ảnh tự động bảo vệ mắt EyeComfort
Chế độ Game Motion Plus
Ambient Mode
Bộ xử lý:Bộ xử lý Quantum 4K Lite
Tần số quét thực: 60 Hz
Điều khiển tivi bằng điện thoại:
SmartThings
Điều khiển bằng giọng nói:
Tìm kiếm giọng nói trên YouTube bằng tiếng Việt
Bixby có tiếng Việt
Chiếu hình từ điện thoại lên TV:
Tap View
Screen Mirroring
AirPlay 2
Remote thông minh:
Điều khiển One Remote Control tích hợp Solar Cell Remote
Kết nối ứng dụng các thiết bị trong nhà:
SmartThings
Ứng dụng phổ biến:
YouTube
Netflix
Clip TV
FPT Play
MyTV
VieON
Spotify
Trình duyệt web
Amazon Prime video
Apple TV
Tiện ích thông minh khác:
Built in IoT Hub kết nối các thiết bị IoT mà không cần dongle
Multi View chia nhỏ màn hình tivi (có thể kết nối camera gắn rời)
Samsung Daily+ quản lý hoạt động mỗi ngày
Bản đồ 3D các thiết bị kết nối sống động
Công nghệ âm thanh
Tổng công suất loa:
20W
Số lượng loa:
Hãng không công bố
Âm thanh vòm:
Âm thanh chuyển động theo hình ảnh OTS Lite
Các công nghệ khác:
Q-Symphony Next kết hợp loa tivi với loa thanh
Adaptive Sound 
Cổng kết nối
Kết nối Internet:Wi-FiCổng mạng LAN
Kết nối không dây:Bluetooth (Kết nối bàn phím, chuột)
USB2 cổng USB A
Cổng nhận hình ảnh, âm thanh:3 cổng HDMI có 1 cổng HDMI eARC (ARC)
Cổng xuất âm thanh:1 cổng Optical (Digital Audio), 1 cổng eARC (ARC)
Thông tin lắp đặt
Kích thước có chân, đặt bàn:Ngang 145 cm - Cao 8971 cm - Dày 2902 cm
Khối lượng có chân:218 Kg
Kích thước không chân, treo tường:Ngang 145 cm - Cao 8314 cm - Dày 257 cm
Khối lượng không chân:209 Kg
Hãng:Samsung";14545455;: 405/2025/294/CTTĐG-VNVIC;15/12/2025;…;Bùi Thị Trà Giang
499;;Máy in;bộ;"Brother HL-B2080DW
Máy in laser đen trắng đơn năng khổ A4
Tính năng: In hai mặt tự động, in mạng
Tốc độ in: 34 trang/phút
Bộ nhớ: 64 MB
Độ phân giải: 2400 x 600 dpi
Khay giấy vào 250 tờ, khay giấy ra 100 tờ
Kết nối: USB 20, LAN";4727000;: 405/2025/294/CTTĐG-VNVIC;15/12/2025;…;Bùi Thị Trà Giang
500;;Biển tên phòng;bộ;"
Biển tên phòng:
- Kích thước: 200x300 mm
- Chất liệu mặt inox in UV, nội dung 2 mặt giống nhau Khung mica Có chân tháo rời để lắp đặt 
- Kích thước 20 x 30 cm ";550000;: 405/2025/294/CTTĐG-VNVIC;15/12/2025;…;Bùi Thị Trà Giang
501;;Máy hút bụi;bộ;"Máy hút bụi dạng hộp Electrolux Z1231
Công suất hoạt động: 1600W
Công suất hút bụi: 260W
Bộ lọc: HEPA10
Độ ồn: ≤ 81 dB
Dây điện tự thu gọn Điều chỉnh sức hút bụi
Công nghệ hút xoáy Cyclone
Đầu hút bàn chải; đầu hút sàn; đầu hút đệm";1484000;: 405/2025/294/CTTĐG-VNVIC;15/12/2025;…;Bùi Thị Trà Giang
502;;Bộ loa, amply, micro;bộ;"TOA HS-1500BT
Micro không dây Shure UGX8 
Bao gồm: 2 Loa, 1 amply, 1 micro
+ Loa thông báo
+ Vỏ loa Loa thùng kín                               
+ Công suất 60W
+ Trở kháng: 100V line: 170Ω(60W), 330Ω(30W), 670Ω(15W), 70V line: 83Ω(60W), 170Ω(30W), 330Ω(15W), 670Ω(15W)
+ Cường độ âm thanh: (1W,1m) 98dB
+ Đáp tuyến tần số 85 – 20,000Hz
+ Tiêu chuẩn chống cháy IP-65
+ Thành phẩm Vỏ : Nhựa Polypropylene Lưới: Thép mạ
Micro không dây :
Tần số sóng mang UHF 610MHz – 660MHz
Đáp ứng tần số 40Hz ~ 18kHz
Điều chế chế độ FM
Ổn định tần số ± 0005%
Độ nhạy -107dbm
Công suất âm thanh Trở kháng 600 Ohm
Độ lệch ± 20KHz
Nguồn cung cấp 210V AC adapter
Thu sóng trong bán kính 300m
Tỷ lệ S / N > 80dB (1kHz-A)
Pin sử dụng liên tục 15 giờ
Amply 6zone
Điện áp : AC220V / 50HZ
Công suất định mức : 120W
Điện áp cố định : 70v / 100v
Điện trở liên tục: 4-16Ω;
Dòng đầu ra : 600Ω / 1V (0dB)
Độ nhạy đầu vào: MIC 1,2 / 600Ω, 20mV, Độ mất cân bằng ; Aux 1,2 / 10kΩ, 100mV, Không cân bằng
Độ nhạy đáp ứng : 100Hz-16KHz
THD : <0,1% KHz
S / N : “MIC 1,2: 66db
Kiểm soát âm lượng : Bass: ± 10dB, ở 100Hz; Treble: ± 10db, ở tốc độ 10KHz
Chế độ ngắt tiếng : Mic 1
Trọng lượng : 137 Kg
Màu : Bạc
Kích thước : 480X75X273mm";23914440;: 405/2025/294/CTTĐG-VNVIC;15/12/2025;…;Bùi Thị Trà Giang
503;;Thảm trải sàn;m2;"
- Thảm lắp ghép
- Độ dày tổng thể : 6mm
- Chất liệu : Sợi dệt cao cấp
- Đế cao su PVC chống cháy và độ ẩm
- Lắp ghép có họa tiết";210000;: 405/2025/294/CTTĐG-VNVIC;15/12/2025;…;Bùi Thị Trà Giang
504;;Tủ sắt đựng đồ;bộ;"The One NT1960DN
Tủ để đồ: 
- Kích thước: 800x400x1960mm 
- Chất liệu: gỗ ghép công nghiệp dày 18mm
- Tủ có 2 cánh gỗ mở, bên trong 
có 2 đợt di động và 2 đợt cố định, khóa và tay nắm riêng
- Sản phẩm sản xuất trên dây chuyền công nghệ được chứng nhận quản lý chất lượng theo tiêu chuẩn: ISO 9001:2015; ISO 14001:2015; ISO 45001:2018";3150000;: 405/2025/294/CTTĐG-VNVIC;15/12/2025;…;Bùi Thị Trà Giang
505;;Biển tên phòng;bộ;"
Biển tên phòng:
- Kích thước: 200x300 mm
- Chất liệu mặt inox in UV, nội dung 2 mặt giống nhau Khung mica Có chân tháo rời để lắp đặt 
- Kích thước 20 x 30 cm ";550000;: 405/2025/294/CTTĐG-VNVIC;15/12/2025;…;Bùi Thị Trà Giang
506;;Xe đẩy hàng;bộ;"HL-110C
Kích thước xe Dài 745X Rộng 485X Cao tay đẩy 860mm
Kích thước mặt sàn Dài 740 x Rộng 450mm
Kích thước cả thùng Dài 760 x Rộng 495 x Cao 120mm
Tải trọng 170kg
Đường kính bánh xe Ø 100 mm (4”)
Trọng lượng xe 112 kg";1850000;: 405/2025/294/CTTĐG-VNVIC;15/12/2025;…;Bùi Thị Trà Giang
507;;Bộ bàn làm việc giáo viên (bàn máy tính);bộ;"
Bàn ghế dành cho giáo viên:
  - Bàn giáo viên: có đợt, khung ống thép 30x30X1,2mm sơn tĩnh điện, mặt bàn gỗ cao su ghép thanh loại AA dày 18mm Kích thước: W1200 x D600 x H750 mm  Bàn có 1 ngăn kéo, 1 tủ cánh mở có khóa, 1 kệ để CPU và 1 khay để bàn phím, Mặt bàn có lỗ đi dây điện tiện dụng 
 Chắn trước: Làm bằng gỗ cao su ghép thanh loại AA dày 18mm dài bằng chiều dài của khung bàn, cao bằng cao ngăn bàn,  quây bàn gần sát đất   ";2583000;: 405/2025/294/CTTĐG-VNVIC;15/12/2025;…;Bùi Thị Trà Giang
508;;Tủ đựng đồ dùng;bộ;"The One TMG 983-3K
- Kích thước: 1000x450x1830 
- Tủ đứng,có 9 khoang  (3 tầng, mỗi tầng 3 khoang) cánh mở mỗi cánh có khóa locker, có núm tay nắm và bảng tên
- Chất liệu: Sắt sơn tĩnh điện";3186000;: 405/2025/294/CTTĐG-VNVIC;15/12/2025;…;Bùi Thị Trà Giang
509;;"Các thiết bị khác:
Bảng ghim nỉ treo tường";bộ;"
Bảng ghim nỉ treo tường:
- Kích thước: R1200xC2400 mm
- Mô tả: Bảng có thiết kế khung bằng nhôm sáng bóng sang trọng, gọn nhẹ cùng các góc bo bằng nhựa an toàn cho người sử dụng Ghim cắm ngập không để lại vết  Cốt nhựa chống cong vênh và chịu nước 100% Ở giữa có một lớp cao su dày có độ đàn hồi tốt, giúp ghim tài liệu dễ dàng hơn ";1749000;: 405/2025/294/CTTĐG-VNVIC;15/12/2025;…;Bùi Thị Trà Giang
510;;"Các thiết bị khác:
Đồng hồ treo tường";bộ;"
Đồng hồ :
- Kích thước: 340x40 mm
- Mô tả: Kiểu dáng tròn, số nổi, chất liệu nhựa bền đẹp";324000;: 405/2025/294/CTTĐG-VNVIC;15/12/2025;…;Bùi Thị Trà Giang
511;;Biển tên phòng;bộ;"
Biển tên phòng:
- Kích thước: 200x300 mm
- Chất liệu mặt inox in UV, nội dung 2 mặt giống nhau Khung mica Có chân tháo rời để lắp đặt 
- Kích thước 20 x 30 cm ";550000;: 405/2025/294/CTTĐG-VNVIC;15/12/2025;…;Bùi Thị Trà Giang
512;;Bàn + ghế ăn (bàn gấp 6 chỗ + 6 ghế);bộ;"The One BCN712B+GD01AI
-Chất liệu: inox 304, inox 201 chất lượng cao
- Kích thước: bàn 700x1200x750mm, chân ống phi 32, dày 07mm
- Ghế đôn chất liệu Inox 304 toàn bộ hình chuông
- Chân đế bọc cao su chống xước nền,
ghế có thể xếp chồng lên nhau hoặc treo lên móc bàn của bàn ăn công nghiệp chuyên dụng
- Kích Thước: mặt ghế Ø300mm, cao ghế 460mm
- Ghế ăn: 335 ghế";1316000;: 405/2025/294/CTTĐG-VNVIC;15/12/2025;…;Bùi Thị Trà Giang
513;;Cây nước nóng lạnh;bộ;"Sơn Hà 09HCB01-W
Cây nước nóng lạnh 
Cây nước nóng lạnh: chip 3 vòi trắng có khóa trẻ em
Bình chứa Inox SUS 304 an toàn
Thông số kỹ thuật
+ Điện áp sử dụng  : 220V ~ 240VAC - 50/60Hz
+ Công suất làm nóng: 550W
+ Công suất làm lạnh: 90W
+ Nhiệt độ nước nóng: 85-95°C
+ Nhiệt độ nước lạnh: 0-10°C
+ Có chức năng khóa trẻ em cho phần lấy nước bên nóng 
+ Vỏ tủ làm bằng Tôn sơn tĩnh điện kết hợp với nhựa ABS và PP
+ Kích thước : 340x330x980mm
+ Dòng điện làm mát định mức : 075A
Sản phẩm sản xuất trên dây chuyền công nghệ được chứng nhận quản lý chất lượng theo tiêu chuẩn: ISO 9001:2015;";3500000;: 405/2025/294/CTTĐG-VNVIC;15/12/2025;…;Bùi Thị Trà Giang
514;;Tủ lạnh dung tích 500 lít;bộ;"Samsung Inverter 488 lít RF48A4010M9/SV
+ Dung tích tổng 511 lít
+ Dung tích sử dụng 488 lít
+ Dung tích ngăn đá 159 lít
+ Dung tích ngăn lạnh 329 lít
+ Điện năng tiêu thụ ~ 174 kW/ngày
+ Công nghệ Inverter Tủ lạnh Inverter
+ Chế độ tiết kiệm điện Digital Inverter
+ Công nghệ làm lạnh 2 dàn lạnh độc lập Twin Cooling Plus™
+ Công nghệ kháng khuẩn, khử mùi Bộ lọc than hoạt tính Deodorizer
+ Công nghệ bảo quản thực phẩm Ngăn rau quả giữ ẩm
+ Tiện ích Bảng điều khiển bên ngoài
+ Kiểu tủ Multi Door
+ Chất liệu cửa tủ lạnh Thép không gỉ
+ Chất liệu khay ngăn Kính chịu lực";17273000;: 405/2025/294/CTTĐG-VNVIC;15/12/2025;…;Bùi Thị Trà Giang
515;;Bàn khu sơ chế;bộ;"
+ Bàn sơ chế thức ăn sống:
- Vật liệu: Inox 304
– Kích thước (Dài x Rộng x Cao): 1500 x 750 x 800/900 mm
– Đặc điểm: 
+ Mặt bàn dày 1mm được tạo hình bằng máy gấp thuỷ lực, đường nét sắc sảo, chắc chắn Có lót gỗ dày 16 mm và tăng cứng mặt bàn
+ Chân bàn bằng hộp inox 40×40 mm dày 1mm, thanh giằng hộp 20×40 mm dày 07 mm, đợt bên dưới đan nan 10×40 mm (A=50 mm)
+ Các mối hàn được thực hiện bằng công nghệ hàn TIG có khí Ar bảo vệ chống oxi hóa
+ Chân có bánh xe di chuyển";6500000;: 405/2025/294/CTTĐG-VNVIC;15/12/2025;…;Bùi Thị Trà Giang
516;;Bàn inox 1 chậu rửa;bộ;"
Chậu rửa đôi (khu sơ chế)
- Vật liệu: Inox 304
– Kích thước tổng thể (Dài x Rộng x Cao): 1200 x 750 x 800/900 mm
Kích thước hố chậu: (Dài x Rộng x Sâu): 500 x 500 x 280 mm
– Đặc điểm: + Mặt chậu và  hố chậu dùng inox tấm dày 1 mm, được cắt bằng máy CNC, tạo hình bằng máy chấn tôn thuỷ lực, đường nét sắc sảo, chắc chắn
+ Chân hộp 40×40 mm dày 1mm, thanh giằng hộp 20×40 mm Chân có tăng chỉnh chiều cao
+ Có 2 hố chậu, 2 bộ xi phông thoát nước (Không bao gồm ống dẫn)
+ Các mối hàn được thực hiện bằng công nghệ hàn TIG có khí Ar bảo vệ chống oxi hóa
- Chậu đã kèm 2 vòi nước lạnh";5382000;: 405/2025/294/CTTĐG-VNVIC;15/12/2025;…;Bùi Thị Trà Giang
517;;Tủ để dao thớt sống và chín;bộ;"
Tủ để dao thớt:
- Chất liệu: Inox 304
- Tủ chia 2 khoang, 2 ngăn có cánh kính
- Kích thước: D1000xR500xC1000mm
- Khung hộp inox 304: 30x30x1mm, nan cài inox 304: 15x30x08mm 
- Các mặt  mặt tủ bọc inox 304 dày 0,6mm, mặt trước cánh kính cường lực
- Có máng hứng nước rút rời  
- Chân có bánh xe di chuyển
- Được cắt gấp bằng máy thủy lực Các mối hàn được thực hiện bằng công nghệ hàn TIG, có khí argon bảo vệ mối hàn tránh hiện tượng ô xi hóa";6325000;: 405/2025/294/CTTĐG-VNVIC;15/12/2025;…;Bùi Thị Trà Giang
518;;Bếp xào từ công nghiệp kính lõm, chảo rời - bếp đơn;bộ;"
KT: 800x800x800/1150 mm
+ Đường kính của lõm kính: 400mm
+ Tính năng: Bộ điều khiển có 8 cấp độ chuyển đổi từ tính 
+ Điện áp: 380V/3P/50Hz, Công suất: 15KW
+ Vật liệu: Vỏ bếp làm bằng inox 304 d10mm
Kỹ thuật điều khiển phần mềm và thiết kế bản mạch tiên tiến Cài đặt chế độ báo tự động, hiển thị chức năng 8 công đoạn điều chỉnh công suất đồng thời giữ ấm giúp cho đồ ăn thơm ngon,Bếp chạy êm, không tiếng động giúp cải thiện môi trường làm việc,Thiết kế toàn bộ kết cấu bằng inox, tuổi thọ cao, an toàn cho người sử dụng,Tính năng: xào, rán, nấu sử dụng an toàn và hiện đạiĐược cắt gấp bằng máy thủy lực Các mối hàn được thực hiện bằng công nghệ hàn TIG, có khí argon bảo vệ mối hàn tránh hiện tượng ô xi hóa";27500000;: 405/2025/294/CTTĐG-VNVIC;15/12/2025;…;Bùi Thị Trà Giang
519;;Bếp từ công nghiệp - bếp đôi;bộ;"
Bếp từ đôi công nghiệp kính phẳng:
Công nghệ: Sản xuất tiêu chuẩn ISO 9001:2015
- Kích thước (Dài x Rộng xCao): 1200x800x 500/1150mm (chiều cao thành sau: 650mm)
- Tổng công suất: 24 kW (12kW/họng)
- Nguồn điện: 380V/50Hz
- Mặt kính dày 6 ly,  có bộ lọc nhiễm từ, vỏ bọc nguồn bằng nhôm rất quan trọng để đảm bảo tản nhiệt và ko ảnh hưởng đến các linh kiện khác
+ Sử dụng chip kỹ thuật số này có thể xử lý chính xác và nhanh chóng tín hiệu kỹ thuật số và báo lỗi chuẩn bị xử lý kịp thời lỗi báo trực tiếp trên hiển thị mặt điều khiển ví dụ lỗi không nồi, lỗi giải nhiệt kém, điện nguồn
+ Mạch điều khiển bằng ngôn ngữ Tiếng Việt dễ Sử dụng, dễ thao tác, dễ kiểm soát lỗi và Sử lý lỗi cho người Sử dụng và bộ phận bảo hành sản phẩm
- Có 8 nấc điều chỉnh khi đun nấu đồng thời giữ ấm giúp cho đồ ăn thơm ngon Bếp chạy êm, không tiếng động, tuổi thọ cao, an toàn cho người sử dụng Tính năng: xào, rán, nấu sử dụng an toàn và hiện đại
- Kính Ceramic chịu nhiệt, mặt kính phẳng  kích thước 428x428mm Khi đun nấu dùng nồi từ, đáy phẳng
- Vật liệu: vỏ ngoài Inox 304 dày 1,0mm, khung inox hộp 304: 30x30x1,0mm, chân ống inox 304 phi 50x1,2mm có chân chỉnh Được cắt gấp bằng máy thủy lực Các mối hàn được thực hiện bằng công nghệ hàn TIG, có khí argon bảo vệ mối hàn tránh hiện tượng ô xi hóa
- Có đường ống nước cung cấp vào 2 chảo nằm trên thành phía sau và đường thoát nước phía trước
Inox nhập khẩu";50000000;: 405/2025/294/CTTĐG-VNVIC;15/12/2025;…;Bùi Thị Trà Giang
520;;Bàn ra đồ;bộ;"
Bàn chia soạn
- Vật liệu: Inox 304
– Kích thước (Dài x Rộng x Cao): 1500 x 750 x 800 mm
– Đặc điểm: + Mặt bàn trên dày 1 mm, mặt bàn dưới dày 08 mm được tạo hình bằng máy gấp thuỷ lực, đường nét sắc sảo, chắc chắn Có lót gỗ 16mm tăng cứng mặt bàn
+ Chân bàn bằng hộp inox 40×40 mm dày 1 mm
+ Các mối hàn được thực hiện bằng công nghệ hàn TIG có khí Ar bảo vệ chống oxi hóa
+ Chân có bánh xe di chuyển";6227000;: 405/2025/294/CTTĐG-VNVIC;15/12/2025;…;Bùi Thị Trà Giang
521;;Tủ chạn để xoong nồi;bộ;"
Tủ chạn để bát dĩa, xoong nồi 3 tầng:
- Kích thước: D2000xR600xC1800mm
- Chân gắn bánh xe di động 
- Khung hộp inox 304: 30x30x1mm
- Tủ được chia thành 3 tầng để úp bát dĩa, xoong, nồi Các thanh nan chạy dọc nghiêng tạo độ khô thoáng không đọng nước Các mặt tủ bọc inox 304 dày 0,6mm, mặt trước cánh kính dán an toàn 2 lớp 6mm
- Có máng hứng nước rút rời  
- Được cắt gấp bằng máy thủy lực Các mối hàn được thực hiện bằng công nghệ hàn TIG, có khí argon bảo vệ mối hàn tránh hiện tượng ô xi hóa";13910000;: 405/2025/294/CTTĐG-VNVIC;15/12/2025;…;Bùi Thị Trà Giang
522;;Tủ nấu cơm;bộ;"
Tủ nấu cơm ( hấp xôi, bánh bao ) 80 kg 
– Kích thước (Dài x Rộng x Cao): 1400x650x1750 mm
– Kết cấu: Thân vỏ inox 304 2 lớp, giữa là lớp bảo ôn Polyurethane
– Số khay: 24 khay, mỗi khay chứa 3-35 kg gạo
Nhiên liệu: Điện
– Điện áp: 380V/50Hz (3 pha)
– Công suất: 24kw
– Năng suất: Tối đa 84 kg gạo/mẻ
– Thời gian nấu: 50 – 60 phút
– Chức năng: + Phao cấp, xả nước tự động,
+ Van xả áp tự động: Có
+ Đồng hồ đo nhiệt độ: Có";36641000;: 405/2025/294/CTTĐG-VNVIC;15/12/2025;…;Bùi Thị Trà Giang
523;;Giá úp khay cơm;bộ;"
Giá để bát,khay ăn 4 tầng, 4 đợt: 
- Chất liệu: Inox 304
- Kích thước: (Dài x Rộng x Cao): 1700 x 500 x 1500 mm
- Chân hộp 40×40 mm dày 1mm
- Khung hộp 20x40 mm dày 07 mm
- Lan can hộp 10×20 mm dày 06mm
- Nan dạng dát vỉ inox đặc, 2 tầng trên có rãnh nhô úp đĩa, các tầng bên dưới phẳng úp bát và khay ăn
- Chân có bánh xe di chuyển
- Bên dưới có 2 khay hứng nước
- Được cắt gấp bằng máy thủy lực Các mối hàn được thực hiện bằng công nghệ hàn TIG, có khí argon bảo vệ mối hàn tránh hiện tượng ô xi hóa";7136000;: 405/2025/294/CTTĐG-VNVIC;15/12/2025;…;Bùi Thị Trà Giang
524;;Máy xay thịt công nghiệp;bộ;"
Máy xay thịt
Điện áp: 220V/50Hz
Công suất: 800w
Năng suất: 20 -30 kg/ giờ
Đầu đùn thịt: 60- 80mm
Kích thước: 470x 320 x460 mm
Trọng lượng: 20kg
Chất liệu: Inox cao cấp";3455000;: 405/2025/294/CTTĐG-VNVIC;15/12/2025;…;Bùi Thị Trà Giang
525;;Máy thái củ quả;bộ;"
Máy thái rau củ qủa 
Điện áp:220V/50Hz
Công suất:550W ∼ 3/4 HP
Tốc độ quay: 300rpm
Lưỡi dao: 6 Lưỡi (thái lát, hạt lựu, sợi tròn, sợi vuông…)
Kích thước: 500x 250x 460 mm
Chất liệu chính: Hợp kim nhôm, Inox";22977000;: 405/2025/294/CTTĐG-VNVIC;15/12/2025;…;Bùi Thị Trà Giang
526;;Tủ chạn để bát dĩa;bộ;"
Tủ chạn để bát dĩa, xoong nồi 3 tầng:
- Kích thước: D2000xR600xC1800mm
- Chân gắn bánh xe di động 
- Khung hộp inox 304: 30x30x1mm
- Tủ được chia thành 3 tầng để úp bát dĩa, xoong, nồi Các thanh nan chạy dọc nghiêng tạo độ khô thoáng không đọng nước Các mặt tủ bọc inox 304 dày 0,6mm, mặt trước cánh kính dán an toàn 2 lớp 6mm
- Có máng hứng nước rút rời  
- Được cắt gấp bằng máy thủy lực Các mối hàn được thực hiện bằng công nghệ hàn TIG, có khí argon bảo vệ mối hàn tránh hiện tượng ô xi hóa";14500000;: 405/2025/294/CTTĐG-VNVIC;15/12/2025;…;Bùi Thị Trà Giang
527;;Tủ sấy bát dĩa dùng điện;bộ;"
Tủ sấy bát đĩa dùng điện
– Kích thước (Dài x Rộng x Cao): 1820x610x1800 mm
– Dung tích: 1800 Lít
– Điện áp: 220v/50Hz
– Công suất: 4000w
– Nhiệt độ sấy: 70 độ C
– Công nghệ: Sấy nóng bằng còng nhiệt kết hợp quạt gió Khử mùi diệt khuẩn bằng tia cực tím và Ozone
– Chức năng: Điều chỉnh nhiệt độ sấy, hẹn giờ tắt máy
– Kết cấu
:+ Thân vỏ: 2 lớp inox 304, giữa là lớp bảo ôn cách nhiệt
+ Cánh tủ: 3 cánh bằng kính cường lực
+ Giá để bát: 5 tầng đan bằng nan inox đặc- Được cắt gấp bằng máy thủy lực Các mối hàn được thực hiện bằng công nghệ hàn TIG, có khí argon bảo vệ mối hàn tránh hiện tượng ô xi hóa";27273000;: 405/2025/294/CTTĐG-VNVIC;15/12/2025;…;Bùi Thị Trà Giang
528;;Bàn soạn chia;bộ;"
Bàn chia soạn
- Vật liệu: Inox 304
– Kích thước (Dài x Rộng x Cao): 1500 x 750 x 800 mm
– Đặc điểm: + Mặt bàn trên dày 1 mm, mặt bàn dưới dày 08 mm được tạo hình bằng máy gấp thuỷ lực, đường nét sắc sảo, chắc chắn Có lót gỗ 16mm tăng cứng mặt bàn
+ Chân bàn bằng hộp inox 40×40 mm dày 1 mm
+ Các mối hàn được thực hiện bằng công nghệ hàn TIG có khí Ar bảo vệ chống oxi hóa
+ Chân có bánh xe di chuyển";6227000;: 405/2025/294/CTTĐG-VNVIC;15/12/2025;…;Bùi Thị Trà Giang
529;;Xe đẩy cơm đi các lớp;bộ;"
Xe vận chuyển thực phẩm:
- Vật liệu: Inox 304, dày 1mm
-Tên sản phẩm: Xe đẩy inox 1 tầng
-Kiểu xe 4 bánh, 2 bánh cố định và 2 bánh quay có phanh hãm Bánh xe phi 100 mm
- Kích thước sản phẩm: 600 x 800 x 850 mm
- Được cắt gấp bằng máy thủy lực Các mối hàn được thực hiện bằng công nghệ hàn TIG, có khí argon bảo vệ mối hàn tránh hiện tượng ô xi hóa";2409000;: 405/2025/294/CTTĐG-VNVIC;15/12/2025;…;Bùi Thị Trà Giang
530;;Xe đẩy 1 tầng (để nồi canh, thực phẩm sau khi nấu ra bàn chia);bộ;"
Xe vận chuyển thực phẩm:
- Vật liệu: Inox 304, dày 1mm
-Tên sản phẩm: Xe đẩy inox 1 tầng
-Kiểu xe 4 bánh, 2 bánh cố định và 2 bánh quay có phanh hãm Bánh xe phi 100 mm
- Kích thước sản phẩm: 600 x 800 x 850 mm
- Được cắt gấp bằng máy thủy lực Các mối hàn được thực hiện bằng công nghệ hàn TIG, có khí argon bảo vệ mối hàn tránh hiện tượng ô xi hóa";2409000;: 405/2025/294/CTTĐG-VNVIC;15/12/2025;…;Bùi Thị Trà Giang
531;;Chậu rửa di động đôi có chân;bộ;"
Chậu rửa di động đôi có chân
- Kích thước: 1800x700x800+150mm
- Có 2 chậu, kích thước chậu 500x500x300mm, lệch phải  Lòng chậu làm bằng inox 304 dày 1,0mm Tấm chắn trước làm bằng inox 304 dày 0,8mm Chân làm bằng inox 304-F38 dày 1,5mm  hoặc hộp 40x40x1,2mm, có tăng chỉnh - Giằng: ống inox 304-F25 dày 1,5mm - 02 vòi cấp nước
- Được cắt gấp bằng máy thủy lực Các mối hàn được thực hiện bằng công nghệ hàn TIG, có khí argon bảo vệ mối hàn tránh hiện tượng ô xi hóa";5150000;: 405/2025/294/CTTĐG-VNVIC;15/12/2025;…;Bùi Thị Trà Giang
532;;Rèm, lưới chắn côn trùng;m2;"
Rèm, lưới chắn côn trùng";500000;: 405/2025/294/CTTĐG-VNVIC;15/12/2025;…;Bùi Thị Trà Giang
533;;Biển tên phòng;bộ;"
Biển tên phòng:
- Kích thước: 200x300 mm
- Chất liệu mặt inox in UV, nội dung 2 mặt giống nhau Khung mica Có chân tháo rời để lắp đặt 
- Kích thước 20 x 30 cm ";550000;: 405/2025/294/CTTĐG-VNVIC;15/12/2025;…;Bùi Thị Trà Giang
534;;Hệ thống hút mùi bếp;bộ;"
Tum hút khói và hệ thống lọc chặn dầu (8000x1000x500 mm)
'- Toàn bộ làm bằng inox 304 dày 08-10 mm
- Hệ thống lọc chặn dầu bằng Inox 304-d 06mm được gấp mép chống sắc cạnh
+ Có đèn chiếu sáng + tấm ốp bằng kính chịu nhiệt chống nổ đảm bảo an toàn trong quá trình nấu
+ Thanh gá trên và dưới: giúp giữ các tấm Lọc Chặn Dầu Các gá này bắt cố đinh vào tum hút mùi;
Tấm Lọc Chặn Dầu: 
Các tấm đặt sát nhau, có thể vệ sinh dễ dàng theo định kỳ;
+ Chặn bên: giúp hệ thống kín, ngăn dầu không đi vào khoảng trống hai bên;
+ Cốc đựng dầu rỉ: lắp vào chỗ tiếp giáp 2 thanh gá dưới
- Được cắt gấp bằng máy thủy lực Các mối hàn được thực hiện bằng công nghệ hàn TIG, có khí argon bảo vệ mối hàn tránh hiện tượng ô xi hóa";44000000;: 405/2025/294/CTTĐG-VNVIC;15/12/2025;…;Bùi Thị Trà Giang
535;;;bộ;"
Quạt ly tâm lưu lượng 12000 - 15000 m3/h";17325000;: 405/2025/294/CTTĐG-VNVIC;15/12/2025;…;Bùi Thị Trà Giang
536;;;bộ;"
Hộp tiêu âm quạt
KT: theo kích thước quạt
Toàn bộ làm bằng inox 304 dày 08 mm
Bao gồm 5 tấm tôn ghép kín bọc quạt Mỗi tấm được làm bằng 3 lớp, 2 lớp inox bọc ngoài, ở giữa là chất liệu bảo ôn giảm tiếng ồn
- Được cắt gấp bằng máy thủy lực Các mối hàn được thực hiện bằng công nghệ hàn TIG, có khí argon bảo vệ mối hàn tránh hiện tượng ô xi hóa";8722000;: 405/2025/294/CTTĐG-VNVIC;15/12/2025;…;Bùi Thị Trà Giang
537;;Tủ để đồ khô;bộ;"
Tủ chạn để thực phẩm 4 tầng 4 đợt:
+ Chất liệu: Inox 304
– Kích thước tổng thể (Dài x Rộng x Cao): 1500X500X1500 mm
– Đặc điểm: 
+ Tủ có 4 tầng để đồ dạng phẳng
+ Tủ có 4 cánh, 2 cánh bên trên và 2 cánh bên dưới, cánh tủ bằng kính trắng
+ Chân hộp 30x30 mm
+ Chân có bánh xe di chuyển
- Được cắt gấp bằng máy thủy lực Các mối hàn được thực hiện bằng công nghệ hàn TIG, có khí argon bảo vệ mối hàn tránh hiện tượng ô xi hóa";12345455;: 405/2025/294/CTTĐG-VNVIC;15/12/2025;…;Bùi Thị Trà Giang
538;;Tủ để thực phẩm, gia vị;bộ;"
Tủ chạn để thực phẩm 4 tầng 4 đợt:
+ Chất liệu: Inox 304
– Kích thước tổng thể (Dài x Rộng x Cao): 1500X500X1500 mm
– Đặc điểm: 
+ Tủ có 4 tầng để đồ dạng phẳng
+ Tủ có 4 cánh, 2 cánh bên trên và 2 cánh bên dưới, cánh tủ bằng kính trắng
+ Chân hộp 30x30 mm
+ Chân có bánh xe di chuyển
- Được cắt gấp bằng máy thủy lực Các mối hàn được thực hiện bằng công nghệ hàn TIG, có khí argon bảo vệ mối hàn tránh hiện tượng ô xi hóa";12345455;: 405/2025/294/CTTĐG-VNVIC;15/12/2025;…;Bùi Thị Trà Giang
539;;Thùng gạo;bộ;"
Thùng đựng gạo:
- Bằng inox xước tấm 304 dày 1mm
- Khung hộp inox 304 - 30x30x10mm
- Thùng có nắp đậy dạng kéo, chia 3 ngăn, dưới đáy mỗi ngăn có lỗ xả gạo, đáy thùng dốc về phía lỗ xả dảm bảo lấy gạo dễ dàng, đế có bánh xe để di chuyển phi 100 mm
- Kích thước: R1200 x S750X C800mm
- Được cắt gấp bằng máy thủy lực Các mối hàn được thực hiện bằng công nghệ hàn TIG, có khí argon bảo vệ mối hàn tránh hiện tượng ô xi hóa
- Có thể đựng 250kg gạo";6880000;: 405/2025/294/CTTĐG-VNVIC;15/12/2025;…;Bùi Thị Trà Giang
540;;Tủ để lương thực;bộ;"
Tủ chạn để thực phẩm 4 tầng 4 đợt:
+ Chất liệu: Inox 304
– Kích thước tổng thể (Dài x Rộng x Cao): 1500X500X1500 mm
– Đặc điểm: 
+ Tủ có 4 tầng để đồ dạng phẳng
+ Tủ có 4 cánh, 2 cánh bên trên và 2 cánh bên dưới, cánh tủ bằng kính trắng
+ Chân hộp 30x30 mm
+ Chân có bánh xe di chuyển
- Được cắt gấp bằng máy thủy lực Các mối hàn được thực hiện bằng công nghệ hàn TIG, có khí argon bảo vệ mối hàn tránh hiện tượng ô xi hóa";12345455;: 405/2025/294/CTTĐG-VNVIC;15/12/2025;…;Bùi Thị Trà Giang
541;;Biển tên phòng;bộ;"
Biển tên phòng:
- Kích thước: 200x300 mm
- Chất liệu mặt inox in UV, nội dung 2 mặt giống nhau Khung mica Có chân tháo rời để lắp đặt 
- Kích thước 20 x 30 cm ";550000;: 405/2025/294/CTTĐG-VNVIC;15/12/2025;…;Bùi Thị Trà Giang
542;;Thi công, lắp đặt Sân khấu di động;bộ;"
- Kích thước: 8200x2400
- Khung thép
- Mặt sàn ván công nghiệp, trải thảm
- Sàn sử dụngván phủ flim dày 18mm, ván kháng nước, chịu lực cao
- Khung mặt sàn ốp ván: sử dụng sắt vuông 30mm x 30mm dày 14mm
- Thanh giằng sân khấu: Thanh trên và dưới sử dụng sắt vuông 40mm x 40mm dày 14mm; Thanh giằng dọc sử dụng sắtØ42 dày 14mm, Thanh
chéo sử dụng sắt Ø21 dày 12mm & connector thông minh kết nối 2 đầu; Chân sân khấu: sử dụng sắt Ø42 dày14mm";55000000;: 405/2025/294/CTTĐG-VNVIC;15/12/2025;…;Bùi Thị Trà Giang
543;;Ghế băng chờ (4 ghế / 1 băng);bộ;"
Ghế chờ:
- Băng ghế gồm 4 chỗ ngồi
- Chất liệu: khung thép sơn tĩnh điện, đệm tựa nhựa bền đẹp
- Chân T1 tăng chỉnh
- Kích Thước: W2010 x D520 x H770 mm";1602000;: 405/2025/294/CTTĐG-VNVIC;15/12/2025;…;Bùi Thị Trà Giang
544;;Hệ thống âm thanh sân thi đấu, sân khấu (loa, amply, micro);bộ;"TOA HS-1500BT
Micro không dây Shure UGX8 
Bao gồm: 2 Loa, 1 amply, 1 micro
+ Loa thông báo
+ Vỏ loa Loa thùng kín                               
+ Công suất 60W
+ Trở kháng: 100V line: 170Ω(60W), 330Ω(30W), 670Ω(15W), 70V line: 83Ω(60W), 170Ω(30W), 330Ω(15W), 670Ω(15W)
+ Cường độ âm thanh: (1W,1m) 98dB
+ Đáp tuyến tần số 85 – 20,000Hz
+ Tiêu chuẩn chống cháy IP-65
+ Thành phẩm Vỏ : Nhựa Polypropylene Lưới: Thép mạ
Micro không dây :
Tần số sóng mang UHF 610MHz – 660MHz
Đáp ứng tần số 40Hz ~ 18kHz
Điều chế chế độ FM
Ổn định tần số ± 0005%
Độ nhạy -107dbm
Công suất âm thanh Trở kháng 600 Ohm
Độ lệch ± 20KHz
Nguồn cung cấp 210V AC adapter
Thu sóng trong bán kính 300m
Tỷ lệ S / N > 80dB (1kHz-A)
Pin sử dụng liên tục 15 giờ
Amply 6zone
Điện áp : AC220V / 50HZ
Công suất định mức : 120W
Điện áp cố định : 70v / 100v
Điện trở liên tục: 4-16Ω;
Dòng đầu ra : 600Ω / 1V (0dB)
Độ nhạy đầu vào: MIC 1,2 / 600Ω, 20mV, Độ mất cân bằng ; Aux 1,2 / 10kΩ, 100mV, Không cân bằng
Độ nhạy đáp ứng : 100Hz-16KHz
THD : <0,1% KHz
S / N : “MIC 1,2: 66db
Kiểm soát âm lượng : Bass: ± 10dB, ở 100Hz; Treble: ± 10db, ở tốc độ 10KHz
Chế độ ngắt tiếng : Mic 1
Trọng lượng : 137 Kg
Màu : Bạc
Kích thước : 480X75X273mm";23914440;: 405/2025/294/CTTĐG-VNVIC;15/12/2025;…;Bùi Thị Trà Giang
545;;Thiết bị cho môn cầu lông;bộ;"
Trụ giăng lưới:
- Chiều cao sử dụng của trụ là 1,55m
Kích thước trụ (1,56 x 0,8 x 0,5) m / 1 trụ bộ 2 trụ
Lưới giăng thi đấu cầu lông
– Trọng lượng: 550gram
– Kích thước: 670 x 76 cm (dài x cao )
– Màu sắc: Viền trắng lưới màu đỏ đô";3856000;: 405/2025/294/CTTĐG-VNVIC;15/12/2025;…;Bùi Thị Trà Giang
546;;Ghế trọng tài;bộ;"
Ghế trọng tài bộ môn cầu lông
+ Khung ghế làm từ sắt D34mm cực dày và sơn tĩnh điện chống rỉ sét, bong tróc
+ Ghế ngồi làm từ chất liệu composite cao cấp, cực bền và sử dụng được cho mọi điều kiện thời tiết
+ Mặt bàn ghi điểm làm từ ván gỗ
+ Chân ghế được bọc cao su giúp chống xước nền sân thi đấu
- Kích thước:
+ + 964 x 1164 x 2376
+ ghế có tầm nhìn lên tới 150m
+ Ghế trọng tài có thể dùng cho các bộ môn cầu lông, bóng chuyền";3615000;: 405/2025/294/CTTĐG-VNVIC;15/12/2025;…;Bùi Thị Trà Giang
547;;Thiết bị cho môn bóng rổ;bộ (1 trụ);"
Trụ bóng rổ
'- Thân trụ được là từ ống trụ thép có đường kính 76mm có phun sơn tĩnh điện chống han rỉ
- Chân đế đúc từ nhựa LLDPE dạng rỗng, do đó có thể chứa được 50 lít nước làm đối trọng cho trụ
- Bảng kính cường lực: 120 x 80cm
- Vành bóng rổ có thể điều chỉnh độ cao linh hoạt nhờ vào thiết kế khóa điều chỉnh thông minh Ngoài ra vành bóng còn có lò xo kháng lực hạn chế các lực tác động lên vành, giảm thiếu khả năng biến dạng khi sử dụng
- Trụ bóng có hai bánh xe bên dưới giúp quá trình di chuyển là rất dễ dàng
- khả năng điều chỉnh độ cao linh hoạt là 2m6, 2m85 và 3m05";5568000;: 405/2025/294/CTTĐG-VNVIC;15/12/2025;…;Bùi Thị Trà Giang
548;;Bóng tập luyện (bóng rổ);bộ;"
- Chất liệu: cao su dùng trong công nghiệp, cho độ bền dài lâu cũng như khả năng chịu lực tốt
- Kích thước: Size bóng số 5";120000;: 405/2025/294/CTTĐG-VNVIC;15/12/2025;…;Bùi Thị Trà Giang
549;;Xe đựng bóng;bộ;"
Xe đựng bóng - Kích thước: 900x600x900
- Sức chứa: 25 - 30 quả bóng
- Chất liệu: Khung thép sơn tĩnh điện, chống rỉ
- Sản phẩm chân có bánh xe di động";3500000;: 405/2025/294/CTTĐG-VNVIC;15/12/2025;…;Bùi Thị Trà Giang
550;;Thiết bị cho môn bóng bàn;bộ;"
Bàn bóng bàn
- Kích thước lắp đặt sản phẩm: 1525 x 2740 x 760 mm
- Trọng lượng bàn: 122kg
- Chất liệu: Gỗ MDF cao cấp nhập khẩu nguyên khối siêu bền, với độ dày lên đến 25mm
Lưới giăng thi đấu bóng bàn
- Chất liệu:
+Cọc được làm từ nhựa cứng
+Lưới làm từ sợi tổng hợp
Bóng thi đấu (Bóng bàn)
Quả bóng có dạng hình cầu, đường kính 40 mm Quả bóng nặng 2,7g";3241000;: 405/2025/294/CTTĐG-VNVIC;15/12/2025;…;Bùi Thị Trà Giang
551;;Thiết bị cho môn bóng đá mini;bộ;"
- Kích thước khung thành bóng đá 5 người hay khung thành bóng đá Mini là 3 x 2 x 12m (rộng x cao x sâu)
- Chất liệu: khung thành bằng thép sơn tĩnh điện chống gỉ
- Sản phẩm bao gồm 2 khung thành và lưới";2700000;: 405/2025/294/CTTĐG-VNVIC;15/12/2025;…;Bùi Thị Trà Giang
552;;Bóng tập luyện (bóng đá);quả;"
- Size bóng số 5
- Chất liệu TPU
- Số lượng 10 bóng";160000;: 405/2025/294/CTTĐG-VNVIC;15/12/2025;…;Bùi Thị Trà Giang
553;;Thiết bị cho môn đá cầu;bộ;"
– Cột: Chất liệu bằng kim loại, có bánh xe, chốt khóa, tay quay căng lưới; chiều cao 1550mm
– Lưới: Hình chữ nhật dài, chất liệu bằng sợi vải dù hoặc tương đương Kích thước (6100×750)mm (DxC), viền lưới rộng 20mm, kích thước mắt lưới 20-23mm";2000000;: 405/2025/294/CTTĐG-VNVIC;15/12/2025;…;Bùi Thị Trà Giang
554;;Đệm nhảy cao;bộ;"
Đệm nhảy cao KT 2 x 16 x 02 m 
Chất liệu: Mút chuyên dụng liền khối, bạt chống thấm
Màu sắc: Xanh bộ đội
Xuất xứ: Việt Nam";3600000;: 405/2025/294/CTTĐG-VNVIC;15/12/2025;…;Bùi Thị Trà Giang
555;;Ghế băng thể dục;bộ;"
Ghế băng thể dục
- Kích thước: D 2000 x R 350 x C 250 mm,
- Ghế băng thể dục mặt làm bằng gỗ thông sơn phủ bóng, chân làm bằng sắt sơn tĩnh điện";925926;: 405/2025/294/CTTĐG-VNVIC;15/12/2025;…;Bùi Thị Trà Giang
556;;Đồng hồ bấm giây;bộ;"PC-894
- Đồng hồ bấm giây được dùng trong thi đấu thể thao hoặc đếm giờ làm việc
- Chất liệu: Nhựa
- Màu sắc: Xanh
- Đồng hồ bấm giờ có dây đeo cổ tiện dụng và đo được nhiều đối tượng cùng lúc
- Màn hình 7 số với 3 dòng hiển thị giờ - phút - giây và % giây Ngoài ra, còn hiển thị giờ và ngày tháng hiện tại
- Chế độ ghi: thời gian Gộp, thời gian Lập, thời gian tách lẻ Giờ và ngày tháng hiện tại
- Nhớ được 100 thời điểm tạm dừng (100 Lap) với 2 nhóm hiển thị
- Độ chính xác: 1/100s";150000;: 405/2025/294/CTTĐG-VNVIC;15/12/2025;…;Bùi Thị Trà Giang
557;;Còi;bộ;"
Chất liệu: Nhựa";10000;: 405/2025/294/CTTĐG-VNVIC;15/12/2025;…;Bùi Thị Trà Giang
558;;Tủ đựng dụng cụ thể dục thể thao;bộ;"The One TU09F
- Kích thước: 915x450x1830 mm 
- Tủ sắt sơn tĩnh điện có khả năng gấp gọn khi không sử dụng Tủ có 3 đợt cố định để đồ
- Chất liệu: Sắt sơn tĩnh điện";3461000;: 405/2025/294/CTTĐG-VNVIC;15/12/2025;…;Bùi Thị Trà Giang
559;;Biển tên phòng;bộ;"
Biển tên phòng:
- Kích thước: 200x300 mm
- Chất liệu mặt inox in UV, nội dung 2 mặt giống nhau Khung mica Có chân tháo rời để lắp đặt 
- Kích thước 20 x 30 cm ";550000;: 405/2025/294/CTTĐG-VNVIC;15/12/2025;…;Bùi Thị Trà Giang
560;;Thang nâng thực phẩm;bộ;"
Hệ thống thang tời:- Thang tời thực phẩm 200kg - Tải trọng 200kg; tốc độ 15-20m/phút; Số điểm dừng mở phục vụ 02; Nguồn điện động lực : 3 phase, 380VAC, 50Hz; Nguồn chiếu sáng: 1 phase, 220VAC, 50Hz; Bộ điều khiển tốc độ: biến tần; Kích thước cabin: rộng 850 x sâu 1000 x cao 1400mm; Kích thước hố thang rộng 1200mm, sâu 1200mm Vách cabin,trần cabin, sàn phòng thang : Vật liệu Inox 304 sọc nhuyễn dày 1mm; Hệ thống chiếu sáng: Đèn led toả từ trên xuống;Cửa tầng làm bằng Inox 304 dạng mở tay theo chiều lên xuống; Khoảng mở cửa tầng: rộng 850 x cao 1400mm  Lắp đặt trọn gói bao gồm dây điện đấu nối và các vật liệu hoàn thiện khác- Động cơ Mitsubishi Công suất 22KW- Hệ điều khiển : Điều khiển nhớ hai chiều, xử lý tín hiệu gọi tầng theo trình tự ưu tiên chiều đang hoạt động,- Ray dẫn hướng: ray TK 50 chuyên dụng- Cáp kéo cabin: Ø 10- Chức năng chống mất an toàn cửa, chống vượt tốc, chống mất pha,ngược pha";113636364;: 405/2025/294/CTTĐG-VNVIC;15/12/2025;…;Bùi Thị Trà Giang
561;;Bộ bàn làm việc;bộ;"
Bàn ghế dành cho giáo viên:
  - Bàn giáo viên: có đợt, khung ống thép 30x30X1,2mm sơn tĩnh điện, mặt bàn gỗ cao su ghép thanh loại AA dày 18mm Kích thước: W1200 x D600 x H750 mm  Bàn có 1 ngăn kéo, 1 tủ cánh mở có khóa, 1 kệ để CPU và 1 khay để bàn phím, Mặt bàn có lỗ đi dây điện tiện dụng 
 Chắn trước: Làm bằng gỗ cao su ghép thanh loại AA dày 18mm dài bằng chiều dài của khung bàn, cao bằng cao ngăn bàn,  quây bàn gần sát đất   ";2583000;: 405/2025/294/CTTĐG-VNVIC;15/12/2025;…;Bùi Thị Trà Giang
562;;Ghế gấp;bộ;"Xuân Hòa GS-05-00
Ghế gập: 
- Kích thước: 470x460x860 mm
- Mô tả: Kết cấu vững chắc với khung inox 201 D222, đệm tựa mút bọc PVC
Sản phẩm sản xuất trên dây chuyền công nghệ được chứng nhận quản lý chất lượng theo tiêu chuẩn: ISO 9001:2015; ISO 14001:2015; ISO 45001:2018";412000;: 405/2025/294/CTTĐG-VNVIC;15/12/2025;…;Bùi Thị Trà Giang
563;;Tủ tài liệu;bộ;"The One TU09K3BCK
Tủ đựng hồ sơ tài liệu:
- Kích thước: Dài 100 cm x Sâu 45 cm x cao 183 cm
- Kích thước kính: Dài 1015 mm x Rộng 410 mm x 3 mm
Tủ đựng hồ sơ tài liệu:
- Tủ hồ sơ mặt hình chữ nhật
- Tủ gồm 2 khoang
+ Khoang trên có 2 đợt di động, khung cánh kính lùa
+ Khoang dưới có 2 cánh sắt lùa
- Chất liệu: Sắt sơn tĩnh điện màu ghi sáng, tay nắm nhựa
- Sản phẩm sản xuất trên dây chuyền công nghệ được chứng nhận quản lý chất lượng theo tiêu chuẩn: ISO 9001:2015; ISO 14001:2015; ISO 45001:2018";3333333;: 405/2025/294/CTTĐG-VNVIC;15/12/2025;…;Bùi Thị Trà Giang
564;;Cây nước lóng lạnh;bộ;"Sơn Hà 09HCB01-W
Cây nước nóng lạnh: chip 3 vòi trắng có khóa trẻ em
Bình chứa Inox SUS 304 an toàn
Kích thước: 340x330x980
Thông số kỹ thuật
+ Điện áp sử dụng  : 220V ~ 240VAC - 50/60Hz
+ Công suất làm nóng: 550W
+ Công suất làm lạnh: 90W
+ Nhiệt độ nước nóng: 85-95°C
+ Nhiệt độ nước lạnh: 0-10°C
+ Có chức năng khóa trẻ em cho phần lấy nước bên nóng 
+ Vỏ tủ làm bằng Tôn sơn tĩnh điện kết hợp với nhựa ABS và PP
+ Kích thước : 340x330x980mm
+ Dòng điện làm mát định mức : 075A
Sản phẩm sản xuất trên dây chuyền công nghệ được chứng nhận quản lý chất lượng theo tiêu chuẩn: ISO 9001:2015;";3500000;: 405/2025/294/CTTĐG-VNVIC;15/12/2025;…;Bùi Thị Trà Giang
565;;Giường ngủ;bộ;"
Giường ngủ bao gồm: khung giường, giác giường, cọc màn, nệm
Thông số kỹ thuật
+ Giường kích thước: 1900x914x710
+ Chất liệu giường: khung thép sơn tĩnh điện, giát giường bằng gỗ okal
+ Đệm cao su dày 10cm, kích thước 1900x1000";2298000;: 405/2025/294/CTTĐG-VNVIC;15/12/2025;…;Bùi Thị Trà Giang
566;;Biển tên phòng;bộ;"
Biển tên phòng:
- Kích thước: 200x300 mm
- Chất liệu mặt inox in UV, nội dung 2 mặt giống nhau Khung mica Có chân tháo rời để lắp đặt 
- Kích thước 20 x 30 cm ";550000;: 405/2025/294/CTTĐG-VNVIC;15/12/2025;…;Bùi Thị Trà Giang
567;;Cổng xếp tự động;md;"
THÂN CỔNG F818: bằng inox 304, cao tiêu chuẩn 16m: 
- Trụ chính: D50X08mm
- Thanh chéo: hộp 20X40X07mm
Kèm theo:Motor đôi: 
- Công suất 420W/Điện áp 220V
- Tần số 50Hz/Tốc độ 43 vòng/phút
Thiết bị li hợp không số
Công tắc cảm ứng từ
Thiết bị chống rung động
Cảm biến thân nhiệt bảo vệ motor
Điều khiển từ xa (02 chiếc)
Nút bấm âm tường (01 chiếc)";4500000;: 405/2025/294/CTTĐG-VNVIC;15/12/2025;…;Bùi Thị Trà Giang
568;;Bộ Gym xe đạp;bộ;"
Kích thước 50x22x46 (cm)
Chất liệu: bằng sắt kẽm sơn tĩnh điện và yên bằng nhựa cao cấp, khung bọc nhựa cao cấp, có 02 bàn đạp chân, hai tay cầm";2150000;: 405/2025/294/CTTĐG-VNVIC;15/12/2025;…;Bùi Thị Trà Giang
569;;Bộ Gym chạy bộ;bộ;"
Kích thước: D80*R65*C78 cm
Chất liệu: Nhựa, hợp kim cao cấp
Phụ kiện: Đồng hồ điện tử";2050000;: 405/2025/294/CTTĐG-VNVIC;15/12/2025;…;Bùi Thị Trà Giang
570;;Bộ vận động liên hoàn ngoài trời;bộ;"
Kích thước: (D685*R286*C300cm)
Tiêu chuẩn: Bộ giáo dục và đào tạo
Chất liệu: Nhựa cao cấp kết hợp khung thép chống gỉ
Màu sắc: Phối các màu
Cấu tạo phần sắt:
Cột làm bằng ống thép #90 dày 1,4mm, lan can, vách sắt, tay vịn làm bằng ống 32 dày 1,5mm mạ kẽm sơn tĩnh điện Sàn bằng tôn sơn sần tĩnh điện ngoài trời
–  nhựa đúc nhập khẩu không phai màu, không độc hại
– Bộ cầu trượt liên hoàn cho bé 2 khối ống chui
– Tuyệt đối không chứa các chất độc hại trong sản phẩm đồ chơi trẻ em của chúng tôi
– Bộ cầu trượt liên hoàn cho bé 2 khối ống chui  với kích thước xác định: D685*R286*C300cm bao gồm các chi tiết: nhà liên hoàn 2 khối, 1 thang leo bằng sắt, 1 cầu trượt xoắn, 1 cầu trượt đơn cùng một số phụ kiện như ống chui, vách thẳng, vách cửa sổ, vách cầu trượt,… là sự lựa chọn tốt nhất cho không gian vui chơi và rèn luyện thể chất của bé";32960000;: 405/2025/294/CTTĐG-VNVIC;15/12/2025;…;Bùi Thị Trà Giang
571;;Khung thành bóng đá (Sân 5 người);bộ;"
- Kích thước khung thành bóng đá 5 người hay khung thành bóng đá Mini là 3 x 2 x 12m (rộng x cao x sâu)
- Chất liệu: khung thành bằng thép sơn tĩnh điện chống gỉ
- Sản phẩm bao gồm 2 khung thành và lưới";2700000;: 405/2025/294/CTTĐG-VNVIC;15/12/2025;…;Bùi Thị Trà Giang
572;;Bóng tập luyện (bóng đá);quả;"
- Size bóng số 5
- Chất liệu TPU";160000;: 405/2025/294/CTTĐG-VNVIC;15/12/2025;…;Bùi Thị Trà Giang
573;;"Rèm cầu vồng:
";m2;Rèm cầu vồng: - Mô tả: Vải sợi cơ bản polyester 100% với hai vân vải xen kẽ nhau và cách nhau khoảng 8-10cm Hai vân vải bao gồm: 1 vân vải chính và 1 vân vải voan được dệt mỏngHộp rèm bao gồm tất cả các linh kiện hộp rèm phía trên, thanh ray trục xoay rèm Tất cả các bộ phận này đều được làm bằng hợp kim nhôm chống rỉ sét, có độ bền rất cao,;398000;: 405/2025/294/CTTĐG-VNVIC;15/12/2025;…;Bùi Thị Trà Giang
574;;Bình lọc;cái;"""Ezkpool - HongKong
 China""
ES900
* Bình cấu tạo bằng composite phủ nhựa công nghiệp đúc nguyên khối, chịu tia UV, chịu áp lực chuyên dùng cho bể bơi, bể spa 
* Công suất lọc 31 m3/h 
* Đường kính bình lọc D900mm
* Kèm van điều khiển bình lọc, đồng hồ áp lực và cửa quan sát       
* Áp suất làm việc max: 2,5 bar
* Nhiệt độ hoạt động max: 50 º C";20455000;: 405/2025/294/CTTĐG-VNVIC;15/12/2025;…;Bùi Thị Trà Giang
575;;Bơm lọc;Cái;"Kripsol Hayward - Tây Ban Nha
KS Evo 300 T1
* Bơm trục ngang chuyên dùng cho bể bơi, kể cả bể nước mặn
* Thân bơm kèm Bộ tiền lọc rác,   
* Cánh quạt và bộ khuếch tán làm bằng Noryl®, độ cứng cao và chống ăn mòn                                        
* Công suất: 3HP/380V/50Hz  ;
* Lưu lượng khoảng: 33m3/h;
* Cột áp khoảng 10m                                                   
* Trục bơm, phớt bơm bằng vật liệu thép không ghỉ SS316 
* Hoạt động tại nhiệt độ nước max: 50 độ C      
* Động cơ Class F, IP55, 50 Hz, 2850rpm";15561000;: 405/2025/294/CTTĐG-VNVIC;15/12/2025;…;Bùi Thị Trà Giang
576;;Cát lọc 04-08 k(g);Kg;"Việt Nam

Cát thạch anh";4000;: 405/2025/294/CTTĐG-VNVIC;15/12/2025;…;Bùi Thị Trà Giang
577;;Nắp thu đáy;cái;"Việt Nam

Bằng Inox SS304  KT: 300x300mm";1409000;: 405/2025/294/CTTĐG-VNVIC;15/12/2025;…;Bùi Thị Trà Giang
578;;Đầu trả nước;cái;"""Ezkpool - HongKong
 China""

Kết nối 15"", bằng nhựa chịu hóa chất
Nhựa ABS; D60";283000;: 405/2025/294/CTTĐG-VNVIC;15/12/2025;…;Bùi Thị Trà Giang
579;;Nắp thu tràn;cái;"""Ezkpool - HongKong
 China""
EZ0195
Bằng nhựa chịu hóa chất, kích thước Ø208mm";283000;: 405/2025/294/CTTĐG-VNVIC;15/12/2025;…;Bùi Thị Trà Giang
580;;Đèn chuyên dụng cho bể bơi;cái;"""Ezkpool - HongKong
 China""
EZKLED18
Đèn led chiếu sáng bể bơi công suất 18W/12V, ánh sáng vàng ấm, chuyên dụng cho bể bơi";2243000;: 405/2025/294/CTTĐG-VNVIC;15/12/2025;…;Bùi Thị Trà Giang
581;;Biến áp đèn;cái;"""Ezkpool - HongKong
 China""
T100
Biến áp 220VAC/12VAC-100W, chuyên dụng cho đèn bể bơi";506000;: 405/2025/294/CTTĐG-VNVIC;15/12/2025;…;Bùi Thị Trà Giang
582;;Thanh chắn máng tràn;m;"""Ezkpool - HongKong
 China""
EZ0030
Kích thước: 22x300mm
Vật liệu: nhưa ABS màu trắng Xuất xứ: Đài Loan Thiết bị mới 100% và bảo hành";382000;: 405/2025/294/CTTĐG-VNVIC;15/12/2025;…;Bùi Thị Trà Giang
583;;Thang inox 3 bậc;cái;"""Ezkpool - HongKong
 China""
SF-315
Thang bể bơi inox 304 3 bậc dày 09mm";3164000;: 405/2025/294/CTTĐG-VNVIC;15/12/2025;…;Bùi Thị Trà Giang
584;;Bộ điều khiển hóa chất;Bộ;"Emec - Italia
WDPHRH
Hệ thống châm hóa chất khử trùng nước bể tụ động bao gồm:
- Bảng điều khiển chung hiển thị thông số đo và cài đặt ban đầu 
- 02 Bơm định lượng PVDF 10L/h 3bar  
- Dải nhiệt độ môi trường hoạt động: -10°C - 45°C
- Điện cực Clorin với dải đo 0-999mV cài đặt đồng bộ theo bộ điều khiển      
- Điện cực PH với dải đo 0-14PH, cài đặt đồng bộ theo bộ điều khiển        
- Phụ kiện đi kèm bộ: Panel, cảm biến dòng nước, bộ lọc thô nước mẫu, hệ thống ống dẫn nước mẫu      
- Phao báo cạn hoá chất Clo, PH bảo vệ bơm    
- Dải điện áp sử dụng rộng 190 - 265V/1P/50Hz";52983000;: 405/2025/294/CTTĐG-VNVIC;15/12/2025;…;Bùi Thị Trà Giang
585;;Bình chứa hóa chất 300l;cái;"Việt Nam

Bình chứa hóa chất 300l";1364000;: 405/2025/294/CTTĐG-VNVIC;15/12/2025;…;Bùi Thị Trà Giang
586;;Van phao cơ;Bộ;"Việt Nam

Van phao cơ đường kính 25mm, đồng thau 1 cho bể nước ngầm, 1 téc nước mái(Minh Hòa hoặc tương đương)";216000;: 405/2025/294/CTTĐG-VNVIC;15/12/2025;…;Bùi Thị Trà Giang
587;;Bộ dụng cụ vệ sinh bể bơi;Bộ;"""Ezkpool - HongKong
 China""

Bộ dụng cụ vệ sinh bể bơi:
+ Sào nhôm kết nối ống lồng có thể điều chỉnh;
+ Vợt hớt rác;
+ Chổi cọ bể;
+ Bàn hút vệ sinh di động;
+ Ống hút mềm chiều dài 15m;  
+ Bộ test kiểm tra độ PH và Chlorine 2 trong 1
+ Bơm hút vệ sinh kèm bình lọc chuyên dụng và xe đẩy";6818000;: 405/2025/294/CTTĐG-VNVIC;15/12/2025;…;Bùi Thị Trà Giang
588;;Heatpump;Bộ;"""Heatenvi - Úc
 Nhà máy sản xuất tại China""
Kripsol Hayward - Tây Ban Nha
HCP38303E1
* Bơm trục ngang chuyên dùng cho bể bơi, kể cả bể nước mặn                          
* Thân bơm kèm Bộ tiền lọc rác,   
* Cánh quạt và bộ khuếch tán làm bằng Noryl®, độ cứng cao và chống ăn mòn
* Công suất: 3HP/3P/400V/50Hz ;
* Lưu lượng khoảng: 42m3/h;
*Cột áp khoảng 12m 
* Trục bơm, phớt bơm bằng vật liệu thép không gỉ SS316
* Hoạt động tại nhiệt độ nước max: 50 độ C      
* Động cơ Class F, IP55, 50 Hz, 3000 rpm";393105000;: 405/2025/294/CTTĐG-VNVIC;15/12/2025;…;Bùi Thị Trà Giang
589;;Bơm tuần hoàn heatpump;Cái;"Kripsol Hayward - Tây Ban Nha
* Bơm trục ngang chuyên dùng cho bể bơi, kể cả bể nước mặn                          
* Thân bơm kèm Bộ tiền lọc rác,   
* Cánh quạt và bộ khuếch tán làm bằng Noryl®, độ cứng cao và chống ăn mòn
* Công suất: 3HP/3P/400V/50Hz ;
* Lưu lượng khoảng: 42m3/h;
*Cột áp khoảng 12m 
* Trục bơm, phớt bơm bằng vật liệu thép không gỉ SS316
* Hoạt động tại nhiệt độ nước max: 50 độ C      
* Động cơ Class F, IP55, 50 Hz, 3000 rpm";43200000;: 405/2025/294/CTTĐG-VNVIC;15/12/2025;…;Bùi Thị Trà Giang
590;;Rack Panel 9U D500Tủ rack 9U D500 ( chưa có phụ kiện);Cái;"Tủ Rack 9U D500 Unirack UNR-N9U D500
Rack Panel 9U D500Tủ rack 9U D500 ( chưa có phụ kiện)
Tên sản phẩm: Tủ Rack 9U D500 Unirack UNR-N9U D500Tủ Rack 9U D500 Unirack UNR-N9U D500 
Mã sản phẩm: UNR-N9U D500 
Hãng sản xuất: Unirack 
Xuất xứ: Việt Nam ";1227273;: 405/2025/294/CTTĐG-VNVIC;15/12/2025;…;Bùi Thị Trà Giang
591;;Switch 24 ports PoE, 4 port SFPBộ chuyển mạch 24 cổng PoE, 4 cổng SFP;Cái;"CBS250-24P-4G-EU
Switch 24 ports PoE, 4 port SFPBộ chuyển mạch 24 cổng PoE, 4 cổng SFP
""CBS250-24P-4G-EU (Model: CBS250-24P-4G) là Switch Cisco Business 250 có 24 cổng mạng có cấp nguồn PoE+ với công suất lên đến 195W, có 4 cổng Uplink quang (4 GE SFP Uplink) Switch Cisco CBS250-24P-4G-EU có tính năng Layer 3 routing và đầy đủ tính năng Layer 2
28-Port Gigabit Ethernet PoE Unmanaged Switch CISCO CBS250-24P-4G-EU
- Support 24 Gigabit PoE+ ports with 195W power budget and 4 Gigabit SFP ports
- Switching capacity: 56Gbps
- Jumbo frames: Frame sizes up to 9K bytes The default MTU is 2K byte
- Cabling type: Unshielded Twisted Pair (UTP) Category 5e or better for 1000BASE-T
- Flash: 256MB
- CPU: 800MHz ARM
- CPU memory: 512MB
- Dimensions (W x D x H): 445 x 299 x 44 mm
- Weight: 353kg""";11536364;: 405/2025/294/CTTĐG-VNVIC;15/12/2025;…;Bùi Thị Trà Giang
592;;Patch Panel 24 ports Cat6Thanh đấu nối 24 cổng Cat6;Cái;"LS-PP-UC6-24P-WM
 Tên sản phẩm Patch panel 24 port Cat6
 Số cổng cắm 24 port (24 cổng cắm)
 Số lượng modules 4
 Màu sắc Màu đen
 Mã màu T568A | T568B
 Chất liệu Thép";3135000;: 405/2025/294/CTTĐG-VNVIC;15/12/2025;…;Bùi Thị Trà Giang
593;;Rack Panel 6U D600Tủ rack  6U D600 ( chưa gồm phụ kiện);Cái;"	3C-R06B06TW
Rack Panel 6U D600Tủ rack  6U D600 ( chưa gồm phụ kiện)";920000;: 405/2025/294/CTTĐG-VNVIC;15/12/2025;…;Bùi Thị Trà Giang
594;;Switch 24 ports PoE, 4 port SFPBộ chuyển mạch 24 cổng PoE, 4 cổng SFP;Cái;"CBS250-24P-4G-EU
Switch 24 ports PoE, 4 port SFPBộ chuyển mạch 24 cổng PoE, 4 cổng SFP
""CBS250-24P-4G-EU (Model: CBS250-24P-4G) là Switch Cisco Business 250 có 24 cổng mạng có cấp nguồn PoE+ với công suất lên đến 195W, có 4 cổng Uplink quang (4 GE SFP Uplink) Switch Cisco CBS250-24P-4G-EU có tính năng Layer 3 routing và đầy đủ tính năng Layer 2
28-Port Gigabit Ethernet PoE Unmanaged Switch CISCO CBS250-24P-4G-EU
- Support 24 Gigabit PoE+ ports with 195W power budget and 4 Gigabit SFP ports
- Switching capacity: 56Gbps
- Jumbo frames: Frame sizes up to 9K bytes The default MTU is 2K byte
- Cabling type: Unshielded Twisted Pair (UTP) Category 5e or better for 1000BASE-T
- Flash: 256MB
- CPU: 800MHz ARM
- CPU memory: 512MB
- Dimensions (W x D x H): 445 x 299 x 44 mm
- Weight: 353kg""";11536364;: 405/2025/294/CTTĐG-VNVIC;15/12/2025;…;Bùi Thị Trà Giang
595;;Patch Panel 24 ports Cat6Thanh đấu nối 24 cổng Cat6;Cái;"LS-PP-UC6-24P-WM
 Tên sản phẩm Patch panel 24 port Cat6
 Số cổng cắm 24 port (24 cổng cắm)
 Số lượng modules 4
 Màu sắc Màu đen
 Mã màu T568A | T568B
 Chất liệu Thép";3135000;: 405/2025/294/CTTĐG-VNVIC;15/12/2025;…;Bùi Thị Trà Giang
596;;Access Point IndoorBộ phát Wifi trong nhà;Cái;"Bộ phát wifi Grandstream GWN7615 Wifi Access Point 200 user
Access Point IndoorBộ phát Wifi trong nhà
""- Tổng băng thông không dây 1,75Gbps và cổng có dây 2x Gigabit
- Công nghệ MU-MIMO 3×3:3 băng tần kép
- Tự điều chỉnh nguồn điện khi phát hiện PoE hoặc PoE +
- Hỗ trợ hơn 200 thiết bị kết nối Wi-Fi đồng thời
- Phạm vi phủ sóng lên đến 175 mét
- QoS nâng cao đảm bảo độ trễ thấp cho các ứng dụng thời gian thực
- Khởi động an toàn chống hack và khóa dữ liệu quan trọng / kiểm soát thông qua chữ ký số, chứng chỉ bảo mật duy nhất / mật khẩu mặc định ngẫu nhiên trên mỗi thiết bị
- Bộ điều khiển nhúng có thể quản lý tới 50 bộ phát Wi-Fi dòng GWN cục bộ; GWNCloud cung cấp quản lý bộ phát Wi-Fi không giới hạn; GWN Manager cung cấp bộ điều khiển phần mềm dựa trên tiền đề""";3245000;: 405/2025/294/CTTĐG-VNVIC;15/12/2025;…;Bùi Thị Trà Giang
597;;Switch 24 ports PoE, 4 port SFPBộ chuyển mạch 24 cổng PoE, 4 cổng SFP;Cái;"CBS250-24P-4G-EU
Switch 24 ports PoE, 4 port SFPBộ chuyển mạch 24 cổng PoE, 4 cổng SFP
""CBS250-24P-4G-EU (Model: CBS250-24P-4G) là Switch Cisco Business 250 có 24 cổng mạng có cấp nguồn PoE+ với công suất lên đến 195W, có 4 cổng Uplink quang (4 GE SFP Uplink) Switch Cisco CBS250-24P-4G-EU có tính năng Layer 3 routing và đầy đủ tính năng Layer 2
28-Port Gigabit Ethernet PoE Unmanaged Switch CISCO CBS250-24P-4G-EU
- Support 24 Gigabit PoE+ ports with 195W power budget and 4 Gigabit SFP ports
- Switching capacity: 56Gbps
- Jumbo frames: Frame sizes up to 9K bytes The default MTU is 2K byte
- Cabling type: Unshielded Twisted Pair (UTP) Category 5e or better for 1000BASE-T
- Flash: 256MB
- CPU: 800MHz ARM
- CPU memory: 512MB
- Dimensions (W x D x H): 445 x 299 x 44 mm
- Weight: 353kg""";11536364;: 405/2025/294/CTTĐG-VNVIC;15/12/2025;…;Bùi Thị Trà Giang
598;;Patch Panel 24 ports Cat6Thanh đấu nối 24 cổng Cat6;Cái;"LS-PP-UC6-24P-WM
 Tên sản phẩm Patch panel 24 port Cat6
 Số cổng cắm 24 port (24 cổng cắm)
 Số lượng modules 4
 Màu sắc Màu đen
 Mã màu T568A | T568B
 Chất liệu Thép";3135000;: 405/2025/294/CTTĐG-VNVIC;15/12/2025;…;Bùi Thị Trà Giang
599;;Switch 24 ports PoE, 4 port SFPBộ chuyển mạch 24 cổng PoE, 4 cổng SFP;Cái;"CBS250-24P-4G-EU
Switch 24 ports PoE, 4 port SFPBộ chuyển mạch 24 cổng PoE, 4 cổng SFP
""CBS250-24P-4G-EU (Model: CBS250-24P-4G) là Switch Cisco Business 250 có 24 cổng mạng có cấp nguồn PoE+ với công suất lên đến 195W, có 4 cổng Uplink quang (4 GE SFP Uplink) Switch Cisco CBS250-24P-4G-EU có tính năng Layer 3 routing và đầy đủ tính năng Layer 2
28-Port Gigabit Ethernet PoE Unmanaged Switch CISCO CBS250-24P-4G-EU
- Support 24 Gigabit PoE+ ports with 195W power budget and 4 Gigabit SFP ports
- Switching capacity: 56Gbps
- Jumbo frames: Frame sizes up to 9K bytes The default MTU is 2K byte
- Cabling type: Unshielded Twisted Pair (UTP) Category 5e or better for 1000BASE-T
- Flash: 256MB
- CPU: 800MHz ARM
- CPU memory: 512MB
- Dimensions (W x D x H): 445 x 299 x 44 mm
- Weight: 353kg""";11536364;: 405/2025/294/CTTĐG-VNVIC;15/12/2025;…;Bùi Thị Trà Giang
600;;Patch Panel 24 ports Cat6Thanh đấu nối 24 cổng Cat6;Cái;"LS-PP-UC6-24P-WM
 Tên sản phẩm Patch panel 24 port Cat6
 Số cổng cắm 24 port (24 cổng cắm)
 Số lượng modules 4
 Màu sắc Màu đen
 Mã màu T568A | T568B
 Chất liệu Thép";3135000;: 405/2025/294/CTTĐG-VNVIC;15/12/2025;…;Bùi Thị Trà Giang
601;;Color Fixed Doom CameraCamera bán cầu cố định;Bộ;"DS-2CD1347G2H-LIUF
Color Fixed Doom CameraCamera bán cầu cố định
Thông số kỹ thuật Camera IP Dome ColorVu 40 Megapixel HIKVISION DS-2CD1347G2H-LIUF 
Camera bán cầu vát trong nhà 4MP – Camera ColorVu phát hiện người phương tiện, cùng Chế độ đèn thông minh 
Cảm biến 1/3"" progressive scan CMOS 
Chuẩn nén H265 , H265+ , H264 , H264+ ; Hỗ trợ 2 luồng dữ liệu 
Độ nhạy sáng Color: 00005 Lux @ (F10, AGC ON) 
Chống ngược sáng WDR 120dB , BLC , 3D DNR 
Hỗ trợ chế độ đèn thông minh Smart Hybrid Light 
Tính năng phát hiện người và phương tiện 
Độ phân giải tối đa 2560 × 1440/20fps 
Ống kính 28/4mm 
Tầm xa hồng ngoại/ Ánh sáng trắng 30m 
Hỗ trợ thẻ nhớ tối đa 512GB , cho phép ghi video 
Tích hợp Micro 
Hỗ trợ dịch vụ Hik-connect, tên miền CameraDDNS 
Vật liệu : Kim loại , Plastic 
Tiêu chuẩn chống bụi nước IP67 
Nguồn 12V/PoE chuẩn 80203af";2595000;: 405/2025/294/CTTĐG-VNVIC;15/12/2025;…;Bùi Thị Trà Giang
602;;Ceiling Speakers 6WLoa âm trần 6W;Bộ;"Loa âm trần 6W: TOA PC-658R
Công suất	6 W (100 V line), 3 W (70 V line)
Trở kháng	100 V line: 17 kΩ (6 W), 33 kΩ (3 W), 10 kΩ (1 W)
70 V line: 17 kΩ (3 W), 33 kΩ (15 W), 10 kΩ (05 W)
Cường độ âm	90 dB (1 W, 1 m) (500 Hz - 5 kHz, pink noise)
Đáp tuyến tần số	65 Hz - 18 kHz (đỉnh -20 dB)
Thành phần loa	Loa hình nón, đường kính 16cm
Đường kính lỗ gắn trần	Lỗ gắn trần: φ170±5 mm 
Độ dày trần: 5 - 25 mm 
Phương thức gằn trần	Móc treo đàn hồi
Vật liệu	Vành loa: nhựa Polypropylene trắng nhạt (RAL9016)
Lưới: theo phủ màu trắng nhạt (RAL9016)
Kích thước	φ192 × 73 (D) mm 
Khối lượng	500 g 
Phụ kiện đi kèm	Giấy hướng dẫn khoét trần x 1";318000;: 405/2025/294/CTTĐG-VNVIC;15/12/2025;…;Bùi Thị Trà Giang
603;;Wall Mount Speakers 6WLoa hộp gắn tường 6W;Bộ;"Loa treo tường 6W TOA BS-634
Wall Mount Speakers 6WLoa hộp gắn tường 6W
""Thông số kỹ thuật
Công suất	6 W
Trở kháng	100 V line: 17 kΩ (6 W), 33 kΩ (3 W)
70 V line: 17 kΩ (3 W), 33 kΩ (15 W)
Cường độ âm	90 dB (1 W, 1 m)
Đáp tuyến tần số	120 - 18,000 Hz
Thành phần loa	Loa hình nón, đường kính 12 cm 
Cổng kết nối	Kiểu ốc vit M4, khoảng cách hai ốc vít: 11 mm 
Vật liệu	Vỏ: nhựa HIPS, màu trắng nhạt
Lưới: thép mạ, màu bạc
Kích thước	210 (R) x 330 (C) x 80 (S) mm 
Khối lượng	13 kg 
Phụ kiện đi kèm	Đế cài loa  x 1, Ốc gắn tường x 2""";682000;: 405/2025/294/CTTĐG-VNVIC;15/12/2025;…;Bùi Thị Trà Giang
604;;Rack Panel 9U D600Tủ rack  9U D600 ( chưa có phụ kiện);Cái;"Tủ Rack 9U D500 Unirack UNR-N9U D500
Rack Panel 9U D500Tủ rack 9U D500 ( chưa có phụ kiện)
Tên sản phẩm: Tủ Rack 9U D500 Unirack UNR-N9U D500Tủ Rack 9U D500 Unirack UNR-N9U D500 
Mã sản phẩm: UNR-N9U D500 
Hãng sản xuất: Unirack 
Xuất xứ: Việt Nam ";1227273;: 405/2025/294/CTTĐG-VNVIC;15/12/2025;…;Bùi Thị Trà Giang
605;;Switch 24 ports PoE, 4 port SFPBộ chuyển mạch 24 cổng PoE, 4 cổng SFP;Cái;"CBS250-24P-4G-EU
Switch 24 ports PoE, 4 port SFPBộ chuyển mạch 24 cổng PoE, 4 cổng SFP
""CBS250-24P-4G-EU (Model: CBS250-24P-4G) là Switch Cisco Business 250 có 24 cổng mạng có cấp nguồn PoE+ với công suất lên đến 195W, có 4 cổng Uplink quang (4 GE SFP Uplink) Switch Cisco CBS250-24P-4G-EU có tính năng Layer 3 routing và đầy đủ tính năng Layer 2
28-Port Gigabit Ethernet PoE Unmanaged Switch CISCO CBS250-24P-4G-EU
- Support 24 Gigabit PoE+ ports with 195W power budget and 4 Gigabit SFP ports
- Switching capacity: 56Gbps
- Jumbo frames: Frame sizes up to 9K bytes The default MTU is 2K byte
- Cabling type: Unshielded Twisted Pair (UTP) Category 5e or better for 1000BASE-T
- Flash: 256MB
- CPU: 800MHz ARM
- CPU memory: 512MB
- Dimensions (W x D x H): 445 x 299 x 44 mm
- Weight: 353kg""";11536364;: 405/2025/294/CTTĐG-VNVIC;15/12/2025;…;Bùi Thị Trà Giang
606;;Patch Panel 24 ports Cat6Thanh đấu nối 24 cổng Cat6;Cái;"LS-PP-UC6-24P-WM
 Tên sản phẩm Patch panel 24 port Cat6
 Số cổng cắm 24 port (24 cổng cắm)
 Số lượng modules 4
 Màu sắc Màu đen
 Mã màu T568A | T568B
 Chất liệu Thép";3135000;: 405/2025/294/CTTĐG-VNVIC;15/12/2025;…;Bùi Thị Trà Giang
607;;Rack Panel 6U D600Tủ rack  6U D600 ( chưa gồm phụ kiện);Cái;"	3C-R06B06TW
Rack Panel 6U D600Tủ rack  6U D600 ( chưa gồm phụ kiện)
""Thông số kỹ thuật chi tiết Tủ rack 6U D600:
Dưới đây mời quý khách hàng xem bảng chi tiết các thông số có trên kích thước tủ rack 6U D600 treo tường:

Thuộc tính	Mô tả chi tiết sản phẩm
Tên sản phẩm	Tủ mạng 6U sâu 600 treo tường
Hãng	3CElectric
Xuất xứ	Sản xuất tại nhà máy 3CElectric® Việt Nam
Mã sản phẩm	3C-R06B06TW
Tiêu chuẩn	Thiết kế theo chuẩn 19inch (tiêu chuẩn tủ rack quốc tế), DIN 41494, IEC 297, EIA RS-310, EIA-310-D
Vật liệu	Thép CT38 (TCVN)/JIS-G-3131 dày 10 – 15 – 20mm, phần cánh lưới bằng thép mạ kẽm
Loại sơn/ màu sơn	Toàn bộ tủ được phủ sơn Jotun tĩnh điện chống gỉ/ Màu sơn đen mờ hoặc Màu trắng (RAL7035, RAL7035),
Khoá cửa	Tủ được trang bị khoá an toàn, loại khoá tròn hoặc khoá bật
Kích thước tủ rack 6U D600 treo tường (mm)	Rộng 600 x sâu 600 x cao 370 + 45 (+45 khi lắp đặp bánh xe và chân tăng)
Hệ thống tản nhiệt	Tủ lắp được 01 quạt làm mát 120x120mm, công suất 20W/ 220VAC
Hệ thống cửa	Chỉ 1 cánh cửa trước: thiết kế dạng lưới tổ ong có độ thoáng cao gúp thông thoáng khí bên trong tủ Có thể lựa chọn cửa Mica giúp dễ dàng quan sát bên trong tủ và tăng tính thẩm mỹ
Hệ thống thanh tiêu chuẩn	Thanh tiêu chuẩn, thanh gá chịu lực cao bằng Tole ZAM dày 15mm
Nóc tủ và đáy tủ	Nóc tủ thiết kế lắp 01 quạt tản nhiệt bên trong cho tủ rack sâu 600, đáy tủ có lỗ chờ để đi dây – tất cả bằng thép dày 10mm
Bánh xe và chân tăng	04 bánh xe và chân tăng (có thể tháo lắp) giúp dễ dàng di chuyển và cố định khi chưa treo lên tường
Bộ ốc	Bộ ốc lắp đặt, cài bắt thiết bị""";920000;: 405/2025/294/CTTĐG-VNVIC;15/12/2025;…;Bùi Thị Trà Giang
608;;Switch 24 ports PoE, 4 port SFPBộ chuyển mạch 24 cổng PoE, 4 cổng SFP;Cái;"CBS250-24P-4G-EU
Switch 24 ports PoE, 4 port SFPBộ chuyển mạch 24 cổng PoE, 4 cổng SFP
""CBS250-24P-4G-EU (Model: CBS250-24P-4G) là Switch Cisco Business 250 có 24 cổng mạng có cấp nguồn PoE+ với công suất lên đến 195W, có 4 cổng Uplink quang (4 GE SFP Uplink) Switch Cisco CBS250-24P-4G-EU có tính năng Layer 3 routing và đầy đủ tính năng Layer 2
28-Port Gigabit Ethernet PoE Unmanaged Switch CISCO CBS250-24P-4G-EU
- Support 24 Gigabit PoE+ ports with 195W power budget and 4 Gigabit SFP ports
- Switching capacity: 56Gbps
- Jumbo frames: Frame sizes up to 9K bytes The default MTU is 2K byte
- Cabling type: Unshielded Twisted Pair (UTP) Category 5e or better for 1000BASE-T
- Flash: 256MB
- CPU: 800MHz ARM
- CPU memory: 512MB
- Dimensions (W x D x H): 445 x 299 x 44 mm
- Weight: 353kg""";11536364;: 405/2025/294/CTTĐG-VNVIC;15/12/2025;…;Bùi Thị Trà Giang
609;;Patch Panel 24 ports Cat6Thanh đấu nối 24 cổng Cat6;Cái;"LS-PP-UC6-24P-WM
 Tên sản phẩm Patch panel 24 port Cat6
 Số cổng cắm 24 port (24 cổng cắm)
 Số lượng modules 4
 Màu sắc Màu đen
 Mã màu T568A | T568B
 Chất liệu Thép";3135000;: 405/2025/294/CTTĐG-VNVIC;15/12/2025;…;Bùi Thị Trà Giang
610;;Access Point IndoorBộ phát Wifi trong nhà;Cái;"Bộ phát wifi Grandstream GWN7615 Wifi Access Point 200 user
Access Point IndoorBộ phát Wifi trong nhà
""- Tổng băng thông không dây 1,75Gbps và cổng có dây 2x Gigabit
- Công nghệ MU-MIMO 3×3:3 băng tần kép
- Tự điều chỉnh nguồn điện khi phát hiện PoE hoặc PoE +
- Hỗ trợ hơn 200 thiết bị kết nối Wi-Fi đồng thời
- Phạm vi phủ sóng lên đến 175 mét
- QoS nâng cao đảm bảo độ trễ thấp cho các ứng dụng thời gian thực
- Khởi động an toàn chống hack và khóa dữ liệu quan trọng / kiểm soát thông qua chữ ký số, chứng chỉ bảo mật duy nhất / mật khẩu mặc định ngẫu nhiên trên mỗi thiết bị
- Bộ điều khiển nhúng có thể quản lý tới 50 bộ phát Wi-Fi dòng GWN cục bộ; GWNCloud cung cấp quản lý bộ phát Wi-Fi không giới hạn; GWN Manager cung cấp bộ điều khiển phần mềm dựa trên tiền đề""";3245000;: 405/2025/294/CTTĐG-VNVIC;15/12/2025;…;Bùi Thị Trà Giang
611;;Switch 24 ports PoE, 4 port SFPBộ chuyển mạch 24 cổng PoE, 4 cổng SFP;Cái;"CBS250-24P-4G-EU
Switch 24 ports PoE, 4 port SFPBộ chuyển mạch 24 cổng PoE, 4 cổng SFP
""CBS250-24P-4G-EU (Model: CBS250-24P-4G) là Switch Cisco Business 250 có 24 cổng mạng có cấp nguồn PoE+ với công suất lên đến 195W, có 4 cổng Uplink quang (4 GE SFP Uplink) Switch Cisco CBS250-24P-4G-EU có tính năng Layer 3 routing và đầy đủ tính năng Layer 2
28-Port Gigabit Ethernet PoE Unmanaged Switch CISCO CBS250-24P-4G-EU
- Support 24 Gigabit PoE+ ports with 195W power budget and 4 Gigabit SFP ports
- Switching capacity: 56Gbps
- Jumbo frames: Frame sizes up to 9K bytes The default MTU is 2K byte
- Cabling type: Unshielded Twisted Pair (UTP) Category 5e or better for 1000BASE-T
- Flash: 256MB
- CPU: 800MHz ARM
- CPU memory: 512MB
- Dimensions (W x D x H): 445 x 299 x 44 mm
- Weight: 353kg""";11536364;: 405/2025/294/CTTĐG-VNVIC;15/12/2025;…;Bùi Thị Trà Giang
612;;Patch Panel 24 ports Cat6Thanh đấu nối 24 cổng Cat6;Cái;"LS-PP-UC6-24P-WM
 Tên sản phẩm Patch panel 24 port Cat6
 Số cổng cắm 24 port (24 cổng cắm)
 Số lượng modules 4
 Màu sắc Màu đen
 Mã màu T568A | T568B
 Chất liệu Thép";3135000;: 405/2025/294/CTTĐG-VNVIC;15/12/2025;…;Bùi Thị Trà Giang
613;;Switch 8 ports PoE, 2 port SFPBộ chuyển mạch 8 cổng PoE, 2 cổng SFP;Cái;"GS-4210-8P2S
Switch 8 ports PoE, 2 port SFPBộ chuyển mạch 8 cổng PoE, 2 cổng SFP
MÔ TẢ SẢN PHẨM 
Planet GS-4210-8P2S, Gigabit Ethernet Switch 8-Port Managed 8023at POE + 2-Port 100/1000X SFP (120W) 
- 16 Port 10/100/1000Mbps 
- Switch Throughput: 2678Mpps @64 bytes 
- Switch Fabric: 36Gbps 
- MAC Address:8K MAC address table 
- JUMBO Frame: 9K 
- Support IPv6";4500000;: 405/2025/294/CTTĐG-VNVIC;15/12/2025;…;Bùi Thị Trà Giang
614;;Patch Panel 24 ports Cat6Thanh đấu nối 24 cổng Cat6;Cái;"LS-PP-UC6-24P-WM
 Tên sản phẩm Patch panel 24 port Cat6
 Số cổng cắm 24 port (24 cổng cắm)
 Số lượng modules 4
 Màu sắc Màu đen
 Mã màu T568A | T568B
 Chất liệu Thép";3135000;: 405/2025/294/CTTĐG-VNVIC;15/12/2025;…;Bùi Thị Trà Giang
615;;Color Fixed Doom CameraCamera bán cầu cố định;Cái;"DS-2CD1347G2H-LIUF
Color Fixed Doom CameraCamera bán cầu cố định
Thông số kỹ thuật Camera IP Dome ColorVu 40 Megapixel HIKVISION DS-2CD1347G2H-LIUF 
Camera bán cầu vát trong nhà 4MP – Camera ColorVu phát hiện người phương tiện, cùng Chế độ đèn thông minh 
Cảm biến 1/3"" progressive scan CMOS 
Chuẩn nén H265 , H265+ , H264 , H264+ ; Hỗ trợ 2 luồng dữ liệu 
Độ nhạy sáng Color: 00005 Lux @ (F10, AGC ON) 
Chống ngược sáng WDR 120dB , BLC , 3D DNR 
Hỗ trợ chế độ đèn thông minh Smart Hybrid Light 
Tính năng phát hiện người và phương tiện 
Độ phân giải tối đa 2560 × 1440/20fps 
Ống kính 28/4mm 
Tầm xa hồng ngoại/ Ánh sáng trắng 30m 
Hỗ trợ thẻ nhớ tối đa 512GB , cho phép ghi video 
Tích hợp Micro 
Hỗ trợ dịch vụ Hik-connect, tên miền CameraDDNS 
Vật liệu : Kim loại , Plastic 
Tiêu chuẩn chống bụi nước IP67 
Nguồn 12V/PoE chuẩn 80203af";2595000;: 405/2025/294/CTTĐG-VNVIC;15/12/2025;…;Bùi Thị Trà Giang
616;;Ceiling Speakers 6WLoa âm trần 6W;Cái;"Loa âm trần 6W: TOA PC-658R
Công suất	6 W (100 V line), 3 W (70 V line)
Trở kháng	100 V line: 17 kΩ (6 W), 33 kΩ (3 W), 10 kΩ (1 W)
70 V line: 17 kΩ (3 W), 33 kΩ (15 W), 10 kΩ (05 W)
Cường độ âm	90 dB (1 W, 1 m) (500 Hz - 5 kHz, pink noise)
Đáp tuyến tần số	65 Hz - 18 kHz (đỉnh -20 dB)
Thành phần loa	Loa hình nón, đường kính 16cm
Đường kính lỗ gắn trần	Lỗ gắn trần: φ170±5 mm 
Độ dày trần: 5 - 25 mm 
Phương thức gằn trần	Móc treo đàn hồi
Vật liệu	Vành loa: nhựa Polypropylene trắng nhạt (RAL9016)
Lưới: theo phủ màu trắng nhạt (RAL9016)
Kích thước	φ192 × 73 (D) mm 
Khối lượng	500 g 
Phụ kiện đi kèm	Giấy hướng dẫn khoét trần x 1";318000;: 405/2025/294/CTTĐG-VNVIC;15/12/2025;…;Bùi Thị Trà Giang
617;;Wall Mount Speakers 6WLoa hộp gắn tường 6W;Cái;"Loa treo tường 6W TOA BS-634
Wall Mount Speakers 6WLoa hộp gắn tường 6W
""Thông số kỹ thuật
Công suất	6 W
Trở kháng	100 V line: 17 kΩ (6 W), 33 kΩ (3 W)
70 V line: 17 kΩ (3 W), 33 kΩ (15 W)
Cường độ âm	90 dB (1 W, 1 m)
Đáp tuyến tần số	120 - 18,000 Hz
Thành phần loa	Loa hình nón, đường kính 12 cm 
Cổng kết nối	Kiểu ốc vit M4, khoảng cách hai ốc vít: 11 mm 
Vật liệu	Vỏ: nhựa HIPS, màu trắng nhạt
Lưới: thép mạ, màu bạc
Kích thước	210 (R) x 330 (C) x 80 (S) mm 
Khối lượng	13 kg 
Phụ kiện đi kèm	Đế cài loa  x 1, Ốc gắn tường x 2""";682000;: 405/2025/294/CTTĐG-VNVIC;15/12/2025;…;Bùi Thị Trà Giang
618;;Rack Panel 9U D600Tủ rack  9U D600 ( chưa có phụ kiện);Cái;"Tủ Rack 9U D500 Unirack UNR-N9U D500
Rack Panel 9U D500Tủ rack 9U D500 ( chưa có phụ kiện)
Tên sản phẩm: Tủ Rack 9U D500 Unirack UNR-N9U D500Tủ Rack 9U D500 Unirack UNR-N9U D500 
Mã sản phẩm: UNR-N9U D500 
Hãng sản xuất: Unirack 
Xuất xứ: Việt Nam ";1227273;: 405/2025/294/CTTĐG-VNVIC;15/12/2025;…;Bùi Thị Trà Giang
619;;Switch 8 ports PoE, 2 port SFPBộ chuyển mạch 8 cổng PoE, 2 cổng SFP;Cái;"GS-4210-8P2S
Switch 8 ports PoE, 2 port SFPBộ chuyển mạch 8 cổng PoE, 2 cổng SFP
MÔ TẢ SẢN PHẨM 
Planet GS-4210-8P2S, Gigabit Ethernet Switch 8-Port Managed 8023at POE + 2-Port 100/1000X SFP (120W) 
- 16 Port 10/100/1000Mbps 
- Switch Throughput: 2678Mpps @64 bytes 
- Switch Fabric: 36Gbps 
- MAC Address:8K MAC address table 
- JUMBO Frame: 9K 
- Support IPv6";4500000;: 405/2025/294/CTTĐG-VNVIC;15/12/2025;…;Bùi Thị Trà Giang
620;;Patch Panel 24 ports Cat6Thanh đấu nối 24 cổng Cat6;Cái;"LS-PP-UC6-24P-WM
 Tên sản phẩm Patch panel 24 port Cat6
 Số cổng cắm 24 port (24 cổng cắm)
 Số lượng modules 4
 Màu sắc Màu đen
 Mã màu T568A | T568B
 Chất liệu Thép";3135000;: 405/2025/294/CTTĐG-VNVIC;15/12/2025;…;Bùi Thị Trà Giang
621;;Access Point IndoorBộ phát Wifi trong nhà;Cái;"Bộ phát wifi Grandstream GWN7615 Wifi Access Point 200 user
Access Point IndoorBộ phát Wifi trong nhà
""- Tổng băng thông không dây 1,75Gbps và cổng có dây 2x Gigabit
- Công nghệ MU-MIMO 3×3:3 băng tần kép
- Tự điều chỉnh nguồn điện khi phát hiện PoE hoặc PoE +
- Hỗ trợ hơn 200 thiết bị kết nối Wi-Fi đồng thời
- Phạm vi phủ sóng lên đến 175 mét
- QoS nâng cao đảm bảo độ trễ thấp cho các ứng dụng thời gian thực
- Khởi động an toàn chống hack và khóa dữ liệu quan trọng / kiểm soát thông qua chữ ký số, chứng chỉ bảo mật duy nhất / mật khẩu mặc định ngẫu nhiên trên mỗi thiết bị
- Bộ điều khiển nhúng có thể quản lý tới 50 bộ phát Wi-Fi dòng GWN cục bộ; GWNCloud cung cấp quản lý bộ phát Wi-Fi không giới hạn; GWN Manager cung cấp bộ điều khiển phần mềm dựa trên tiền đề""";3245000;: 405/2025/294/CTTĐG-VNVIC;15/12/2025;…;Bùi Thị Trà Giang
622;;Switch 8 ports PoE, 2 port SFPBộ chuyển mạch 8 cổng PoE, 2 cổng SFP;Cái;"GS-4210-8P2S
Switch 8 ports PoE, 2 port SFPBộ chuyển mạch 8 cổng PoE, 2 cổng SFP
MÔ TẢ SẢN PHẨM 
Planet GS-4210-8P2S, Gigabit Ethernet Switch 8-Port Managed 8023at POE + 2-Port 100/1000X SFP (120W) 
- 16 Port 10/100/1000Mbps 
- Switch Throughput: 2678Mpps @64 bytes 
- Switch Fabric: 36Gbps 
- MAC Address:8K MAC address table 
- JUMBO Frame: 9K 
- Support IPv6";4500000;: 405/2025/294/CTTĐG-VNVIC;15/12/2025;…;Bùi Thị Trà Giang
623;;Patch Panel 24 ports Cat6Thanh đấu nối 24 cổng Cat6;Cái;"LS-PP-UC6-24P-WM
 Tên sản phẩm Patch panel 24 port Cat6
 Số cổng cắm 24 port (24 cổng cắm)
 Số lượng modules 4
 Màu sắc Màu đen
 Mã màu T568A | T568B
 Chất liệu Thép";3135000;: 405/2025/294/CTTĐG-VNVIC;15/12/2025;…;Bùi Thị Trà Giang
624;;Color Fixed Doom CameraCamera bán cầu cố định;Cái;"DS-2CD1347G2H-LIUF
Color Fixed Doom CameraCamera bán cầu cố định
Thông số kỹ thuật Camera IP Dome ColorVu 40 Megapixel HIKVISION DS-2CD1347G2H-LIUF 
Camera bán cầu vát trong nhà 4MP – Camera ColorVu phát hiện người phương tiện, cùng Chế độ đèn thông minh 
Cảm biến 1/3"" progressive scan CMOS 
Chuẩn nén H265 , H265+ , H264 , H264+ ; Hỗ trợ 2 luồng dữ liệu 
Độ nhạy sáng Color: 00005 Lux @ (F10, AGC ON) 
Chống ngược sáng WDR 120dB , BLC , 3D DNR 
Hỗ trợ chế độ đèn thông minh Smart Hybrid Light 
Tính năng phát hiện người và phương tiện 
Độ phân giải tối đa 2560 × 1440/20fps 
Ống kính 28/4mm 
Tầm xa hồng ngoại/ Ánh sáng trắng 30m 
Hỗ trợ thẻ nhớ tối đa 512GB , cho phép ghi video 
Tích hợp Micro 
Hỗ trợ dịch vụ Hik-connect, tên miền CameraDDNS 
Vật liệu : Kim loại , Plastic 
Tiêu chuẩn chống bụi nước IP67 
Nguồn 12V/PoE chuẩn 80203af";2595000;: 405/2025/294/CTTĐG-VNVIC;15/12/2025;…;Bùi Thị Trà Giang
625;;Color Fixed Body CameraCamera thân cố định;Cái;"Camera IP 2MP Hikvision DS-2CD2T23G2-4LI2U
– Camera thân trụ 2MP, Chuẩn nén H265+/H265/H264+/H264
– Hồng ngoại 80m
– Tính năng WDR 120dB ; 3D DNR; ICR, BLC
– Tích hợp Mic kép trên camera
– Tính năng phát hiện chuyển động phân biệt người và phương tiện
– Hỗ trợ tính năng Smart Hybrid Light
– Tính năng Phát hiện vượt hàng rào ảo, phát hiện xâm nhập
– Hỗ trợ dịch vụ Hik-Connect, Hỗ trợ tên miền Cameraddns
– Hỗ trợ thẻ nhớ SD/SDHC/SDXC tối đa 512GB
– Tiêu chuẩn IP67, IK10";2595000;: 405/2025/294/CTTĐG-VNVIC;15/12/2025;…;Bùi Thị Trà Giang
626;;Ceiling Speakers 6WLoa âm trần 6W;Cái;"Loa âm trần 6W: TOA PC-658R
Công suất	6 W (100 V line), 3 W (70 V line)
Trở kháng	100 V line: 17 kΩ (6 W), 33 kΩ (3 W), 10 kΩ (1 W)
70 V line: 17 kΩ (3 W), 33 kΩ (15 W), 10 kΩ (05 W)
Cường độ âm	90 dB (1 W, 1 m) (500 Hz - 5 kHz, pink noise)
Đáp tuyến tần số	65 Hz - 18 kHz (đỉnh -20 dB)
Thành phần loa	Loa hình nón, đường kính 16cm
Đường kính lỗ gắn trần	Lỗ gắn trần: φ170±5 mm 
Độ dày trần: 5 - 25 mm 
Phương thức gằn trần	Móc treo đàn hồi
Vật liệu	Vành loa: nhựa Polypropylene trắng nhạt (RAL9016)
Lưới: theo phủ màu trắng nhạt (RAL9016)
Kích thước	φ192 × 73 (D) mm 
Khối lượng	500 g 
Phụ kiện đi kèm	Giấy hướng dẫn khoét trần x 1";318000;: 405/2025/294/CTTĐG-VNVIC;15/12/2025;…;Bùi Thị Trà Giang
627;;Wall Mount Speakers 6WLoa hộp gắn tường 6W;Cái;"Loa treo tường 6W TOA BS-634
Wall Mount Speakers 6WLoa hộp gắn tường 6W
""Thông số kỹ thuật
Công suất	6 W
Trở kháng	100 V line: 17 kΩ (6 W), 33 kΩ (3 W)
70 V line: 17 kΩ (3 W), 33 kΩ (15 W)
Cường độ âm	90 dB (1 W, 1 m)
Đáp tuyến tần số	120 - 18,000 Hz
Thành phần loa	Loa hình nón, đường kính 12 cm 
Cổng kết nối	Kiểu ốc vit M4, khoảng cách hai ốc vít: 11 mm 
Vật liệu	Vỏ: nhựa HIPS, màu trắng nhạt
Lưới: thép mạ, màu bạc
Kích thước	210 (R) x 330 (C) x 80 (S) mm 
Khối lượng	13 kg 
Phụ kiện đi kèm	Đế cài loa  x 1, Ốc gắn tường x 2""";682000;: 405/2025/294/CTTĐG-VNVIC;15/12/2025;…;Bùi Thị Trà Giang
628;;Horn Speakers 50WLoa nén 50W;Cái;"TOA TC-651M 
Horn Speakers 50WLoa nén 50W
Thông số kỹ thuật của sản phẩm: LOA NÉN PHẢN XẠ 50W TOA TC-651M 
Đầu vào 50 W 
Dòng điện áp 100 V dòng hoặc 70 dòng V 
Trở kháng 100 V line: 200 Ω (50 W), 330 Ω (30 W), 670 Ω (15 W) 
70 V line: 100 Ω (50 W), 200 Ω (25 W), 330 Ω (15 W), 670 Ω (7,5 W) 
Sencitivity 111 dB (1 W, 1 m) 
Đáp ứng tần số 200 Hz 6 kHz 
Bụi / nước bảo vệ IP65 
Phân cực Hot: Black, Com: Trắng 
Nhiệt độ hoạt động -20 ℃ đến +60 ℃ (-4 ゜ F đến 140 ゜ F) (phải được miễn phí từ ngưng tụ sương) 
Thành phẩm: Horn bùng phát: nhôm, trắng, sơn tĩnh điện 
Suy nghi sừng: nhựa ABS, trắng 
Người giữ khung: nhôm, trắng, sơn tĩnh điện 
Khung thép, màu xám, sơn tĩnh điện 
Phía sau bao gồm: nhựa ABS, màu xám 
Thép trục vít và bu lông: không gỉ 
Speaker Cable: Polyvinyl clorua cách nhiệt cabtyre cáp 
(6 mm (0,24 "") có đường kính 600 mm (197 ft) chiều dài) 
Kích thước φ400 (W) x 376 (D) mm (φ1575 ""x 14,8"") 
Trọng lượng 4 kg (£ 8,82)";2120000;: 405/2025/294/CTTĐG-VNVIC;15/12/2025;…;Bùi Thị Trà Giang
629;;"Rack Panel 42U D1000Tủ rack  42U D1000 ( chưa bao gồm phụ kiện)
hãng 3CE";Cái;"Tủ Rack Data Center 42U D1100
Rack Panel 42U D1000Tủ rack  42U D1000 ( chưa bao gồm phụ kiện)
hãng 3CE
Thông số kỹ thuật Tủ Rack 42U D1000 dùng cho Data Center
""Tải trọng	1200 kg với tải tĩnh, 600 kg với tải động""
""Cấu trúc cửa	Thiết kế dạng 2 cánh: cánh trước và cánh sau""
""Độ thoáng khí	75%""
""Khoá cửa	Cửa trước và cửa sau được trang bị chung 1 loại khóa cửa""
""Khả năng tháo lắp cửa	Có khả năng thay đổi vị trí lắp đặt của cửa trước và cửa sau""
""Tấm cạnh bên	Dạng tấm, có các lỗ thoáng khí Mặt trong tấm cạnh bên, có thiết kế các lỗ chờ, thuận tiện cho việc kết nối khi cần""
""Tấm nóc	Dạng tấm kín, có lỗ đi cáp Có khả năng tháo lắp tấm bịt nóc""
""Thanh ray bắt thiết bị	Đáp ứng tiêu chuẩn EIA310, có đánh dấu vị trí theo số U để dễ dàng nhận biết""
""Vật liệu	Tấm cánh và các tấm bên được làm từ thép-sơn tĩnh điện dày 08 - 10mm""
""Màu sắc	RAL 7021""
""Khả năng lắp đặt thanh PDU	Có thể lắp đặt dễ dàng các thanh PDU Vị trí PDU được thiết kế để có thể tháo lắp mà không cần dụng cụ""
""Độ mở cửa	Cả cửa trước và cửa sau có độ mở tối thiểu 135 độ để thuận tiện thao tác""
""Tiêu chuẩn đáp ứng	REACH RoHS, EN60950-1 hoặc UL60950-1""";8500000;: 405/2025/294/CTTĐG-VNVIC;15/12/2025;…;Bùi Thị Trà Giang
630;;Core SwitchBộ chuyển mạch trung tâm;Cái;"C9300-24S-E

Hãng        Cisco
Mã sản phẩm        C9300-24S-E
Giao diện        SFP 24x 1G
Chuyển đổi công suất        208 Gb / giây
Xếp chồng băng thông        480 Gb / giây
Chuyển đổi công suất với xếp chồng        688 Gb / giây
Tỷ lệ chuyển tiếp        154,76 Mpps
Tỷ lệ chuyển tiếp với xếp chồng        511,90 Mpps
Tổng số địa chỉ MAC        32
Tổng số tuyến đường IPv4 (ARP cộng với các tuyến đã học)        32000 (24000 tuyến trực tiếp và 8000 tuyến gián tiếp)
Các mục định tuyến IPv4        32
Các mục định tuyến IPv6        16
Thang đo định tuyến Multicast        8000
Mục quy mô QoS        5120
Mục quy mô ACL        5120
Bộ đệm gói cho mỗi SKU        Bộ đệm 16 MB
Các mục FNF        64000 lưu lượng
DRam        8 GB
Flash        16 GB
ID Vlan        4094
Tổng số giao diện ảo chuyển đổi (SVIs)        2000
Khung Jumbo        9198 byte
Tổng số cổng được định tuyến trên mỗi ngăn xếp 9300 Series        448
Tự động hóa        NETCONF, RESTCONF, gRPC, YANG, PnP Agent, ZTP / Open PnP, GuestShell (Python trên hộp)
Đo từ xa và tầm nhìn        Điều khiển từ xa theo mô hình, lấy mẫu NetFlow, SPAN, RSPAN
Kích thước (H x W x D)        1,73 X 17,5 X 17,7 inch / 1,73 X 17,5 X 19,2 cm
Cân nặng        16,84 Pao / 7,64 kilôgam
Thời gian trung bình giữa các lần thất bại (giờ)        28413
Bảo hành        12 tháng";220893000;: 405/2025/294/CTTĐG-VNVIC;15/12/2025;…;Bùi Thị Trà Giang
631;;RouterBộ định tuyến;Cái;"
Quản lý trên 1000 công tơ trong một trạm biến áp và cho phép mở rộng thêm
Tự động cập nhật thông tin danh sách công tơ ứng với thông tin trạm cài đặt
Thu thập dữ liệu theo thời gian thực, theo yêu cầu bất thường từ DCU
Tự động thu thập dữ liệu theo thời gian định sẵn, tự động truyền về DCU
Đồng bộ thời gian với DCU
Hỗ trợ đọc các chuẩn loại công tơ đọc RF khác nhau như LTE, DTS26, DTS27, DDSP26
Tự động phát hiện công tơ và các thay đổi về cấu hình
Quản lý và kiểm soát tất cả các công tơ liên kết với nó
Có khả năng lưu trữ số liệu đo đếm đã đọc (tích lũy theo công tơ)";2916000;: 405/2025/294/CTTĐG-VNVIC;15/12/2025;…;Bùi Thị Trà Giang
632;;FirewallBộ tường lửa (Thiết bị Firewall Cisco ASA5516-FPWR-K9);Cái;" FPR1120-NGFW-K9 Cisco Firewall FPR-1120
Đặc điểm kỹ thuật FPR1120-NGFW-K9
Kích thước (Cao x Rộng x Dày)	1,72 x 17,2 x 10,58 inch
NGFW	1,5 Gb / giây
Hệ thống ngăn chặn xâm nhập thế hệ tiếp theo (NGIPS)	1,5 Gb / giây
Hệ số hình thức (đơn vị giá đỡ)	1RU
I / O tích hợp	8 x RJ-45, 4 x SFP
Cổng quản lý mạng tích hợp	Cổng Ethernet 1 x 10M / 100M / 1GBASE-T (RJ-45)
Cổng nối tiếp	1 x bảng điều khiển RJ-45
USB	1 x USB 30 Loại A (500mA)
Lưu trữ	1 x 200 GB
Cấu hình nguồn điện	+ 12V
Điện áp đầu vào AC	100 đến 240V AC
Dòng điện đầu vào tối đa AC	<2A ở 100V, <1A ở 240V
Công suất đầu ra tối đa AC	100W
Tần số AC	50 đến 60 Hz
Hiệu quả AC	> 85% khi tải 50%
Dư	không ai
Người hâm mộ	1 quạt tích hợp
Tiếng ồn	31,7 dBA @ 25C, 56,8 dBA ở hiệu suất hệ thống cao nhất
Rack có thể lắp	Đúng Bao gồm giá đỡ gắn cố định (2 trụ)
Nhiệt độ: hoạt động	32 đến 104 ° F (0 đến 40 ° C)
Nhiệt độ: không hoạt động	-13 đến 158 ° F (-25 đến 70 ° C)
Độ ẩm: hoạt động	90% không ngưng tụ
Độ ẩm: không hoạt động	10 đến 90% không ngưng tụ
Cao độ: hoạt động	9843 ft (tối đa)
3000 m (tối đa)
Độ cao: không hoạt động	15000 ft (tối đa)";44825000;: 405/2025/294/CTTĐG-VNVIC;15/12/2025;…;Bùi Thị Trà Giang
633;;Switch 24 ports PoE, 4 port SFPBộ chuyển mạch 24 cổng PoE, 4 cổng SFP;Cái;"CBS250-24P-4G-EU
Switch 24 ports PoE, 4 port SFPBộ chuyển mạch 24 cổng PoE, 4 cổng SFP
""CBS250-24P-4G-EU (Model: CBS250-24P-4G) là Switch Cisco Business 250 có 24 cổng mạng có cấp nguồn PoE+ với công suất lên đến 195W, có 4 cổng Uplink quang (4 GE SFP Uplink) Switch Cisco CBS250-24P-4G-EU có tính năng Layer 3 routing và đầy đủ tính năng Layer 2
28-Port Gigabit Ethernet PoE Unmanaged Switch CISCO CBS250-24P-4G-EU
- Support 24 Gigabit PoE+ ports with 195W power budget and 4 Gigabit SFP ports
- Switching capacity: 56Gbps
- Jumbo frames: Frame sizes up to 9K bytes The default MTU is 2K byte
- Cabling type: Unshielded Twisted Pair (UTP) Category 5e or better for 1000BASE-T
- Flash: 256MB
- CPU: 800MHz ARM
- CPU memory: 512MB
- Dimensions (W x D x H): 445 x 299 x 44 mm
- Weight: 353kg""";11536364;: 405/2025/294/CTTĐG-VNVIC;15/12/2025;…;Bùi Thị Trà Giang
634;;Switch 24 ports, 4 port SFPBộ chuyển mạch 24 cổng, 4 cổng SFP;Cái;"CBS250-24P-4G-EU
Switch 24 ports PoE, 4 port SFPBộ chuyển mạch 24 cổng PoE, 4 cổng SFP
""CBS250-24P-4G-EU (Model: CBS250-24P-4G) là Switch Cisco Business 250 có 24 cổng mạng có cấp nguồn PoE+ với công suất lên đến 195W, có 4 cổng Uplink quang (4 GE SFP Uplink) Switch Cisco CBS250-24P-4G-EU có tính năng Layer 3 routing và đầy đủ tính năng Layer 2
28-Port Gigabit Ethernet PoE Unmanaged Switch CISCO CBS250-24P-4G-EU
- Support 24 Gigabit PoE+ ports with 195W power budget and 4 Gigabit SFP ports
- Switching capacity: 56Gbps
- Jumbo frames: Frame sizes up to 9K bytes The default MTU is 2K byte
- Cabling type: Unshielded Twisted Pair (UTP) Category 5e or better for 1000BASE-T
- Flash: 256MB
- CPU: 800MHz ARM
- CPU memory: 512MB
- Dimensions (W x D x H): 445 x 299 x 44 mm
- Weight: 353kg""";11536364;: 405/2025/294/CTTĐG-VNVIC;15/12/2025;…;Bùi Thị Trà Giang
635;;Patch Panel 24 ports Cat6Thanh đấu nối 24 cổng Cat6;Cái;"LS-PP-UC6-24P-WM
 Tên sản phẩm Patch panel 24 port Cat6
 Số cổng cắm 24 port (24 cổng cắm)
 Số lượng modules 4
 Màu sắc Màu đen
 Mã màu T568A | T568B
 Chất liệu Thép";3135000;: 405/2025/294/CTTĐG-VNVIC;15/12/2025;…;Bùi Thị Trà Giang
636;;UPS 3kVA onlineBộ cấp nguồn dự phòng 3kVA online;Bộ;"HD-3KS
Model	HD-3KS
Công suất định mức	3kVA/27kW
Độ ồn	<60dBA
Đầu vào
Điện áp danh định	220VAC
Phạm vi điện áp	110-300 VAC
Phạm vi tần số	40 - 70 Hz
Số pha	1 pha 
Đầu ra
Điện áp	220VAC ± 1%
Tần số	Main mode (46-54)Hz/ (56-64)Hz Battery mode 50 (±1%)Hz/ 60 (±1%)Hz
Số pha	1 pha 
Hệ số công suất	09
Dạng sóng	Sóng Sin chuẩn
Thời gian chuyển mạch	0 giây (chuyển từ Inveter sang Bypass: 0 giây)
Cổng kết nối
Ổ căm nguồn ra	Cọc lồi
Cổng giao tiếp 	RS-232
Ắc quy
Số lượng và chủng loại	12V x 8
Thời gian lưu điện tải 100%	6-10 phút
Thời gian sạc	8h đạt 90%";11200000;: 405/2025/294/CTTĐG-VNVIC;15/12/2025;…;Bùi Thị Trà Giang
637;;Access Point IndoorBộ phát Wifi trong nhà;Bộ;"Bộ phát wifi Grandstream GWN7615 Wifi Access Point 200 user
Access Point IndoorBộ phát Wifi trong nhà
""- Tổng băng thông không dây 1,75Gbps và cổng có dây 2x Gigabit
- Công nghệ MU-MIMO 3×3:3 băng tần kép
- Tự điều chỉnh nguồn điện khi phát hiện PoE hoặc PoE +
- Hỗ trợ hơn 200 thiết bị kết nối Wi-Fi đồng thời
- Phạm vi phủ sóng lên đến 175 mét
- QoS nâng cao đảm bảo độ trễ thấp cho các ứng dụng thời gian thực
- Khởi động an toàn chống hack và khóa dữ liệu quan trọng / kiểm soát thông qua chữ ký số, chứng chỉ bảo mật duy nhất / mật khẩu mặc định ngẫu nhiên trên mỗi thiết bị
- Bộ điều khiển nhúng có thể quản lý tới 50 bộ phát Wi-Fi dòng GWN cục bộ; GWNCloud cung cấp quản lý bộ phát Wi-Fi không giới hạn; GWN Manager cung cấp bộ điều khiển phần mềm dựa trên tiền đề""";3245000;: 405/2025/294/CTTĐG-VNVIC;15/12/2025;…;Bùi Thị Trà Giang
638;;Core SwitchBộ chuyển mạch trung tâm;Cái;"C9300-24S-E

Hãng        Cisco
Mã sản phẩm        C9300-24S-E
Giao diện        SFP 24x 1G
Chuyển đổi công suất        208 Gb / giây
Xếp chồng băng thông        480 Gb / giây
Chuyển đổi công suất với xếp chồng        688 Gb / giây
Tỷ lệ chuyển tiếp        154,76 Mpps
Tỷ lệ chuyển tiếp với xếp chồng        511,90 Mpps
Tổng số địa chỉ MAC        32
Tổng số tuyến đường IPv4 (ARP cộng với các tuyến đã học)        32000 (24000 tuyến trực tiếp và 8000 tuyến gián tiếp)
Các mục định tuyến IPv4        32
Các mục định tuyến IPv6        16
Thang đo định tuyến Multicast        8000
Mục quy mô QoS        5120
Mục quy mô ACL        5120
Bộ đệm gói cho mỗi SKU        Bộ đệm 16 MB
Các mục FNF        64000 lưu lượng
DRam        8 GB
Flash        16 GB
ID Vlan        4094
Tổng số giao diện ảo chuyển đổi (SVIs)        2000
Khung Jumbo        9198 byte
Tổng số cổng được định tuyến trên mỗi ngăn xếp 9300 Series        448
Tự động hóa        NETCONF, RESTCONF, gRPC, YANG, PnP Agent, ZTP / Open PnP, GuestShell (Python trên hộp)
Đo từ xa và tầm nhìn        Điều khiển từ xa theo mô hình, lấy mẫu NetFlow, SPAN, RSPAN
Kích thước (H x W x D)        1,73 X 17,5 X 17,7 inch / 1,73 X 17,5 X 19,2 cm
Cân nặng        16,84 Pao / 7,64 kilôgam
Thời gian trung bình giữa các lần thất bại (giờ)        28413
Bảo hành        12 tháng";220893000;: 405/2025/294/CTTĐG-VNVIC;15/12/2025;…;Bùi Thị Trà Giang
639;;NVR 32CHĐầu ghi 32 kênh;Cái;"DS-7732NXI-K4
– Chuẩn nén H265+/H265/H264+/H264
– Hỗ trợ độ phân giải ghi hình lên đến 12MP
– Băng thông đầu vào 256Mbps
– Băng thông đầu ra 160Mbps
– Cổng ra HDMI độ phân giải 4K (3840 × 2160)/30 Hz, Cổng ra VGA độ phân giải 1920 × 1080/60 Hz
– Hỗ trợ 4 ổ cứng, dung lượng tối đa mỗi ổ 10TB
– Hỗ trợ 1 kênh chụp hình khuôn mặt, 4 kênh nhận diện khuôn mặt
– Hỗ trợ 16 thư viện ảnh, tối đa 20,000 ảnh khuôn mặt
– Hỗ trợ 32 kênh phát hiện chuyển động người / phương tiện
– Nguồn cấp: 100 to 240 VAC, 50 to 60Hz
– Công suất: ≤ 20 W (without HDD)
– Kích thước: 445 × 400 × 75 mm
– Trọng lượng: <5kg - Xuất xứ: Trung Quốc - Bảo hành: 24 tháng";8196000;: 405/2025/294/CTTĐG-VNVIC;15/12/2025;…;Bùi Thị Trà Giang
640;;HDD 8TBỔ cứng 8TB;Cái;"Ổ cứng HDD WD Enterprise Ultrastar DC HC320 8TB/ 7200rpm Sata 256MB - HUS728T8TALE6L4
Tốc độ chuẩn kết nối: 6 Gb/s
Tốc độ vòng quay: 7200RPM
Bộ nhớ đệm: 256 MB
Số lượng vòng tải / đăng tải: 600000
Độ bền MTBF: 2 triệu giờ
Hiệu năng
Tốc độ truyền dữ liệu (max)
Tốc độ chuẩn kết nối: 6 Gb/s
Tốc độ truyền dữ liệu (max): 255 MB/s
Tốc độ vòng quay: 7200RPM
Bộ nhớ đệm: 256 MB
Độ tin cậy / Toàn vẹn dữ liệu
Số lượng vòng tải / đăng tải: 600000
Lỗi đọc không phục hồi mỗi bit: < 1 in 10^15
Độ bền MTBF: 2 triệu giờ
Khả năng chịu tải/ Workload: 550TB/năm gấp 10 lần so với ổ cứng thường
Thời gian bảo hành: 5 năm
Quản lý điện năng tiêu thụ
Yêu cầu nguồn điện trung bình (W)
  Hoạt động: 88
  Ngủ: 74
Thông số khi hoạt động
Nhiệt độ
  Hoạt động: 5 - 60°C
  Không hoạt động: -40 - 70°C
Shock
  Hoạt động (2ms): 70 Gs
  Không hoạt động: 300 Gs (2ms)
Độ ồn (dBA)
  Nhàn rỗi: 20
  Hoạt động (Trung bình): 36
Kích thước vật lý: 261 x147x1016 mm (Cao x Dài x Rộng); Nặng: 065 kg ";6635455;: 405/2025/294/CTTĐG-VNVIC;15/12/2025;…;Bùi Thị Trà Giang
641;;"Monitor 42"", 24/7Màn hình giám sát 42"", 24/7";Cái;"DS-D5043QE

Màn hình máy tính HIKVISION DS-D5043QE với Công nghệ đèn nền LED với độ phân giải full HD 1920 x 1080
Màn hình đèn nền LED 43 ""
16,7 triệu màu hiển thị hình ảnh hoàn hảo
Nhiều giao diện: HDMI, VGA, âm thanh trong
Loa tích hợp
Góc nhìn rộng: Ngang 178 °, Dọc 178 °
Hoạt động 24/7
Công nghệ đèn nền LED full HD 1920 × 1080
16,7 triệu màu, hiển thị hình ảnh hoàn hảo
Hỗ trợ HDMI lên đến 1080P
Nhiều đầu vào: HDMI, VGA
Loa tích hợp ， Âm thanh 5W * 2
Phát hiện đầu vào tín hiệu tự động
Công cụ thông minh cho Pha / Vị trí hình ảnh / Hiệu chỉnh màu
Vỏ nhựa";11825000;: 405/2025/294/CTTĐG-VNVIC;15/12/2025;…;Bùi Thị Trà Giang
642;;Switch 8 ports PoE, 2 port SFPBộ chuyển mạch 8 cổng PoE, 2 cổng SFP;Cái;"GS-4210-8P2S
Switch 8 ports PoE, 2 port SFPBộ chuyển mạch 8 cổng PoE, 2 cổng SFP
MÔ TẢ SẢN PHẨM 
Planet GS-4210-8P2S, Gigabit Ethernet Switch 8-Port Managed 8023at POE + 2-Port 100/1000X SFP (120W) 
- 16 Port 10/100/1000Mbps 
- Switch Throughput: 2678Mpps @64 bytes 
- Switch Fabric: 36Gbps 
- MAC Address:8K MAC address table 
- JUMBO Frame: 9K 
- Support IPv6";4500000;: 405/2025/294/CTTĐG-VNVIC;15/12/2025;…;Bùi Thị Trà Giang
643;;Patch Panel 24 ports Cat6Thanh đấu nối 24 cổng Cat6;Cái;"LS-PP-UC6-24P-WM
 Tên sản phẩm Patch panel 24 port Cat6
 Số cổng cắm 24 port (24 cổng cắm)
 Số lượng modules 4
 Màu sắc Màu đen
 Mã màu T568A | T568B
 Chất liệu Thép";3135000;: 405/2025/294/CTTĐG-VNVIC;15/12/2025;…;Bùi Thị Trà Giang
644;;Color Fixed Doom CameraCamera bán cầu cố định;Bộ;"DS-2CD1347G2H-LIUF
Color Fixed Doom CameraCamera bán cầu cố định
Thông số kỹ thuật Camera IP Dome ColorVu 40 Megapixel HIKVISION DS-2CD1347G2H-LIUF 
Camera bán cầu vát trong nhà 4MP – Camera ColorVu phát hiện người phương tiện, cùng Chế độ đèn thông minh 
Cảm biến 1/3"" progressive scan CMOS 
Chuẩn nén H265 , H265+ , H264 , H264+ ; Hỗ trợ 2 luồng dữ liệu 
Độ nhạy sáng Color: 00005 Lux @ (F10, AGC ON) 
Chống ngược sáng WDR 120dB , BLC , 3D DNR 
Hỗ trợ chế độ đèn thông minh Smart Hybrid Light 
Tính năng phát hiện người và phương tiện 
Độ phân giải tối đa 2560 × 1440/20fps 
Ống kính 28/4mm 
Tầm xa hồng ngoại/ Ánh sáng trắng 30m 
Hỗ trợ thẻ nhớ tối đa 512GB , cho phép ghi video 
Tích hợp Micro 
Hỗ trợ dịch vụ Hik-connect, tên miền CameraDDNS 
Vật liệu : Kim loại , Plastic 
Tiêu chuẩn chống bụi nước IP67 
Nguồn 12V/PoE chuẩn 80203af";1227000;: 405/2025/294/CTTĐG-VNVIC;15/12/2025;…;Bùi Thị Trà Giang
645;;Voice Evacuation Frame 4 zoneBộ điều khiển âm thanh 4 vùng;Cái;"VX-3004F
Tần số lấy mẫu âm thanh PCM : 48 kHz
Số bit định lượng âm thanh: 16 bit
Mức đầu vào âm thanh: 0 dB (* 2)
Nguồn cấp dữ liệu: Max 1 A trên đầu nối
Trở kháng đầu vào: 47 kΩ,
Đáp ứng tần số cân bằng điện tử : 40 Hz – 20 kHz – / + 1 dB (tại DA CONTROL LINK, ngõ ra 0 dB)
Biến dạng: 1 %%% trở xuống (tại DA CONTROL LINK, Đầu ra 0 dB, 1 kHz)
Tín hiệu với tỷ lệ tiếng ồn: 60 dB trở lên (tại DA CONTROL LINK, A-weighted)
Nguồn điện Phantom: 24 V DC, có thể được thiết lập với phần mềm cài đặt
Kết nối: Khối thiết bị đầu cuối có thể tháo rời (6 chân)… 2 “";48730000;: 405/2025/294/CTTĐG-VNVIC;15/12/2025;…;Bùi Thị Trà Giang
646;;Digital Power Amplifier Module 150WModule tăng âm số 150W;Cái;"Mô-đun tăng âm số 150W: VX-015DA
Nguồn điện	31 V DC (dải hoạt động: 20 - 33 V DC)
Nguồn DC: cổng M4, khoảng cách giữa các vách ngăn: 11 mm (043"")
Hệ thống tăng âm	Class D
Nguồn điện tiêu thụ	13 W (chế độ chờ), 14 W (không kết nối ngõ vào audio)
40 W (1/8 ngõ ra định mức), 190 W (ngõ ra định mức)
tại 31 V DC, lựa chọn điện áp ngõ ra: 100 V
Nguồn điện ngõ ra định mức	
150 W (tại 100 V line và trở kháng tối thiểu, tải tối đa)
105 W (tại 70 V line và trở kháng tối thiểu, tải tối đa)
75 W (tại 50 V line và trở kháng tối thiểu, tải tối đa)
(tại AC Mains VX-3000DS hoặc VX-3150DS: 187 - 253 V)
Điện áp ngõ ra	100 V (70 V, 50 V: có thể tùy chọn)
Trở kháng tối thiểu	67 Ω (tại line 100 V), 47 Ω (tại line 70 V), 33 Ω (tại line 50 V)
Tải tối đa	05 μF
Số kênh	1
Ngõ vào	DA CONTROL LINK: Nylon connector (15 pins)
Ngõ ra	DA OUTPUT LINK: Nylon connector (2 pins)
Đáp tuyến tần số	40 Hz - 20 kHz: -5 tại +1 dB (tại line 100 V, ngõ ra 30 dB (*1))
Độ méo âm	1 % hoặc thấp hơn (tại line 100 V, ngõ ra định mức, 1 kHz)
Tỷ lệ S/N	100 dB hoặc thấp hơn (tại line 100 V, A-weighted)
Nhiệt độ hoạt động	-5 ℃ tới +45 ℃
Độ ẩm cho phép	90 %RH hoặc thấp hơn (không ngưng tụ)
Vật liệu	Thép tấm xử lý bề mặt
Kích thước	828 (R) × 91 (C) × 3582 (S) mm 
Khối lượng	13 kg
Phụ kiện đi kèm	Cáp DA CONTROL LINK x1, Cáp DA OUTPUT LINK x1, DC FUSE (10 A) x1";11818000;: 405/2025/294/CTTĐG-VNVIC;15/12/2025;…;Bùi Thị Trà Giang
647;;Digital Power Amplifier Module 350WModule tăng âm số 350W;Cái;"Amply ITC Class-D T-350D
ModelT-350D
Ngõ ra kết nối loa 4-16Ω, 100V
Công suất350W
Dộ nhạy & trở kháng
MIC1, 2, 3, 4 mức vào:5mV/600Ω, không cân bằng, cổng kết nối 63mm
AUX1, 2, mức vào:350mV/10KΩ, không cân bằng, cổng kết nối RCA
EMC:775mV/10KΩ, không cân bằng, cổng kết nối 63mm
Độ nhạy & trở kháng ngõ vào MIX OUT:1000mV/470Ω, không cân bằng, cổng kết nối RCA
Chỉnh âm sắc
Bass:±10dB at 100Hz
Treble:±10dB at 10KHz
Tần số đáp ứng
50Hz~16KHz(+1dB,-3dB)
SNR
MIC1, 2, 3:66dB; AUX1, 2:85dB
THD
Thấp hơn 005%(@1KHz, 1/3 công suất ra)
Chế độ nén tiếng ""MUTE""
MIC 1 ưu tiên hơn  MIC2-4,AUX1-2,EMC ưu tiên hơn tất cả các ngõ vào
Crosstalk≥50dB
Làm mátLàm mát bằng quạt hai bên hông, tự khởi động khi bật thiết bị
Tốc độ quạt theo từng bước
Chế độ bảo vềBảo vệ quá nhiệt, ngắn mạch, quá dòng
Nguồn điện
~220-240V /50Hz
Công suất tiêu thụ 500W
Kích thước 484×295×44mm
Khối lượng47Kg";10140000;: 405/2025/294/CTTĐG-VNVIC;15/12/2025;…;Bùi Thị Trà Giang
648;;Remote MicrophoneBàn gọi;Cái;"RM-2010
Ngõ vào	
Mic: 600Ω, 10mV, Không cân bằng
Line : 10KΩ, 775mV, Không cân bằng
Ngõ ra	Cân bằng
Tần số thu	Mic: 100Hz~15KHz; Line: 30Hz~18KHz
Tỉ lệ S/N	
Mic input: 60dB
Line input: 80dB
Điều khiển	
Điều khiển VOL MIC kêu vang, 300 kênh,
nút chuông, chuyển đổi on-off
Hiển thị	10 kênh led
Nguồn điện	DC24V
Công suất tiêu thụ	10W
Trọng lượng	125kg
Công suất tiêu thụ	5W
Trọng lượng	500g";7600000;: 405/2025/294/CTTĐG-VNVIC;15/12/2025;…;Bùi Thị Trà Giang
649;;Power Supply ManagerBộ điều khiển nguồn;Cái;"VX-3000DS
Nguồn điện	220-230 V AC, 50/60 Hz
Nguồn điện tiêu thụ	Tổng tối đa 2800 W (tại ngõ ra định mức sạc)
Tổng tối đa 650 W, mỗi nguồn tối đa 350 W (EN60065)
Ngõ ra DC (Chế độ AC)	Ngõ ra định mức: 2300 W (Tổng nguồn điện ngõ ra DC)
Ngõ ra đỉnh: 2780 W (Tổng nguồn điện ngõ ra DC)
Đặc tính dòng điện	Dòng điện ngõ ra tối đa từ ắc quy: 50 A
Dòng điện định mức tối đa của ngõ ra liên tục: I tối đa a: 50 A
Dòng điện định mức tối đa của ngõ ra gián đoạn, I tối đa b: 50 A
Dòng điện định mức tối thiểu của ngõ ra, I tối thiểu: 0 A
Điện áp Ripple tại I tối đa b: tối đa 4 V 
Ngõ ra DC	8 x 31 V (19-33 V) 25 A tối đa mỗi ngõ ra, đầu nối vít M4,
Khoảng cách giữa các vách ngăn: 11 mm 
3 x 31 V (19-33 V) 5 A tối đa mỗi ngõ ra, đầu nối tháo rời (3 × 2 chân)
1 x 24 V (16-25 V) 03 A tối đa, đầu nối tháo rời (1 × 2 chân)
Phương thức sạc	Sạc trickle điều chỉnh nhiệt độ
Điện áp ngõ ra sạc	273 V ±03 V (tại 25 ℃)
Hệ số hiệu chỉnh nhiệt độ: -40 mV/℃
Kết nối ắc quy	Bao gồm cực dương và cực âm
Đường kính cáp tương thích: AWG 6 - AWG 0 (AWG 1/0) (16 mm² - 50 mm²)
Điện trở đường dây loa nằm trong khoảng 4m Ω/tổng số
Pin tương thích	Panasonic: LC-X1265PG/APG (65 Ah), LC-XA12100P (100 Ah)
Yuasa: NP65-12 (65 Ah), NPL100-12 (100 Ah)
Control Connector DS LINK IN/OUT	Cổng RJ45 cái cho kết nối hệ thống và nối tầng
Cáp xoắn đôi chống nhiễu (tiêu chuẩn TIA/EIA-568A)
Kiểu tín hiệu điều khiển: kiểm tra ắc quy, trạng thái nguồn AC, trạng thái nguồn DC, lỗi mạch sạc ắc quy, lỗi pin và kết nối
Bảng điều khiển	Nguồn AC IN 1, IN 2 (Xanh lá), Sạc (Xanh lá), Nguồn ắc quy (Xanh lá), Kết nối ắc quy (Xanh lá), Tình trạng ắc quy (Xanh lá)
Nhiệt độ hoạt động	-5 ℃ đến +45 ℃
Độ ẩm cho phép	90 %RH hoặc thấp hơn (không ngưng tụ)";75818000;: 405/2025/294/CTTĐG-VNVIC;15/12/2025;…;Bùi Thị Trà Giang
650;;Background music playerBộ phát nhạc nền;Cái;"TOA/ TOA MD-200STU-EB
Xuất xứ: Việt Nam, Nhật Bản Hãng sản xuất/Nhãn hiệu: TOA/ TOA MD-200STU-EB Nguồn điện 220 - 240 V AC, 50/60 Hz Công suất tiêu thụ 6 W Đáp ứng tần số 20 - 20,000 Hz, ± 3 dB Tần số của bộ thu sóng FM 875 – 108 MHz (với bước điều chỉnh 50 kHz) Ngõ vào Ngõ vào nối ăng-ten không cân bằng FM 75Ω Cổng USB cho thẻ nhớ (hỗ trợ lên đến 32 GB) Khe thẻ nhớ SD/MMC (hỗ trợ lên đến 32 GB) Ngõ ra Ngõ ra âm thanh RCA cho FM kênh L và R, Ngõ ra RCA cho MP3 kênh L và R Và ngõ ra RCA cho mức ưu tiên kênh L và R Số kênh FM có thể lưu sẵn 30 kênh Chế độ hiển thị 2 LCD hiển thị màu xanh lam 2 LED hiện thị màu xanh lục Nhiệt độ hoạt động 0 °C đến +40 °C Vật liệu Mặt trước: thép, màu đen Vỏ: thép, màu đen Kích thước 482 (R) x 44 (C) x 186 (S) mm Khối lượng 26 kg (không bao gồm phụ kiện) Phụ kiện đi kèm Dây nguồn AC, ăng-ten FM, điều khiển từ xa";13025620;: 405/2025/294/CTTĐG-VNVIC;15/12/2025;…;Bùi Thị Trà Giang
651;;Ceiling Speakers 6WLoa âm trần 6W;Cái;"Loa âm trần 6W: TOA PC-658R
Công suất	6 W (100 V line), 3 W (70 V line)
Trở kháng	100 V line: 17 kΩ (6 W), 33 kΩ (3 W), 10 kΩ (1 W)
70 V line: 17 kΩ (3 W), 33 kΩ (15 W), 10 kΩ (05 W)
Cường độ âm	90 dB (1 W, 1 m) (500 Hz - 5 kHz, pink noise)
Đáp tuyến tần số	65 Hz - 18 kHz (đỉnh -20 dB)
Thành phần loa	Loa hình nón, đường kính 16cm
Đường kính lỗ gắn trần	Lỗ gắn trần: φ170±5 mm 
Độ dày trần: 5 - 25 mm 
Phương thức gằn trần	Móc treo đàn hồi
Vật liệu	Vành loa: nhựa Polypropylene trắng nhạt (RAL9016)
Lưới: theo phủ màu trắng nhạt (RAL9016)
Kích thước	φ192 × 73 (D) mm 
Khối lượng	500 g 
Phụ kiện đi kèm	Giấy hướng dẫn khoét trần x 1";318000;: 405/2025/294/CTTĐG-VNVIC;15/12/2025;…;Bùi Thị Trà Giang
652;;Wall Mount Speakers 6WLoa hộp gắn tường 6W;Cái;"Loa treo tường 6W TOA BS-634
Wall Mount Speakers 6WLoa hộp gắn tường 6W
""Thông số kỹ thuật
Công suất	6 W
Trở kháng	100 V line: 17 kΩ (6 W), 33 kΩ (3 W)
70 V line: 17 kΩ (3 W), 33 kΩ (15 W)
Cường độ âm	90 dB (1 W, 1 m)
Đáp tuyến tần số	120 - 18,000 Hz
Thành phần loa	Loa hình nón, đường kính 12 cm 
Cổng kết nối	Kiểu ốc vit M4, khoảng cách hai ốc vít: 11 mm 
Vật liệu	Vỏ: nhựa HIPS, màu trắng nhạt
Lưới: thép mạ, màu bạc
Kích thước	210 (R) x 330 (C) x 80 (S) mm 
Khối lượng	13 kg 
Phụ kiện đi kèm	Đế cài loa  x 1, Ốc gắn tường x 2""";682000;: 405/2025/294/CTTĐG-VNVIC;15/12/2025;…;Bùi Thị Trà Giang
653;;Tủ trung tâm báo cháy 4 loop (đã được kiểm định phương tiện PCCC):- 324 địa chỉ/loop- Sử dụng nguồn điện 24V- Chức năng sạc acquy tự động- Bao gồm chi phí phần mềm và lập trình cho hệ thống PCCC dạng địa chỉ ;Bộ;"JB-QBL-A104E
""- Model:JB-QBL-A104E Hãng Sanjiang/Trung Quốc
- 4 loop, 324 địa chỉ/1 loop
- Nguồn điện chính: 220VAC/50Hz
- Nguồn điện dự phòng: 24VDC
- Dòng điện làm việc tối đa: 4A
- Môi trường hoạt động: 0°C ~ 40°C
- Độ ẩm: ≤95%
- Màn hình LCD màu 4,3 inch có độ phân giải 480*272
- Hỗ trợ Giao thức CAN và Giao thức Ethernet
- Được chứng nhận theo tiêu chuẩn QCVN 03:2023/BCA và tiêu chuẩn TCVN 7568
 (Đã bao gồm chi phí kiểm định phương tiện PCCC)""";41525000;: 405/2025/294/CTTĐG-VNVIC;15/12/2025;;
654;;Máy bơm chữa cháy động cơ điện Q ≥ 25 l/s, H ≥ 57 m (Bơm chữa cháy Windy/Việt Nam hoặc tương đương) ( Đã bao gồm chi phí kiểm định phương tiện PCCC);Cái;"Đầu bơm: Windy/ Việt nam Model: KPR65-250/37
 Động cơ: Rem/ Trung quốc
 Model: Y3-200L2-2
Máy bơm chữa cháy động cơ Điện
 Bơm ly tâm trục ngang đầu rời một tầng
 cánh 
 Đầu bơm : Hãng : Windy – Việt Nam,
 Model: KPR65 - 250/37
 Động cơ :Hãng : Rem/ Trung quốc,
 Model: Y3-200L2-2
 Công suất: 37kw
 Vòng quay : 2900rpm, Điện áp: 380v,
 Vật liệu: Thân vỏ bằng gang đúc, cánh guồng
 bằng inox và trục bằng thép không gỉ,
 Phụ kiện đi kèm :
 Đế chống rung cao su (đã bao gồm kiểm
 định PCCC theo quy định)
 Hiệu chỉnh cài đặt trực tiếp dự án";36363636;: 405/2025/294/CTTĐG-VNVIC;15/12/2025;…;Bùi Thị Trà Giang
655;;Máy bơm chữa cháy động cơ diesel Q ≥ 25 l/s, H ≥ 57 m (Bơm chữa cháy Windy/Việt Nam hoặc tương đương) ( Đã bao gồm chi phí kiểm định phương tiện PCCC);Cái;"Đầu bơm: windy/ Việt nam model: KPR65-250/37
 Động Cơ: KPPower/ Trung quốc
 Model: 4B26
""Máy bơm chữa cháy động cơ động Điesel
 Bơm ly tâm trục ngang đầu rời một tầng
 cánh 
 Đầu bơm : Hãng : Windy – Việt Nam,
 Model: KPR65 - 250/37
 Lưu lượng: 30 l/s (108m3/h) , Cột áp: 68 m,
 Công suất 37kw
 Động cơ :Hãng : KPPower – Trung quốc,
 Model: 4B26
 Công suất: 45kw, Vòng quay : 3000rpm,
 Điện áp: 380v,
 Vật liệu: Thân vỏ bằng gang đúc, cánh guồng
 bằng inox và trục bằng thép không gỉ,
 Phụ kiện đi kèm : Đế chống rung cao su và
 bình ác quy (đã bao gồm kiểm định PCCC
 theo quy định)
 Hiệu chỉnh cài đặt trực tiếp dự án""";71818182;: 405/2025/294/CTTĐG-VNVIC;15/12/2025;…;Bùi Thị Trà Giang
656;;Bình tích áp 200l chịu áp suất cao chuyên dụng cho hệ thống PCCC (Việt Nam hoặc tương đương);bình;"SGMy/ Việt Nam

Bình tích áp 200l chịu áp suất cao chuyên dụng cho hệ thống PCCC (Việt Nam hoặc tương đương)";10284000;: 405/2025/294/CTTĐG-VNVIC;15/12/2025;…;Bùi Thị Trà Giang
657;;"Tủ điều khiển bơm chữa cháy:
- Vỏ bằng tôn, sơn sần tĩnh điện màu ghi đỏ, lớp cánh tôn dày 12mm
- Chức năng điều khiển bơm bằng mạch role và khởi động mềm nhận tín hiệu từ nút ấn và công tắc áp lực
- Hiển thị dòng điện áp 3 pha tủ điện
- Công tắc chuyển đổi 2 chế độ: tự động và bằng tay
- Hệ thống dây cáp điện
- Khởi động mềm 3 pha";Tủ;"
Tủ điều khiển bơm chữa cháy:
- Vỏ bằng tôn, sơn sần tĩnh điện màu ghi đỏ, lớp cánh tôn dày 12mm
- Chức năng điều khiển bơm bằng mạch role và khởi động mềm nhận tín hiệu từ nút ấn và công tắc áp lực
- Hiển thị dòng điện áp 3 pha tủ điện
- Công tắc chuyển đổi 2 chế độ: tự động và bằng tay
- Hệ thống dây cáp điện
- Khởi động mềm 3 pha";15340000;: 405/2025/294/CTTĐG-VNVIC;15/12/2025;…;Bùi Thị Trà Giang
658;;Acquy dự phòng 12VDC cho trung tâm báo cháy ;cái;"
Ắc quy 24V-7,5Ah
  'Ắc quy 24V-7,5Ah tương thích với tủ trung tâm báo cháy
  Điện thế ra: 12V hoặc 24V
  Điện thế thường xuyên: 12V – 135V
  Dung lượng: 75Ah
  Điện thế sạc vào: 135V – 138V
  Dòng sạc vào: 1A – 2A Max";438182;: 405/2025/294/CTTĐG-VNVIC;15/12/2025;…;Bùi Thị Trà Giang
659;;Bộ biến đổi nguồn điện cấp nguồn 24VDC cho hệ thống báo cháy và tự động sạc Ácquy;cái;"PS 06 PS 05MB
Bộ cấp nguồn 24VDC - Đầu vào: 240 Vac; 50/60 Hz; Pin dự phòng 24 Vdc - Đầu ra: 24 Vdc (Được quy định), tối đa 6A - Bảo vệ: Cầu chì trạng thái rắn & thổi nhanh - Đã bao gồm Giá đỡ gắn nửa giá đỡ 1U PS 05MB MODEL PS 06 PS 05MB Nguồn gốc ( hãng ) AEX/ Malaysia";9075000;: 405/2025/294/CTTĐG-VNVIC;15/12/2025;…;Bùi Thị Trà Giang
660;;Bình tích áp cho bơm (Bình Tích Áp Varem 200L S5 200 461 CS 000000 (16Bar));cái;Bình tích áp cho bơm (Bình Tích Áp Varem 200L S5 200 461 CS 000000 (16Bar));10284000;: 405/2025/294/CTTĐG-VNVIC;15/12/2025;…;Bùi Thị Trà Giang
661;;Máy bơm tăng áp biến tần Q=6m3/h, H= 15 m;cái;"Model:PBI-L205EA
Nhà sản xuất:Wilo
Model:PBI-L205EA
Công suất: 1100W
Tổng cột áp: Lên tới 75m
Bảo hành: Trong 12 tháng
Ống vào/ra: 25/25mm (1""/1"")
Chủng loại: Máy Bơm Biến Tần
Lưu Lượng: Lên tới 6,0m³/h
Nhiệt độ nước: Lên tới 80°C
Nguồn Điện: 1Pha / 220V / 50Hz";29750000;: 405/2025/294/CTTĐG-VNVIC;15/12/2025;…;Bùi Thị Trà Giang
662;;Tủ điều khiển cho bơm;cái;Tủ điều khiển cho bơm;32514678;: 405/2025/294/CTTĐG-VNVIC;15/12/2025;…;Bùi Thị Trà Giang
663;;Bình tích áp cho bơm (Bình Tích Áp Varem 200L S5 200 461 CS 000000 (16Bar));cái;Bình tích áp cho bơm (Bình Tích Áp Varem 200L S5 200 461 CS 000000 (16Bar));0;: 405/2025/294/CTTĐG-VNVIC;15/12/2025;…;Bùi Thị Trà Giang
664;;MÁY BƠM TĂNG ÁP NƯỚC LẠNH CÓ BIẾN TẦN TRỌN BỘ (KÈM BÌNH TÍCH ÁP VÀ TỦ ĐIỆN, TỦ ĐIỀU KHIỂN THEO HÃNG) CÔNG SUẤT 1 BƠM: Q=6M3/H, H=15M;cụm;"Model:PBI-L205EA
Nhà sản xuất:Wilo
Model:PBI-L205EA
Công suất: 1100W
Tổng cột áp: Lên tới 75m
Bảo hành: Trong 12 tháng
Ống vào/ra: 25/25mm (1""/1"")
Chủng loại: Máy Bơm Biến Tần
Lưu Lượng: Lên tới 6,0m³/h
Nhiệt độ nước: Lên tới 80°C
Nguồn Điện: 1Pha / 220V / 50Hz";29750000;: 405/2025/294/CTTĐG-VNVIC;15/12/2025;…;Bùi Thị Trà Giang
665;;MÁY BƠM TĂNG ÁP NƯỚC LẠNH CÓ BIẾN TẦN TRỌN BỘ (KÈM BÌNH TÍCH ÁP VÀ TỦ ĐIỆN, TỦ ĐIỀU KHIỂN THEO HÃNG) CÔNG SUẤT 1 BƠM: Q=6M3/H, H=15M;cụm;"Model:PBI-L205EA
Nhà sản xuất:Wilo
Model:PBI-L205EA
Công suất: 1100W
Tổng cột áp: Lên tới 75m
Bảo hành: Trong 12 tháng
Ống vào/ra: 25/25mm (1""/1"")
Chủng loại: Máy Bơm Biến Tần
Lưu Lượng: Lên tới 6,0m³/h
Nhiệt độ nước: Lên tới 80°C
Nguồn Điện: 1Pha / 220V / 50Hz";29750000;: 405/2025/294/CTTĐG-VNVIC;15/12/2025;…;Bùi Thị Trà Giang
666;;MÁY BƠM TĂNG ÁP NƯỚC LẠNH CÓ BIẾN TẦN TRỌN BỘ (KÈM BÌNH TÍCH ÁP VÀ TỦ ĐIỆN, TỦ ĐIỀU KHIỂN THEO HÃNG) CÔNG SUẤT 1 BƠM: Q=6M3/H, H=15M;cụm;"Model:PBI-L205EA
Nhà sản xuất:Wilo
Model:PBI-L205EA
Công suất: 1100W
Tổng cột áp: Lên tới 75m
Bảo hành: Trong 12 tháng
Ống vào/ra: 25/25mm (1""/1"")
Chủng loại: Máy Bơm Biến Tần
Lưu Lượng: Lên tới 6,0m³/h
Nhiệt độ nước: Lên tới 80°C
Nguồn Điện: 1Pha / 220V / 50Hz";29750000;: 405/2025/294/CTTĐG-VNVIC;15/12/2025;…;Bùi Thị Trà Giang
667;;"Bồn Composite : Hợp khối các ngăn bể xử lý nước thải, dày 8 mmKích thước: D x L = 32 x 8900 mm
 Sản xuất: VESA - Việt Nam";Cái;"
Bồn Composite : Hợp khối các ngăn bể xử lý nước thải, dày 8 mmKích thước: D x L = 32 x 8900 mm
 Sản xuất: VESA - Việt Nam
Cụm bể xử lý Composite hợp
khối CS 45 m3/ngày
Model : Composite lõi thép
CT3
Công suất : 45 m3/ngàyđêm
Bao gồm 4 bể : bể sinh học
thiếu khí Anoxic, bể sinh học
hiếu khí Aerotank, Bể lắng sinh
học, bể khử trùng";330000000;: 405/2025/294/CTTĐG-VNVIC;15/12/2025;…;Bùi Thị Trà Giang
668;;"Hộp chắn rác thô
 + Xuất xứ: Việt Nam
 + Loại tách rác thủ công
 + Kích thước: B x L x H = 0,5 x 0,5 x 0,5 m
 + Vật liệu: Inox SUS 304 theo bản vẽ
 + Nặng khoảng 10kg";Cái;"
Hộp chắn rác thô
 + Xuất xứ: Việt Nam
 + Loại tách rác thủ công
 + Kích thước: B x L x H = 0,5 x 0,5 x 0,5 m
 + Vật liệu: Inox SUS 304 theo bản vẽ
 + Nặng khoảng 10kg";2727000;: 405/2025/294/CTTĐG-VNVIC;15/12/2025;…;Bùi Thị Trà Giang
669;;"Bơm chìm BS-3052
 + Xuất xứ: ASIA
 + Lưu lượng: 25 m3/h
 + Cột áp: 5 mH2O
 + Công suất: 04 kW/380V/3 Pha/50Hz
";Bộ;"BS-3052 Grampus-Đài Loan
Bơm chìm BS-3052
 + Xuất xứ: ASIA
 + Lưu lượng: 25 m3/h
 + Cột áp: 5 mH2O
 + Công suất: 04 kW/380V/3 Pha/50Hz
";5214000;: 405/2025/294/CTTĐG-VNVIC;15/12/2025;…;Bùi Thị Trà Giang
670;;Phao điện;Bộ;"Mac 3-Italya
Phao điện";708000;: 405/2025/294/CTTĐG-VNVIC;15/12/2025;…;Bùi Thị Trà Giang
671;;"Bộ khớp nối nhanh; ray trượt, xích kéo (Việt Nam)";Bộ;"
Bộ khớp nối bơm chìm Đường kính: DN50 Vật liệu: Gang/ nhựa Thanh trượt, ốc vít; xích: Inox SUS 304";2909000;: 405/2025/294/CTTĐG-VNVIC;15/12/2025;…;Bùi Thị Trà Giang
672;;"Bơm chìm BS-3052
 + Xuất xứ: ASIA
 + Lưu lượng: 25 m3/h
 + Cột áp: 5 mH2O
 + Công suất: 04 kW/380V/3 Pha/50Hz
";Bộ;"BS-3052 Grampus-Đài Loan
Bơm chìm BS-3052
 + Xuất xứ: ASIA
 + Lưu lượng: 25 m3/h
 + Cột áp: 5 mH2O
 + Công suất: 04 kW/380V/3 Pha/50Hz
";5214000;: 405/2025/294/CTTĐG-VNVIC;15/12/2025;…;Bùi Thị Trà Giang
673;;Phao điện;Bộ;"Mac 3-Italya
Phao điện";708000;: 405/2025/294/CTTĐG-VNVIC;15/12/2025;…;Bùi Thị Trà Giang
674;;"Bộ khớp nối nhanh; ray trượt, xích kéo (Việt Nam)";Bộ;"
Bộ khớp nối bơm chìm Đường kính: DN50 Vật liệu: Gang/ nhựa Thanh trượt, ốc vít; xích: Inox SUS 304";2909000;: 405/2025/294/CTTĐG-VNVIC;15/12/2025;…;Bùi Thị Trà Giang
675;;"Máy khuấy chìm - Bể thiếu khí
 + Công suất: 04 kW/380V/3 Pha/50Hz
";Bộ;"RM3052-Grampus-Đài Loan
Máy khuấy chìm - Bể thiếu khí
 + Công suất: 04 kW/380V/3 Pha/50Hz
";20000000;: 405/2025/294/CTTĐG-VNVIC;15/12/2025;…;Bùi Thị Trà Giang
676;;"Van điện Điều hòa
 + Dạng thường đóng
 + Đường kính: 11/2 inch
 + Điện áp 220V
";Cái;"UNI-D-Đài loan
Van điện Điều hòa
 + Dạng thường đóng
 + Đường kính: 11/2 inch
 + Điện áp 220V
";909000;: 405/2025/294/CTTĐG-VNVIC;15/12/2025;…;Bùi Thị Trà Giang
677;;"Bơm chìm BS-3052
 + Xuất xứ: ASIA
 + Lưu lượng: 25 m3/h
 + Cột áp: 5 mH2O
 + Công suất: 04 kW/380V/3 Pha/50Hz
";Bộ;"BS-3052 Grampus-Đài Loan
Bơm chìm BS-3052
 + Xuất xứ: ASIA
 + Lưu lượng: 25 m3/h
 + Cột áp: 5 mH2O
 + Công suất: 04 kW/380V/3 Pha/50Hz
";5214000;: 405/2025/294/CTTĐG-VNVIC;15/12/2025;…;Bùi Thị Trà Giang
678;;"Bộ khớp nối nhanh; ray trượt, xích kéo (Việt Nam)";Bộ;"
Bộ khớp nối bơm chìm Đường kính: DN50 Vật liệu: Gang/ nhựa Thanh trượt, ốc vít; xích: Inox SUS 304";2909000;: 405/2025/294/CTTĐG-VNVIC;15/12/2025;…;Bùi Thị Trà Giang
679;;"Hệ thống phân phối khí tinh Hiếu khí HD340
 + Đường kính đĩa: 346 mm
 + Phạm vi hoạt động: 295 mm
 + Nối ren ngoài: 3/4 ""
 + Lưu lượng hoạt động: 2 - 12 Nm3/h
 + Lưu lượng max: 15 Nm3/h
 + Màng: EPDM performance
 + Khung: Nhựa PP gia cường sợi thuỷ tinh
";Địa;"HD340-Jager-Đức
Hệ thống phân phối khí tinh Hiếu khí HD340
 + Đường kính đĩa: 346 mm
 + Phạm vi hoạt động: 295 mm
 + Nối ren ngoài: 3/4 ""
 + Lưu lượng hoạt động: 2 - 12 Nm3/h
 + Lưu lượng max: 15 Nm3/h
 + Màng: EPDM performance
 + Khung: Nhựa PP gia cường sợi thuỷ tinh
";402000;: 405/2025/294/CTTĐG-VNVIC;15/12/2025;…;Bùi Thị Trà Giang
680;;"Bơm chìm BS-3052
 + Xuất xứ: ASIA
 + Lưu lượng: 25 m3/h
 + Cột áp: 5 mH2O
 + Công suất: 04 kW/380V/3 Pha/50Hz
";Bộ;"BS-3052 Grampus
Bơm chìm BS-3052
 + Xuất xứ: ASIA
 + Lưu lượng: 25 m3/h
 + Cột áp: 5 mH2O
 + Công suất: 04 kW/380V/3 Pha/50Hz
";5214000;: 405/2025/294/CTTĐG-VNVIC;15/12/2025;…;Bùi Thị Trà Giang
681;;"Bộ khớp nối nhanh; ray trượt, xích kéo (Việt Nam)";Bộ;"
Bộ khớp nối bơm chìm Đường kính: DN50 Vật liệu: Gang/ nhựa Thanh trượt, ốc vít; xích: Inox SUS 304";2909000;: 405/2025/294/CTTĐG-VNVIC;15/12/2025;…;Bùi Thị Trà Giang
682;;"Bơm chìm BS-3052
 + Xuất xứ: ASIA
 + Lưu lượng: 25 m3/h
 + Cột áp: 5 mH2O
 + Công suất: 04 kW/380V/3 Pha/50Hz
";Bộ;"BS-3052 Grampus
Bơm chìm BS-3052
 + Xuất xứ: ASIA
 + Lưu lượng: 25 m3/h
 + Cột áp: 5 mH2O
 + Công suất: 04 kW/380V/3 Pha/50Hz
";5214000;: 405/2025/294/CTTĐG-VNVIC;15/12/2025;…;Bùi Thị Trà Giang
683;;Phao điện;Bộ;"Mac 3-Italya
Phao điện";708000;: 405/2025/294/CTTĐG-VNVIC;15/12/2025;…;Bùi Thị Trà Giang
684;;"Bộ khớp nối nhanh; ray trượt, xích kéo (Việt Nam)";Bộ;"
Bộ khớp nối bơm chìm Đường kính: DN50 Vật liệu: Gang/ nhựa Thanh trượt, ốc vít; xích: Inox SUS 304";2909000;: 405/2025/294/CTTĐG-VNVIC;15/12/2025;…;Bùi Thị Trà Giang
685;;"Đồng hồ đo lưu lượng
 + Dạng cơ chuyên dụng cho nước thải
 + Đường kính: DN 50
";Bộ;"Flowtech-Malaysia
Đồng hồ đo lưu lượng
 + Dạng cơ chuyên dụng cho nước thải
 + Đường kính: DN 50
";5455000;: 405/2025/294/CTTĐG-VNVIC;15/12/2025;…;Bùi Thị Trà Giang
686;;"Giá thể vi sinh di động PE09
+ Vật liệu PE
+ Diện tích tiếp xúc: 900 m2/m3
+ Kích thước: D x L = 15 x 15 mm
";m3;"PE09
Giá thể vi sinh di động PE09
+ Vật liệu PE
+ Diện tích tiếp xúc: 900 m2/m3
+ Kích thước: D x L = 15 x 15 mm
";4818000;: 405/2025/294/CTTĐG-VNVIC;15/12/2025;…;Bùi Thị Trà Giang
687;;"Máy thổi khí cấp khí toàn bể TH-50
 + Lưu lượng: Q =18 m3/min
 + Cột áp: H = 3000 mmAq
 + Động cơ: Điện áp 3 pha/380V/50Hz/40 kW - Việt Nam
";Bộ;"TH-50 -Trudean-Đài Loan
Máy thổi khí cấp khí toàn bể TH-50
 + Lưu lượng: Q =18 m3/min
 + Cột áp: H = 3000 mmAq
 + Động cơ: Điện áp 3 pha/380V/50Hz/40 kW - Việt Nam
";25455000;: 405/2025/294/CTTĐG-VNVIC;15/12/2025;…;Bùi Thị Trà Giang
688;;"Thùng đựng hóa chất 
 + Dung tích: 300 lít - Vật liệu: Nhựa LLDPE
";Bộ;"
Thùng đựng hóa chất 
 + Dung tích: 300 lít - Vật liệu: Nhựa LLDPE
";1364000;: 405/2025/294/CTTĐG-VNVIC;15/12/2025;…;Bùi Thị Trà Giang
689;;"Bơm định lượng 1M50P1155SVBSMV0M3-OBL
 + Lưu lượng: 50 lít/hr
 + Áp suất: 10 bar
 + Động cơ: 0,25kW/3phase/380V/50Hz
";Bộ;"Model:1M50P1155SVBSMV0M3-OBL
Bơm định lượng 1M50P1155SVBSMV0M3-OBL
 + Lưu lượng: 50 lít/hr
 + Áp suất: 10 bar
 + Động cơ: 0,25kW/3phase/380V/50Hz
";12545000;: 405/2025/294/CTTĐG-VNVIC;15/12/2025;…;Bùi Thị Trà Giang
690;;"Quạt hút mùi VNS-CF1-32T
 + Vật liệu: SS400
 + Lưu lượng: 1500 - 2000 m3/hr
 + Áp suất: 700 - 420 Pa
 + Điện áp: 3 phase/380V/50Hz/075 kW
";Bộ;"VNS-CF1-32T-Vinasun-Việt Nam
Quạt hút mùi VNS-CF1-32T
 + Vật liệu: SS400
 + Lưu lượng: 1500 - 2000 m3/hr
 + Áp suất: 700 - 420 Pa
 + Điện áp: 3 phase/380V/50Hz/075 kW
";5636000;: 405/2025/294/CTTĐG-VNVIC;15/12/2025;…;Bùi Thị Trà Giang
691;;"Tháp khử mùi
 + Xuất xứ: Việt Nam
 + Vật liệu: Composite
 + Kích thước hình trụ tròn: D x L = 500 x 1200 mm
 + Vật liệu hấp phụ: than hoạt tính gáo dừa
";Bộ;"Gia công theo bản vẽ chế tạo
Tháp khử mùi
 + Xuất xứ: Việt Nam
 + Vật liệu: Composite
 + Kích thước hình trụ tròn: D x L = 500 x 1200 mm
 + Vật liệu hấp phụ: than hoạt tính gáo dừa
";27273000;: 405/2025/294/CTTĐG-VNVIC;15/12/2025;…;Bùi Thị Trà Giang
692;;"Tháp khử mùi
 + Xuất xứ: Việt Nam
 + Vật liệu: Composite
 + Kích thước hình trụ tròn: D x L = 500 x 1200 mm
 + Vật liệu hấp phụ: than hoạt tính gáo dừa
";Bộ;"Gia công theo bản vẽ chế tạo
Tháp khử mùi
 + Xuất xứ: Việt Nam
 + Vật liệu: Composite
 + Kích thước hình trụ tròn: D x L = 500 x 1200 mm
 + Vật liệu hấp phụ: than hoạt tính gáo dừa
";27273000;: 405/2025/294/CTTĐG-VNVIC;15/12/2025;…;Bùi Thị Trà Giang
693;;"Máy biến áp 22/0,4kV- 320kVA Máy biến áp 3 pha hai cuộn dây, ruột đồng cách điện bằng dầu, kiểu ngoài trời Thông số MBA theo TCVN 8525:2015; 62/QĐ-EVN ngày 05/05/2017";Máy;"Việt Nam
- Công suất: 320kVA
- Là loại MBA với cuộn dây sơ cấp có điện áp định mức 22kV ngâm trong dầu làm mát tự nhiên(ONAN)
- Vỏ máy biến áp: đảm bảo có thể nâng hạ vận chuyển mà không bị bíến dạng hư hỏng hay rò dầu, không bị đọng nước ở các hốc, khe, rãnh
- Màu của sơn bên ngòai của thùng chứa phải đảm bảo khả năng tản nhiệt của máy biến áp cũng như tránh hấp thụ nhiệt năng từ ánh nắng mặt trời ( màu sáng)
- Các gioăng của MBA phải là lọai chiụ dầu chiụ sự tác động của môi trường ngòai trời
- Điện áp cao nhất của thiết bị: 24kV
- Điện áp chịu tần số công nghiệp ngắn hạn ( giá trị hiệu dụng): 50kV
- Điện áp chịu xung sét 1,2/50µs ( trị số đỉnh)(BIL): 125kV 
- Độ ồn: 59dB
- Tổn hao không tải Po cực đại (W): 385W
- Tổn hao ngắn mạch Pk cực đại (W): 3170W
- Điện áp ngắn mạch nhỏ nhất Uk (%): 4,0%
- Đầu sứ ElBow""";229982247;: 405/2025/294/CTTĐG-VNVIC;15/12/2025;…;Bùi Thị Trà Giang
694;;Bộ đầu sứ Plug-in Bushing cho máy biến áp (Đầu sứ xuyên 24kV/250A máy biến áp tương thích với đầu cáp Elbow nối cáp trung thế vào máy biến áp);Bộ;"
Bộ đầu sứ Plug-in Bushing cho máy biến áp 
Euromold/Bỉ
Đầu sứ xuyên 24kV/250A máy biến áp tương thích với đầu cáp Elbow nối cáp trung thế vào máy biến áp";12000000;: 405/2025/294/CTTĐG-VNVIC;15/12/2025;…;Bùi Thị Trà Giang
695;;"Tủ điện RMU 24kV 20kA/1s, loại 3 ngăn compact không mở rộng cách điện khí SF6, gồm:
- 02 ngăn cầu dao phụ tải 24kV 630A 20kA/1s
- 01 ngăn máy cắt 24kV 200A 20kA/1s, relay Vip400 bảo vệ MBA";Tủ;"ABB/ China
Tủ trung thế RMU 24kV 3 ngăn trọn bộ (2 ngăn cầu dao phụ tải 24kV-630A-20kA/1s, 01 ngăn máy cắt 24kV-200A-20kA/1s)
""- Điện áp hệ thống cao nhất: 24kV
- Dòng điện định mức thanh cái ≥630A
- Cầu dao phụ tải, dòng điện định mức ≥630A
- Máy cắt chân không hoặc SF6, dòng điện định mức 200A, dòng ngắn mạch định mức ≥16kA/1s";289200000;: 405/2025/294/CTTĐG-VNVIC;15/12/2025;…;Bùi Thị Trà Giang
696;;"Tủ hạ thế 600V-500A-50kA/s
Vỏ tủ sơn tĩnh điện, được sản xuất bằng tôn dày 15-2 mm, 1 lớp cánh (được đặt trong khoang tủ hạ thế trạm trụ), có ngăn chống tổn thấtThiết bị đóng cắt: 01 MCCB 3P-500A-50kA/s, 01 MCCB 3P-100A-25kA/s Dàn thanh cái tổng 2MT50x5, lắp thiết bị đo lường trọn bộ";Tủ;"
Tủ hạ thế 600V-500A-50kA/s
-Vỏ tủ được sản xuất bằng tôn dày 15-2 mm, 1 lớp cánh (được đặt trong khoang tủ hạ thế trạm trụ), có ngăn chống tổn thất, Sơn tĩnh điện màu ghi sáng loại trong nhà, cấp bảo vệ IP44 - Thiết bị đóng cắt: 01 MCCB 3P-500A-50kA/s, 02 MCCB 3P-320A-36kA/s, 02 MCCB 3P-100A-25kA/s, 02 MCCB 3P-50A-18kA/s Dàn thanh cái tổng 2MT50x5 -  Lắp thiết bị đo lường";61779091;: 405/2025/294/CTTĐG-VNVIC;15/12/2025;…;Bùi Thị Trà Giang
697;;"Tủ tụ bù hạ thế 90kVAR
Vỏ tủ sơn tĩnh điện, bằng tôn dày 15-2 mm, 1 lớp cánh( được đặt trong khoang tủ hạ thế trạm trụ)
 - Thiết bị đóng cắt: 01 MCCB 3P-160A-25kA/s; 3 MCCB 3P- 65A; 3 CONTACTOR 3P-65A, 3 tụ bù 415V-30kVAR
 -  Lắp thiết bị đo lường, bộ điều khiển bù tự động 6 cấp";Tủ;"
Tủ tụ bù hạ thế 90kVAR
Vỏ tủ sơn tĩnh điện, bằng tôn dày 15-2 mm, 1 lớp cánh( được đặt trong khoang tủ hạ thế trạm trụ)
 - Thiết bị đóng cắt: 01 MCCB 3P-160A-25kA/s; 3 MCCB 3P- 65A; 3 CONTACTOR 3P-65A, 3 tụ bù 415V-30kVAR
 -  Lắp thiết bị đo lường, bộ điều khiển bù tự động 6 cấp";51933909;: 405/2025/294/CTTĐG-VNVIC;15/12/2025;…;Bùi Thị Trà Giang
698;;Thiết bị đo xa hạ thế bao gồm Modem thu thập số liệu đo đếm điện năng của công tơ từ xa qua mạng GPRS/4G/5G;Bộ;"
Modem thu thập số liệu đo đếm điện năng của công tơ từ xa qua mạng GPRS/4G/5G";3000000;: 405/2025/294/CTTĐG-VNVIC;15/12/2025;…;Bùi Thị Trà Giang
699;;Trụ đỡ MBA bao gồm Khung vỏ tủ C2400*R1400*S1200, sản xuất theo mẫu Tiêu chuẩn, chứa tủ RMU 22kV, tủ hạ thế và đỡ MBA, có ngăn chống tổn thất;Cái;"
Trụ đỡ MBA bao gồm Khung vỏ tủ C2400*R1400*S1200, sản xuất theo mẫu Tiêu chuẩn, chứa tủ RMU 22kV, tủ hạ thế và đỡ MBA, có ngăn chống tổn thất
Vỏ trạm trụ hợp bộ tích hợp trung - hạ thế và đỡ MBA 320kVA 22/04kV :
 + Kích thước thân trụ: C2400xR1400xS1200mm
 + Thân trụ thép dày: 5mm                               
 + Mặt nóc và đáy trụ thép dày: 12mm
 + Cánh trụ tôn dày: 2mm 
 + Tủ hạ thế lắp rời thân trụ dễ dàn thay thế, bảo hành
- Trụ được được sơn tĩnh điện màu RAL-7032, sơn bóng ngoài nhà
";120000000;: 405/2025/294/CTTĐG-VNVIC;15/12/2025;…;Bùi Thị Trà Giang
700;;Điều hòa cục bộ dàn lạnh treo tường CSL: 21000 Btu/h;Bộ;"Panasonic CU/CS-N24ZKH-8
Điều Hòa Treo Tường Panasonic CU/CS-N24ZKH-8 tiêu chuẩn 
- 1 chiều tiêu chuẩn, ga R32 
- Công suất làm lạnh: 22,500BTU 
- Công suất điện: 2,080W 
Thông số dàn lạnh CS-N24ZKH-8 
- Khử ẩm: 3791/h 
- Lưu lượng gió: 215m3/ph 
- Độ ồn: 48/40dBA 
- Kích thước: 302x1,102x244mm 
- Khối lượng: 12kg 
Thông số dàn nóng CU-N24ZKH-8 
- Độ ồn: 54dBA 
- Kích thước: 619x824x299mm 
- Khối lượng: 42kg 
- Đường ống lỏng / hơi: 0635mm/Ø1588mm 
- Các tính năng chính: công nghệ lọc khí Nanoe Technology, Nanoe-G, Big Flap 
* Sản xuất tại Indonesia";21700000;: 405/2025/294/CTTĐG-VNVIC;15/12/2025;…;Bùi Thị Trà Giang
701;;Điều hòa cục bộ dàn lạnh treo tường CSL: 18000 Btu/h;Bộ;"Panasonic CU/CS-N18VKH-8
Điều Hòa Treo Tường Panasonic CU/CS-N18VKH-8 tiêu chuẩn 
-1 chiều tiêu chuẩn, ga R32 
-Công suất làm lạnh: 18,000BTU 
-Công suất điện: 1,600W 
Thông số dàn lạnh CS-N18VKH-8 
-Khử ẩm: 291/h 
-Lưu lượng gió: 194m3/ph 
-Độ ồn: 44/36dBA 
-Kích thước: 302x1,102x244mm 
-Khối lượng: 12kg 
Thông số dàn nóng CU-N18VKH-8 
-Độ ồn: 52dBA 
-Kích thước: 619x824x299xmm 
-Khối lượng: 36kg 
-Đường ống lỏng / hơi: 0635mm/Ø127mm 
Các tính năng chính: công nghệ lọc khí Nanoe Technology, Nanoe-G, Big Flap";15500000;: 405/2025/294/CTTĐG-VNVIC;15/12/2025;…;Bùi Thị Trà Giang
702;;Quạt gắn tường, hút mùi vệ sinh lưu lượng: 150 (m3/h);Cái;"Panasonic FV-15EGS2
Điện áp : 220 V/50 Hz
Công suất : 62 W
Lưu lượng gió : 150 m3/h
Kích thước chừa lỗ vuông : 16,5 cm";732550;: 405/2025/294/CTTĐG-VNVIC;15/12/2025;…;Bùi Thị Trà Giang
703;;Quạt gắn tường, hút mùi vệ sinh lưu lượng: 600 (m3/h);Cái;"FV-20AU1
Thương hiệu        Panasonic
Mã sản phẩm        FV-20AU9, FV-20AU1
Loại        Quạt hút, Quạt hút âm tường, Quạt hút gắn tường, Quạt hút mùi, Quạt hút mùi nhà vệ sinh, Quạt hút nhà vệ sinh, Quạt hút Panasonic, Quạt hút thông gió, Quạt hút thông gió Panasonic, Quạt thông gió, Quạt thông gió Panasonic
Công suất        18W
Cấp độ gió        1 cấp độ
Điện áp        220V
Màu sắc        Màu trắng
Chất liệu        Nhựa cao cấp
Số cánh quạt        5 cánh
Lưu lượng gió        590 (m³/giờ)
Tốc độ quay RPM        1245 (vòng/phút)
Loại quạt hút        Quạt hút gắn tường Panasonic, Quạt hút mùi nhà bếp Panasonic, Quạt hút mùi nhà vệ sinh Panasonic, Quạt hút mùi Panasonic
Số chiều        1 chiều
Độ ồn        36 (dB), 38 (dB)
Kích thước chừa lỗ vuông        25 cm
Ống dẫn        Không
Màng che        Không
Loại Mô-tơ        Dây đồng 100%, Động cơ AC
Tần số        50Hz
Khối lượng        2kg
Điều khiển từ xa        Không
Chế độ hẹn giờ        Không
Xuất xứ        Việt Nam";570000;: 405/2025/294/CTTĐG-VNVIC;15/12/2025;…;Bùi Thị Trà Giang
704;;Quạt gắn tường, hút mùi vệ sinh lưu lượng: 700 (m3/h);Cái;"FV-30RL1
Thương hiệu        Panasonic
Mã sản phẩm        FV-30RL6, FV-30RL1
Loại        Quạt hút, Quạt hút 2 chiều, Quạt hút âm tường, Quạt hút gắn tường, Quạt hút mùi, Quạt hút mùi nhà vệ sinh, Quạt hút nhà vệ sinh, Quạt hút Panasonic, Quạt hút thông gió, Quạt hút thông gió Panasonic, Quạt thông gió, Quạt thông gió 2 chiều, Quạt thông gió Panasonic
Công suất        275/18W
Cấp độ gió        1 cấp độ
Điện áp        220V
Màu sắc        Màu trắng
Chất liệu        Nhựa cao cấp
Số cánh quạt        5 cánh
Lưu lượng gió        1000/750 (m³/giờ)
Tốc độ quay RPM        890 (vòng/phút)
Loại quạt hút        Quạt hút gắn tường Panasonic, Quạt hút mùi nhà bếp Panasonic, Quạt hút mùi nhà vệ sinh Panasonic, Quạt hút mùi Panasonic, Quạt thông gió 2 chiều Panasonic
Số chiều        2 chiều
Độ ồn        39/42 (dB), 44 (dB)
Kích thước chừa lỗ vuông        35 cm
Ống dẫn        Không
Màng che        Có
Loại Mô-tơ        Dây đồng 100%, Động cơ AC
Tần số        50Hz
Khối lượng        31kg
Điều khiển từ xa        Không
Chế độ hẹn giờ        Không
Xuất xứ        Việt Nam";1618000;: 405/2025/294/CTTĐG-VNVIC;15/12/2025;…;Bùi Thị Trà Giang
705;;Thiết bị điều hòa cục bộ 1 chiều, máy nén biến tần, gas R410A hoặc R32 (Điều hòa cục bộ dàn lạnh treo tường CSL: 24000 Btu/h);Bộ;"Panasonic CU/CS-U24VKH-8 
Điều Hòa Treo Tường Panasonic CU/CS-U24VKH-8 tiêu chuẩn 
- 1 chiều Inverter, ga R32 
- Công suất làm lạnh: 20,500BTU 
- Công suất điện 1,650W 
Thông số dàn lạnh CS-U24VKH-8 
- Khử ẩm: 33l/h 
- Lưu lượng gió: 204m3/ph 
- Độ ồn: 46/36/33dBA 
-Kích thước: 302x1,120x241mm 
Thông số dàn nóng CU-U24VKH-8 
- Độ ồn: 50dBA 
- Kích thước: 619x1,120x241mm 
- Khối lượng: 41kg 
- Đường ống lỏng / hơi: 0635mm/Ø1588mm";29325000;: 405/2025/294/CTTĐG-VNVIC;15/12/2025;…;Bùi Thị Trà Giang
706;;Điều hòa cục bộ dàn lạnh treo tường CSL: 21000 Btu/h;Bộ;"Panasonic CU/CS-N24ZKH-8
Điều Hòa Treo Tường Panasonic CU/CS-N24ZKH-8 tiêu chuẩn 
- 1 chiều tiêu chuẩn, ga R32 
- Công suất làm lạnh: 22,500BTU 
- Công suất điện: 2,080W 
Thông số dàn lạnh CS-N24ZKH-8 
- Khử ẩm: 3791/h 
- Lưu lượng gió: 215m3/ph 
- Độ ồn: 48/40dBA 
- Kích thước: 302x1,102x244mm 
- Khối lượng: 12kg 
Thông số dàn nóng CU-N24ZKH-8 
- Độ ồn: 54dBA 
- Kích thước: 619x824x299mm 
- Khối lượng: 42kg 
- Đường ống lỏng / hơi: 0635mm/Ø1588mm 
- Các tính năng chính: công nghệ lọc khí Nanoe Technology, Nanoe-G, Big Flap 
* Sản xuất tại Indonesia";21700000;: 405/2025/294/CTTĐG-VNVIC;15/12/2025;…;Bùi Thị Trà Giang
707;;Quạt gắn tường, hút mùi vệ sinh lưu lượng: 150 (m3/h);Cái;"Panasonic FV-15EGS2
Điện áp : 220 V/50 Hz
Công suất : 62 W
Lưu lượng gió : 150 m3/h
Kích thước chừa lỗ vuông : 16,5 cm";732550;: 405/2025/294/CTTĐG-VNVIC;15/12/2025;…;Bùi Thị Trà Giang
708;;Quạt gắn tường, hút mùi vệ sinh lưu lượng: 600 (m3/h);Cái;"FV-20AU1
Thương hiệu        Panasonic
Mã sản phẩm        FV-20AU9, FV-20AU1
Loại        Quạt hút, Quạt hút âm tường, Quạt hút gắn tường, Quạt hút mùi, Quạt hút mùi nhà vệ sinh, Quạt hút nhà vệ sinh, Quạt hút Panasonic, Quạt hút thông gió, Quạt hút thông gió Panasonic, Quạt thông gió, Quạt thông gió Panasonic
Công suất        18W
Cấp độ gió        1 cấp độ
Điện áp        220V
Màu sắc        Màu trắng
Chất liệu        Nhựa cao cấp
Số cánh quạt        5 cánh
Lưu lượng gió        590 (m³/giờ)
Tốc độ quay RPM        1245 (vòng/phút)
Loại quạt hút        Quạt hút gắn tường Panasonic, Quạt hút mùi nhà bếp Panasonic, Quạt hút mùi nhà vệ sinh Panasonic, Quạt hút mùi Panasonic
Số chiều        1 chiều
Độ ồn        36 (dB), 38 (dB)
Kích thước chừa lỗ vuông        25 cm
Ống dẫn        Không
Màng che        Không
Loại Mô-tơ        Dây đồng 100%, Động cơ AC
Tần số        50Hz
Khối lượng        2kg
Điều khiển từ xa        Không
Chế độ hẹn giờ        Không
Xuất xứ        Việt Nam";570000;: 405/2025/294/CTTĐG-VNVIC;15/12/2025;…;Bùi Thị Trà Giang
709;;Quạt gắn tường, hút mùi vệ sinh lưu lượng: 700 (m3/h);Cái;"FV-30RL1
Thương hiệu        Panasonic
Mã sản phẩm        FV-30RL6, FV-30RL1
Loại        Quạt hút, Quạt hút 2 chiều, Quạt hút âm tường, Quạt hút gắn tường, Quạt hút mùi, Quạt hút mùi nhà vệ sinh, Quạt hút nhà vệ sinh, Quạt hút Panasonic, Quạt hút thông gió, Quạt hút thông gió Panasonic, Quạt thông gió, Quạt thông gió 2 chiều, Quạt thông gió Panasonic
Công suất        275/18W
Cấp độ gió        1 cấp độ
Điện áp        220V
Màu sắc        Màu trắng
Chất liệu        Nhựa cao cấp
Số cánh quạt        5 cánh
Lưu lượng gió        1000/750 (m³/giờ)
Tốc độ quay RPM        890 (vòng/phút)
Loại quạt hút        Quạt hút gắn tường Panasonic, Quạt hút mùi nhà bếp Panasonic, Quạt hút mùi nhà vệ sinh Panasonic, Quạt hút mùi Panasonic, Quạt thông gió 2 chiều Panasonic
Số chiều        2 chiều
Độ ồn        39/42 (dB), 44 (dB)
Kích thước chừa lỗ vuông        35 cm
Ống dẫn        Không
Màng che        Có
Loại Mô-tơ        Dây đồng 100%, Động cơ AC
Tần số        50Hz
Khối lượng        31kg
Điều khiển từ xa        Không
Chế độ hẹn giờ        Không
Xuất xứ        Việt Nam";1618000;: 405/2025/294/CTTĐG-VNVIC;15/12/2025;…;Bùi Thị Trà Giang
710;;Quạt thông gió khu vệ sinh;Cái;" Vinawind QTG-250 PN
""Công suất: 33W
Điện áp: 220V/50Hz
Đường kính sải cánh: 250mm
Kích thước để lỗ: 300x300mm""";360000;: 405/2025/294/CTTĐG-VNVIC;15/12/2025;…;Bùi Thị Trà Giang
711;;"Thiết bị điều hòa cục bộ 1 chiều, máy nén biến tần, gas R410A hoặc R32:
Điều hòa cục bộ tủ đứng (cục bộ) CSL: 45000 Btu/h ( Kèm bộ điều khiển gắn tường)";Bộ;"FVA125AMVM-RZF125CVM/ Daikin
*Tên model:-Dàn nóng:FVA125AMVM
           -Dàn lạnh:RZF125CVM
*Nguồn điện:Dàn nóng-1 Pha, 220-240V, 50Hz 
*Công suất làm lạnh
*Chỉ số(Tối thiểu-Tối đa)-kW: 125(57-140) 
                        -Btu/h: 42,700(19,500-47,800) 
*Điện năng tiêu thụ-Làm lạnh 448kW 
 -COP : 279 W/W
 -CSPF: 467 Wh/Wh
*Dàn lạnh-Màu sắc:Trắng sáng 
 -Lưu lượng gió(C/TB/T)28/26/24 - 988/918/847(cfm)
 -Độ ồn ( C/TB/T) : 51/48/46dB(A) 
 -Kích thước (C x R x D):1,850*600*350mm 
 -Trọng lượng máy: 50kg 
 -Giới hạn hoạt động:14 to 25CWB 
 *Dàn nóng- Màu sắc:Trắng ngà 
 -Dàn trao đổi nhiệt Loại: Micro channel 
 -Máy nén Loại:Máy nén Swing dạng kín 
 -Công suất: 	 240 kW
 -Nạp sẵn ga (R32):   19kg (Đã nạp cho 30m) 
 -Độ ồn :+Làm lạnh:    52dB(A) 
         +Chế độ ban đêm:45dB(A) 
 -Kích thước (C x R x D): 990*940*320 mm 
 -Trọng lượng : 64kg 
 -Giới hạn hoạt động: 	 21 to 46 CDB 
 *Ống nối: +Lỏng (Loe):   Ø95mm 
          +Hơi (Loe) :   Ø159 mm
          +Nước xả:+Dàn lạnh:VP20 (IDØ20*ODØ26)mm 
                   +Dàn nóng:Ø260 (Lỗ) mm
*Ống đồng điều hòa dài tối đa:       50m (Chiều dài tương đương 70)m 
*Độ cao chênh lệch đường ống tối đa :30 m";50954545;: 405/2025/294/CTTĐG-VNVIC;15/12/2025;…;Bùi Thị Trà Giang
712;;Điều hòa cục bộ dàn lạnh treo tường CSL: 18000 Btu/h;Bộ;"Panasonic CU/CS-N18VKH-8
Điều Hòa Treo Tường Panasonic CU/CS-N18VKH-8 tiêu chuẩn 
-1 chiều tiêu chuẩn, ga R32 
-Công suất làm lạnh: 18,000BTU 
-Công suất điện: 1,600W 
Thông số dàn lạnh CS-N18VKH-8 
-Khử ẩm: 291/h 
-Lưu lượng gió: 194m3/ph 
-Độ ồn: 44/36dBA 
-Kích thước: 302x1,102x244mm 
-Khối lượng: 12kg 
Thông số dàn nóng CU-N18VKH-8 
-Độ ồn: 52dBA 
-Kích thước: 619x824x299xmm 
-Khối lượng: 36kg 
-Đường ống lỏng / hơi: 0635mm/Ø127mm 
Các tính năng chính: công nghệ lọc khí Nanoe Technology, Nanoe-G, Big Flap";15500000;: 405/2025/294/CTTĐG-VNVIC;15/12/2025;…;Bùi Thị Trà Giang
713;;Quạt gắn tường, cấp gió lưu lượng: 100 (m3/h);Cái;"FV-10EGD2

 Mã sản phẩm         FV-10EGD2
 Chiều gió         1 chiều
 Công suất định mức (W)         41W
 Lưu lượng gió (m³/h)         82CMH
 Độ ồn         34dB
 Kích thước lắp đặt         Lỗ trần: Ф13 ~ 14cm
Lỗ tường: Ф12 ~ 13cm Chiều sâu khoét lỗ: 9cm
 Tần số         50 – 60Hz
 Tính năng         tự động tắt khi quạt nóng
 Thương hiệu         Panasonic
 Sản xuất         Việt Nam
 Bảo Hành         12 tháng";456000;: 405/2025/294/CTTĐG-VNVIC;15/12/2025;…;Bùi Thị Trà Giang
714;;Quạt gắn tường, cấp gió lưu lượng: 200 (m3/h);Cái;"Panasonic FV‑24CH9
Điện áp: 220V
Công Suất Định Mức (W): 165 w
Lưu lượng gió (CMH): 200 m3/h
Độ ồn (DB): 32 db
Kích thước chừa lỗ vuông (cm): 24 x 24 cm
Trọng lượng: 27 kg";2656500;: 405/2025/294/CTTĐG-VNVIC;15/12/2025;…;Bùi Thị Trà Giang
715;;Quạt gắn tường, cấp gió lưu lượng: 250 (m3/h);Cái;"FV-15AUL1
Thương hiệu        Panasonic
Mã sản phẩm        FV-15AUL, FV-15AUL1
Loại        Quạt hút, Quạt hút âm tường, Quạt hút gắn tường, Quạt hút mùi, Quạt hút mùi nhà vệ sinh, Quạt hút nhà vệ sinh, Quạt hút Panasonic, Quạt hút thông gió, Quạt hút thông gió Panasonic, Quạt thông gió, Quạt thông gió Panasonic
Công suất        125W
Cấp độ gió        1 cấp độ
Điện áp        220V
Màu sắc        Màu trắng
Chất liệu        Nhựa cao cấp
Số cánh quạt        4 cánh, 5 cánh
Lưu lượng gió        255 m³/giờ
Tốc độ quay RPM        1450 (vòng/phút)
Loại quạt hút        Quạt hút gắn tường Panasonic, Quạt hút mùi nhà bếp Panasonic, Quạt hút mùi nhà vệ sinh Panasonic, Quạt hút mùi Panasonic
Số chiều        1 chiều
Độ ồn        36 (dB)
Kích thước chừa lỗ vuông        20 cm
Ống dẫn        Không
Màng che        Có
Loại Mô-tơ        Dây đồng 100%, Động cơ AC
Tần số        50Hz
Khối lượng        12kg
Điều khiển từ xa        Không
Chế độ hẹn giờ        Không
Xuất xứ        Việt Nam";697000;: 405/2025/294/CTTĐG-VNVIC;15/12/2025;…;Bùi Thị Trà Giang
716;;Quạt gắn tường, hút thải lưu lượng: 400 (m3/h);Cái;"FV-20RL1

Thương hiệu        Panasonic
Mã sản phẩm        FV-20RL7, FV-20RL1
Loại        Quạt hút, Quạt hút 2 chiều, Quạt hút âm tường, Quạt hút gắn tường, Quạt hút mùi, Quạt hút mùi nhà vệ sinh, Quạt hút nhà vệ sinh, Quạt hút Panasonic, Quạt hút thông gió, Quạt hút thông gió Panasonic, Quạt thông gió, Quạt thông gió 2 chiều, Quạt thông gió Panasonic
Công suất        17/125W
Cấp độ gió        1 cấp độ
Điện áp        220V
Màu sắc        Màu trắng
Chất liệu        Nhựa cao cấp
Số cánh quạt        5 cánh
Lưu lượng gió        550/430 (m³/giờ)
Tốc độ quay RPM        1275 (vòng/phút)
Loại quạt hút        Quạt hút gắn tường Panasonic, Quạt hút mùi nhà bếp Panasonic, Quạt hút mùi nhà vệ sinh Panasonic, Quạt hút mùi Panasonic, Quạt thông gió 2 chiều Panasonic
Số chiều        2 chiều
Độ ồn        38/45 (dB)
Kích thước chừa lỗ vuông        25 cm
Ống dẫn        Không
Màng che        Có
Loại Mô-tơ        Dây đồng 100%, Động cơ AC
Tần số        50Hz
Khối lượng        24kg
Điều khiển từ xa        Không
Chế độ hẹn giờ        Không
Xuất xứ        Việt Nam";1129000;: 405/2025/294/CTTĐG-VNVIC;15/12/2025;…;Bùi Thị Trà Giang
717;;Quạt gắn tường, hút mùi vệ sinh lưu lượng: 350 (m3/h);Cái;"NMV2523
Thương hiệu        Nanoco
Mã sản phẩm        NMV2523
Công suất        24W
Cấp độ gió        1 cấp độ
Điện áp        220V
Tần số        50Hz
Màu sắc        Màu trắng
Chất liệu        Nhựa cao cấp
Số cánh quạt        6 cánh
Lưu lượng gió        400 (m³/giờ)
Số chiều        1 chiều
Độ ồn        <50 dBA
Kích thước chừa lỗ vuông        25 cm (250 x 250 mm)
Ống dẫn        Không
Màng che        Có
Loại Mô-tơ        Dây đồng 100%, Động cơ AC
Khối lượng        Nhẹ
Đóng gói        1 cái/thùng
Bảo hành        12 tháng";282000;: 405/2025/294/CTTĐG-VNVIC;15/12/2025;…;Bùi Thị Trà Giang
718;;Điều hòa cục bộ dàn lạnh treo tường CSL: 9000 Btu/h;Bộ;" Panasonic CU/CS-Z9VKH-8
Điều Hòa Treo Tường Panasonic CU/CS-Z9VKH-8 cao cấp 
- Lọc khí NanoeG, làm lạnh Shower Cooling, cảnh đảo gió AEROWING, công nghệ tăng cường nhiệt P-Tech 
- 2 Chiều Inverter, R32 
- Công suất làm lạnh / sưởi: 8,530BTU / 10,900BTU 
Thông số dàn lạnh CS-Z9VKH-8 
- Khử ẩm: 15 lít/giờ 
- Lưu lượng gió dàn lạnh: 106m3/ph 
- Độ ồn dàn lạnh: 40/28/25dBA 
- Kích thước: 295x919x199mm 
- Khối lượng: 10kg 
Thông số dàn nóng CU-Z9VKH-8 
- Độ ồn dàn nóng: 47dBA 
- Kích thước: 542x780x289mm 
- Khối lượng: 32kg 
- Đường ống Lỏng/Ga: 0635mm/Ø952mm 
- Chiều dài ống tiêu chuẩn / tối đa: 75m / 20m 
- Chênh lệch độ cao tối đa: 15m";15224850;: 405/2025/294/CTTĐG-VNVIC;15/12/2025;…;Bùi Thị Trà Giang
719;;Quạt gắn tường, hút thải lưu lượng: 200 m3/h;cái;"Panasonic FV‑24CH9
Điện áp: 220V
Công Suất Định Mức (W): 165 w
Lưu lượng gió (CMH): 200 m3/h
Độ ồn (DB): 32 db
Kích thước chừa lỗ vuông (cm): 24 x 24 cm
Trọng lượng: 27 kg";2656500;: 405/2025/294/CTTĐG-VNVIC;15/12/2025;…;Bùi Thị Trà Giang
720;;Quạt gắn tường, hút thải lưu lượng: 300 m3/h;cái;"NMV2023

Thương hiệu        Nanoco
Mã sản phẩm        NMV2023
Loại        Quạt hút, Quạt hút âm tường, Quạt hút gắn tường, Quạt hút mùi, Quạt hút mùi nhà vệ sinh, Quạt hút nhà vệ sinh, Quạt hút thông gió, Quạt thông gió
Công suất        20W
Cấp độ gió        1 cấp độ
Điện áp        220V
Màu sắc        Màu trắng
Chất liệu        Nhựa cao cấp
Số cánh quạt        6 cánh
Lưu lượng gió        265 m³/giờ
Diện tích sử dụng        34m²
Tốc độ quay RPM        1450 (vòng/phút)
Loại quạt hút        Quạt hút âm trần Nanoco, Quạt hút âm tường Nanoco
Số chiều        1 chiều
Độ ồn        <50 dBA
Kích thước chừa lỗ vuông        20 cm
Ống dẫn        Có
Đường kính ống dẫn        140mm
Màng che        Có
Loại Mô-tơ        Dây đồng 100%, Động cơ AC
Tần số        50Hz
Khối lượng        12kg
Điều khiển từ xa        Không
Chế độ hẹn giờ        Không
Đường kính cánh        N/A
Đóng gói        1 cái/thùng
Bảo hành        12 tháng
Xuất xứ        Việt Nam";248000;: 405/2025/294/CTTĐG-VNVIC;15/12/2025;…;Bùi Thị Trà Giang
721;;"Kim thu sét tia tiên đạo bảo vệ cấp IV, RP = 85m, 
Kim thu sét chủ động ESE 
Chất liệu thép không gỉ AISI 316
Thời gian phát tia tiên đạo 34 micro;s 
Bán kính bảo vệ (Hgt;5) cấp độ I 54 mét
Bán kính bảo vệ (Hgt;5) cấp độ II 63 mét
Bán kính bảo vệ (Hgt;5) cấp độ III 74 mét
Bán kính bảo vệ (Hgt;5) cấp độ IV 85 mét
Tiêu chuẩn NP 4426, UNE 21186, NFC 17102";cái;"Kim thu sét Ingesco PDC 43
Kim thu sét tia tiên đạo bảo vệ cấp IV, RP = 85m, 
Kim thu sét chủ động ESE 
Chất liệu thép không gỉ AISI 316
Thời gian phát tia tiên đạo 34 micro;s 
Bán kính bảo vệ (Hgt;5) cấp độ I 54 mét
Bán kính bảo vệ (Hgt;5) cấp độ II 63 mét
Bán kính bảo vệ (Hgt;5) cấp độ III 74 mét
Bán kính bảo vệ (Hgt;5) cấp độ IV 85 mét
Tiêu chuẩn NP 4426, UNE 21186, NFC 17102";14950000;405/2025/252/CTTĐG-VNVIC;16/12/2025;…;Bùi Thị Trà Giang
722;;"Máy bơm sinh hoạt động cơ điện loại Q=9M3 h=15m
 Giới hạn làm việc bơm Pentax CAB
 Nhiệt độ nước: từ 0 - 50°C
 Áp suất làm việc: Lên tới 8 bar
 Lớp cách điện: F
 Cấp bảo vệ chống bụi, chống thấm nước: IP44
 Cấu tạo bơm
 Đầu bơm: Chế tạo bằng gang
 Vỏ Motor: Làm bằng gang
 Cánh bơm: Làm bằng nhựa hoặc đồng
 Trục bơm: Làm bằng Inox AISI 303
 Phớt bơm: Là loại gốm - Graphite";cái;"
""Model: CABT300
- Lưu lượng: 12 - 84(m3/h)
- Cột áp: 620 - 320 (mh20 )
- Chất bơm: Nước sạch
- Nhiệt độ chất bơm max: 90oC
- Cổng hút/xả: 40-25(mm)
Vật liệu:
- Buồng bơm: Gang
- Cánh bơm: Đồng
- Trục : Inox
- Phớt : Ceramic/NBR/Carbon
Động cơ :
- 3HP/3pha/380V-50Hz/IP44/F
- Xuất xứ: Italy";14493600;405/2025/252/CTTĐG-VNVIC;16/12/2025;…;Bùi Thị Trà Giang
723;;"""Cảm biến mực nước
Loại phát hiện : Loại thu phát
Ống áp dụng : Sử dụng dải buộc: Ø6 đến 13mm,
Sử dụng khung bảo vệ: ống 127mm (1/2 inch) trong suốt có độ dày 1mm (FEP (fluoroplastic) hoặc có độ trong suốt tương đương)
Khoảng cách phát hiện tiêu chuẩn : Chất lỏng trong ống
Nguồn sáng : LED hồng ngoại(950nm)
Thời gian đáp ứng : Max 2ms
Nguồn cấp : 12-24VDC ±10%(sóng P-P: max 10%)
Chế độ hoạt động : Light ON/Dark ON(cài đặt bằng nút)
Ngõ ra điều khiển : NPN mạch thu hở""
";cái;"
Loại phát hiện : Loại thu phát
Ống áp dụng : Sử dụng dải buộc: Ø6 đến 13mm,
Sử dụng khung bảo vệ: ống 127mm (1/2 inch) trong suốt có độ dày 1mm (FEP (fluoroplastic) hoặc có độ trong suốt tương đương)
Khoảng cách phát hiện tiêu chuẩn : Chất lỏng trong ống
Nguồn sáng : LED hồng ngoại(950nm)
Thời gian đáp ứng : Max 2ms
Nguồn cấp : 12-24VDC ±10%(sóng P-P: max 10%)
Chế độ hoạt động : Light ON/Dark ON(cài đặt bằng nút)
Ngõ ra điều khiển : NPN mạch thu hở";1420949;405/2025/252/CTTĐG-VNVIC;16/12/2025;…;Bùi Thị Trà Giang
724;;"Thang tời thực phẩm (thông số kỹ thuật chi tiết trong thiết kế)
I Đặc tính chung
1 Loại thang: Thang máy tải hàng có đối trọng
2 Tải trọng: 200kg 
3 Số lượng :01 bộ 
4 Tốc độ:12m/ phút
5 Số điểm dừng: 02
6 Cửa chuyển hàng: 02
7 Nguồn điện cung cấp: 220V-1pha / 50Hz/  hoặc 380V-3pha / 50Hz/  
8 Vị trí phòng máy :Trên cùng
10 Hành trình: Theo thực tế
11Điều khiển: Vi xử lý, biến tần
12 Nguồn điện chính : 220V-1pha / 50Hz/  hoặc 380V-3pha / 50Hz/  
13 Nguồn điện chiếu sang: 1 phase 220V – 50Hz
14 đối trọng : Đối trọng nằm sau 
II Máy kéo: Động Cơ Mitsubishi Thái Lan có CO&CQ 
1 Công Suất: 22Kw, 3 pha 380V
III Hệ thống điện (Tủ điều khiển):
3 Tủ điều khiển: Vỏ tủ bằng thép phủ sơn  02 cánh cửa mở ra 2 bên 
Điều khiển thang máy bằng hệ thống rơle
Kết nối Biến tần Fuji, xuất xứ Nhật Bản
Đảm bảo thang máy chạy êm ái ổn định, phù hợp với việc chuyên chở hàng hoá
Tự động dừng tầng
2 Bảng điều khiển và tín hiệu hiển thị:
Tại mỗi tầng đều có bảng điều khiển bao gồm các nút nhấn gọi tầng: Nút nhấn có số đèn nhớ ánh sáng đỏ , nút nhấn dùng cho thang máy 
Hiển thị: - Đèn hiển thị vị trí Cabin báo số 
  - Đèn hiển thị chiều Cabin lên xuống
Tiêu chuẩn thang hàng
Chuông báo dừng tầng
- Có công tắc (OFF) tại tầng chính cắt toàn bộ nguồn thang máy
 3 Chuông cảnh báo
Chuông báo khi thang dừng tầng 
Báo quá tải : Cài đặt trong biến tần
IV Thông số hố thang
1 Kích thước: rộng 1250mm, sâu 1250mm, cao 1500mm
2 Thang có đối trọng hố pit sâu 1100mm
3 Thang không đối trọng:
- Hố Pit: 600mm
- Chiều cao OH: 3600mm
4 Hành trình: Theo thực tế
V Cabin: Chế tạo bằng vật liệu inox 201 Độ dầy vật liệu 1 mm Mẫu mã đẹp, sang trọng sạch sẽ dễ dàng vệ sinh, chuyên chở hàng hoá Tiêu chuẩn thang hàng
1Kích thước Cabin : (R x S x C) 850mm (Rộng) x 900mm (Sâu) x 1500mm (Cao) - đảm bảo vận chuyển xe chở hàng (RxSxC): 700x800x1200mm
2Vách Cabin: Inox sọc nhuyễn 201 Độ dầy vật liệu 1 mm
3Sàn Cabin: Inox sọc nhuyễn 201 Độ dầy vật liệu 2mm
4Trần Cabin: Inox sọc nhuyễn 201 Độ dầy vật liệu  1 mm
5 Cửa Cabin: Không 
6 Khung Cabin: Thép hình
VI Cửa tầng: 
1 Loại:
Cửa mở bằng tay: Cửa Inox, Cửa 01cánh mở lên phía trên
2 Vật liệu: Inox sọc nhuyễn 201 Độ dầy vật liệu 1 mm
VII Các bộ phận khác:
1 Ray Cabin: Ray 5K chuyên dụng dành cho thang máy
2 Ray Đối trọng: Ray 5K chuyên dụng dành cho thang máy
3 Cáp tải : 2 sợi cáp lụa ø 10 mm lõi bố tẩm dầu chuyên dụng cho thang máy
 tỷ lệ truyền: 2:1
VIII Trang thiết bị an toàn khác:
Hệ thống an toàn cửa chỉ cho phép thang máy hoạt động khi đóng cửa kín đảm bảo an toàn khi vận hành
Bảo vệ mất pha
Bảo vệ chống vượt tầng bằng swicth giới hạn chiều
Bảo vệ chống rung lắc khi thang máy vận hành (cao su giảm chấn-loại cao su mềm)
4 Các chi tiết khác: khung Cabin, đối trọng, Sắt xi giá máy, Bracket bắt rail Cabin và đối trọng, Que hàn, dầu mỡ, …";Cái;"
Thang tời thực phẩm (thông số kỹ thuật chi tiết trong thiết kế)
I Đặc tính chung
1 Loại thang: Thang máy tải hàng có đối trọng
2 Tải trọng: 200kg 
3 Số lượng :01 bộ 
4 Tốc độ:12m/ phút
5 Số điểm dừng: 02
6 Cửa chuyển hàng: 02
7 Nguồn điện cung cấp: 220V-1pha / 50Hz/  hoặc 380V-3pha / 50Hz/  
8 Vị trí phòng máy :Trên cùng
10 Hành trình: Theo thực tế
11Điều khiển: Vi xử lý, biến tần
12 Nguồn điện chính : 220V-1pha / 50Hz/  hoặc 380V-3pha / 50Hz/  
13 Nguồn điện chiếu sang: 1 phase 220V – 50Hz
14 đối trọng : Đối trọng nằm sau 
II Máy kéo: Động Cơ Mitsubishi Thái Lan có CO&CQ 
1 Công Suất: 22Kw, 3 pha 380V
III Hệ thống điện (Tủ điều khiển):
3 Tủ điều khiển: Vỏ tủ bằng thép phủ sơn  02 cánh cửa mở ra 2 bên 
Điều khiển thang máy bằng hệ thống rơle
Kết nối Biến tần Fuji, xuất xứ Nhật Bản
Đảm bảo thang máy chạy êm ái ổn định, phù hợp với việc chuyên chở hàng hoá
Tự động dừng tầng
2 Bảng điều khiển và tín hiệu hiển thị:
Tại mỗi tầng đều có bảng điều khiển bao gồm các nút nhấn gọi tầng: Nút nhấn có số đèn nhớ ánh sáng đỏ , nút nhấn dùng cho thang máy 
Hiển thị: - Đèn hiển thị vị trí Cabin báo số 
  - Đèn hiển thị chiều Cabin lên xuống
Tiêu chuẩn thang hàng
Chuông báo dừng tầng
- Có công tắc (OFF) tại tầng chính cắt toàn bộ nguồn thang máy
 3 Chuông cảnh báo
Chuông báo khi thang dừng tầng 
Báo quá tải : Cài đặt trong biến tần
IV Thông số hố thang
1 Kích thước: rộng 1250mm, sâu 1250mm, cao 1500mm
2 Thang có đối trọng hố pit sâu 1100mm
3 Thang không đối trọng:
- Hố Pit: 600mm
- Chiều cao OH: 3600mm
4 Hành trình: Theo thực tế
V Cabin: Chế tạo bằng vật liệu inox 201 Độ dầy vật liệu 1 mm Mẫu mã đẹp, sang trọng sạch sẽ dễ dàng vệ sinh, chuyên chở hàng hoá Tiêu chuẩn thang hàng
1Kích thước Cabin : (R x S x C) 850mm (Rộng) x 900mm (Sâu) x 1500mm (Cao) - đảm bảo vận chuyển xe chở hàng (RxSxC): 700x800x1200mm
2Vách Cabin: Inox sọc nhuyễn 201 Độ dầy vật liệu 1 mm
3Sàn Cabin: Inox sọc nhuyễn 201 Độ dầy vật liệu 2mm
4Trần Cabin: Inox sọc nhuyễn 201 Độ dầy vật liệu  1 mm
5 Cửa Cabin: Không 
6 Khung Cabin: Thép hình
VI Cửa tầng: 
1 Loại:
Cửa mở bằng tay: Cửa Inox, Cửa 01cánh mở lên phía trên
2 Vật liệu: Inox sọc nhuyễn 201 Độ dầy vật liệu 1 mm
VII Các bộ phận khác:
1 Ray Cabin: Ray 5K chuyên dụng dành cho thang máy
2 Ray Đối trọng: Ray 5K chuyên dụng dành cho thang máy
3 Cáp tải : 2 sợi cáp lụa ø 10 mm lõi bố tẩm dầu chuyên dụng cho thang máy
 tỷ lệ truyền: 2:1
VIII Trang thiết bị an toàn khác:
Hệ thống an toàn cửa chỉ cho phép thang máy hoạt động khi đóng cửa kín đảm bảo an toàn khi vận hành
Bảo vệ mất pha
Bảo vệ chống vượt tầng bằng swicth giới hạn chiều
Bảo vệ chống rung lắc khi thang máy vận hành (cao su giảm chấn-loại cao su mềm)
4 Các chi tiết khác: khung Cabin, đối trọng, Sắt xi giá máy, Bracket bắt rail Cabin và đối trọng, Que hàn, dầu mỡ, …";125000000;405/2025/252/CTTĐG-VNVIC;16/12/2025;…;Bùi Thị Trà Giang
725;;"Điều hòa 9000 BTU, 1 chiều Inverter
Công suất lạnh : 9000 Btu/h
Điện nguồn: 220-240V/1P/50Hz
Công suất tiêu thụ: 980W
Lưu lượng gió dàn lạnh: 540/420/370 m3/h
Loại môi chất (Ga lạnh) R32";máy;"FTF25XAV1V/
RF25XAV1V
Điều hòa treo tường 9000 Btu/h 1 chiều (1A)
Công suất lạnh: 9000 (±5%) Btu/h
Điện nguồn: 220-230 V/1 P/50 Hz
Điện năng tiêu thụ ≤ 900 W
Độ ồn hoạt động dàn lạnh ≤ 47 dB(A) 
Độ ồn hoạt động dàn nóng ≤ 55 dB(A)  
Loại môi chất (Ga lạnh) R410a/R32
Bộ điều khiển từ xa: Loại không dây";7400000;405/2025/252/CTTĐG-VNVIC;16/12/2025;…;Bùi Thị Trà Giang
726;;"Điều hòa 12000 BTU, 1 chiều Inverter
Công suất lạnh : 12000 Btu/h
Điện nguồn: 220-240V/1P/50Hz
Công suất tiêu thụ: 1210W
Lưu lượng gió: 600/500/400 m3/h
Loại môi chất (Ga lạnh) R32";máy;"ATF35UV1V
Thương hiệu Daikin
Mã sản phẩm ATF35UV1V
Công suất làm lạnh: ≤ 12000 BTU
Phạm vi hiệu quả: 15 - 20m2
Tiện ích: Lọc không khí
Hoạt động siêu êm
Kiểu máy: Treo tường
Công suất:15HP-12000 BTU
Sử dụng ga: R32
Loại điều hòa: 1 chiều thường
Bảo hành 12 tháng
Xuất xứ Thái Lan";9439500;405/2025/252/CTTĐG-VNVIC;16/12/2025;…;Bùi Thị Trà Giang
727;;"Điều hòa 18000 BTU, 1 chiều Inverter
Công suất lạnh : 18800 Btu/h
Điện nguồn: 220-240V/1P/50Hz
Công suất tiêu thụ: 1720W
Lưu lượng gió: 950/800/700/600 m3/h
Loại môi chất (Ga lạnh) R32

";máy;"FTXV50QVMV/RXV50QVMV
""Loại treo tường, điều khiển từ xa
Model: FTXV50QVMV/RXV50QVMV
Công suất lạnh: 17100 Btu/h (5,0 kW)
Điện áp 1P/220V/50HZ
Mắt thần thông minh tiêu chuẩn (tiết kiệm năng
lượng)
Cánh tản nhiệt xử lý chống ăn mòn
Máy nén loại : Swing dạng kín
-Công suất danh định
Lạnh : 17,100Btu/h
Sưởi : 20,500Btu/h
- CSPF : 635
- Điện năng tiêu thụ ( danh định)
Lạnh : 1,140W
Sưởi : 1,330W
- Độ ồn hoạt động ( dB(A)
Dàn lạnh: lạnh : 45 / 40 / 35 / 28; sưởi 45
/ 39 / 33 / 28
Dàn nóng : lạnh : 47/ 44 ; sưởi 48 / 45
- Xuất xứ: Thái Lan""";21000000;405/2025/252/CTTĐG-VNVIC;16/12/2025;…;Bùi Thị Trà Giang
728;;"Điều hòa 24000 BTU, 2 chiều Inverter
Công suất lạnh : 21500 Btu/h
Điện nguồn: 220-240V/1P/50Hz
Công suất tiêu thụ: 2600W
Lưu lượng gió: 1300/1200/1010/870 m3/h
Loại môi chất (Ga lạnh) R32";máy;"FTHF71VAVMV/RHF71
 VAVMV/ Daikin
Điều hòa cục bộ loại treo tường, hai chiều lạnh /sưởi
* Môi chất lạnh: R32
* Loại Inverter
* Công suất lạnh ≥ 24200 Btu/h 
* Công suất sưởi ≥ 24200 Btu/h
* Độ ồn dàn lạnh: ≤ 46 dB(A)
* Độ ồn dàn nóng: ≤ 52 dB(A)
* Bơm nước ngưng: không
* Biến tần: có
* Có cảm biến độ ẩm bên trong dàn lạnh và chức năng chống ẩm mốc
* Bộ điều khiển từ xa: Loại không dây
* Điện cấp nguồn (V/Ph/Hz): 220/1Ph/50Hz
* Hệ số CSPF ≥ 56
* Điện năng tiêu thụ làm lạnh ≤ 2500 W";36333330;405/2025/252/CTTĐG-VNVIC;16/12/2025;…;Bùi Thị Trà Giang
729;;"Điều hòa 12000 BTU, 1 chiều Inverter
Công suất lạnh : 12000 Btu/h
Điện nguồn: 220-240V/1P/50Hz
Công suất tiêu thụ: 1210W
Lưu lượng gió: 600/500/400 m3/h
Loại môi chất (Ga lạnh) R32";máy;"ATF35UV1V
Thương hiệu Daikin
Mã sản phẩm ATF35UV1V
Công suất làm lạnh: ≤ 12000 BTU
Phạm vi hiệu quả: 15 - 20m2
Tiện ích: Lọc không khí
Hoạt động siêu êm
Kiểu máy: Treo tường
Công suất:15HP-12000 BTU
Sử dụng ga: R32
Loại điều hòa: 1 chiều thường
Bảo hành 12 tháng
Xuất xứ Thái Lan";9439500;405/2025/252/CTTĐG-VNVIC;16/12/2025;…;Bùi Thị Trà Giang
730;;"Điều hòa 24000 BTU, 2 chiều Inverter
Công suất lạnh : 21500 Btu/h
Điện nguồn: 220-240V/1P/50Hz
Công suất tiêu thụ: 2600W
Lưu lượng gió: 1300/1200/1010/870 m3/h
Loại môi chất (Ga lạnh) R32";máy;"FTHF71VAVMV/RHF71
 VAVMV/ Daikin
Điều hòa cục bộ loại treo tường, hai chiều lạnh /sưởi
* Môi chất lạnh: R32
* Loại Inverter
* Công suất lạnh ≥ 24200 Btu/h 
* Công suất sưởi ≥ 24200 Btu/h
* Độ ồn dàn lạnh: ≤ 46 dB(A)
* Độ ồn dàn nóng: ≤ 52 dB(A)
* Bơm nước ngưng: không
* Biến tần: có
* Có cảm biến độ ẩm bên trong dàn lạnh và chức năng chống ẩm mốc
* Bộ điều khiển từ xa: Loại không dây
* Điện cấp nguồn (V/Ph/Hz): 220/1Ph/50Hz
* Hệ số CSPF ≥ 56
* Điện năng tiêu thụ làm lạnh ≤ 2500 W";36333330;405/2025/252/CTTĐG-VNVIC;16/12/2025;…;Bùi Thị Trà Giang
731;;"Điều hòa 24000 BTU, 2 chiều Inverter
Công suất lạnh : 21500 Btu/h
Điện nguồn: 220-240V/1P/50Hz
Công suất tiêu thụ: 2600W
Lưu lượng gió: 1300/1200/1010/870 m3/h
Loại môi chất (Ga lạnh) R32";máy;"FTHF71VAVMV/RHF71
 VAVMV/ Daikin
Điều hòa cục bộ loại treo tường, hai chiều lạnh /sưởi
* Môi chất lạnh: R32
* Loại Inverter
* Công suất lạnh ≥ 24200 Btu/h 
* Công suất sưởi ≥ 24200 Btu/h
* Độ ồn dàn lạnh: ≤ 46 dB(A)
* Độ ồn dàn nóng: ≤ 52 dB(A)
* Bơm nước ngưng: không
* Biến tần: có
* Có cảm biến độ ẩm bên trong dàn lạnh và chức năng chống ẩm mốc
* Bộ điều khiển từ xa: Loại không dây
* Điện cấp nguồn (V/Ph/Hz): 220/1Ph/50Hz
* Hệ số CSPF ≥ 56
* Điện năng tiêu thụ làm lạnh ≤ 2500 W";36333330;405/2025/252/CTTĐG-VNVIC;16/12/2025;…;Bùi Thị Trà Giang
732;;"Camera IP bán cầu trong nhà 
• Cảm biến hình ảnh 1/28"" Progressive CMOS
• Hỗ trợ tính năng ICR
• Độ phân giải 1920x1080:25fps(P)/30fps(N),
• Chuẩn nén hình ảnh H265/H264+&H264
• Tăng cường hình ảnh với 3D DNR, BLC
• Lens kính 4mm, 28mm
• Tầm xa hồng ngoại : đến 30m
• Nguồn cấp DC12V & PoE * Không bao gồm nguồn cấp
• Mặt trước: Kim loại
•Tiêu chuẩn chống bụi nước IP67,";Bộ;"Camera Hikvision DS-2CD1123G0E-I(L) 20fps bán cầu 2MP
Camera IP bán cầu trong nhà 
• Cảm biến hình ảnh 1/28"" Progressive CMOS
• Hỗ trợ tính năng ICR
• Độ phân giải 1920x1080:25fps(P)/30fps(N),
• Chuẩn nén hình ảnh H265/H264+&H264
• Tăng cường hình ảnh với 3D DNR, BLC
• Lens kính 4mm, 28mm
• Tầm xa hồng ngoại : đến 30m
• Nguồn cấp DC12V & PoE * Không bao gồm nguồn cấp
• Mặt trước: Kim loại
•Tiêu chuẩn chống bụi nước IP67,";850000;405/2025/252/CTTĐG-VNVIC;16/12/2025;…;Bùi Thị Trà Giang
733;;"Camera IP thân dài ngoài nhà
• Cảm biến hình ảnh 1/28"" Progressive CMOS
• Hỗ trợ tính năng ICR
• Độ phân giải 1920x1080:25fps(P)/30fps(N), 
• Chuẩn nén hình ảnh H265/H264+&H264 
• Tăng cường hình ảnh với 3D DNR, BLC 
• Ông kính 4mm, 28mm 
• Tầm xa hồng ngoại : đến 30m 
• Nguồn cấp DC12V & PoE * Không bao gồm nguồn cấp 
• Mặt trước: Kim loại 
•Tiêu chuẩn chống bụi nước IP67,";Bộ;"Camera IP thân trụ hồng ngoại 2MP HIKVISION DS-2CD2623G2-IZS
– Cảm biến 1/28″ Progressive Scan CMOS
– Chuẩn nén H265+/H265/H264+/H264
– Ống kính có thể thay đổi 28~12mm
– Hồng ngoại 60m
– Tính năng Chống ngược sáng WDR 120dB; 3D DNR; ICR; BLC; HLC
– Hỗ trợ thẻ nhớ SD/SDHC/SDXC tối đa 256GB
– Hỗ trợ các tính năng phát hiện thông minh
– Tiêu chuẩn IP67, IK10";3650000;405/2025/252/CTTĐG-VNVIC;16/12/2025;…;Bùi Thị Trà Giang
734;;"Tủ Rack chứa 6U19"" (Vỏ tủ)
Kích thước: 350*550*400
Tải trọng: 250kg
Màu sắc: Màu đen xám/trắng
Vật liệu: Thép tấm dầy 1,2mm";Cái;"
Tủ Rack chứa 6U19"" (Vỏ tủ)
Kích thước: 350*550*400
Tải trọng: 250kg
Màu sắc: Màu đen xám/trắng
Vật liệu: Thép tấm dầy 1,2mm";1012000;405/2025/252/CTTĐG-VNVIC;16/12/2025;…;Bùi Thị Trà Giang
735;;"Switch poe 8 port 10/100 mbps
Số cổng Ethernet: 8 ports
Tốc độ: 10 100  Mbps
Dòng sản phẩm: Switch PoE
";Bộ;"Switch TP-Link SG1008MP (8Port Gigabit + POE)
Switch poe 8 port 10/100 mbps
Số cổng Ethernet: 8 ports
Tốc độ: 10 100  Mbps
Dòng sản phẩm: Switch PoE
";1799000;405/2025/252/CTTĐG-VNVIC;16/12/2025;…;Bùi Thị Trà Giang
736;;"Switch poe 24 port 10/100 mbps
Số cổng Ethernet: 24 ports
Tốc độ: 10 100  Mbps
Dòng sản phẩm: Switch PoE";Bộ;"Switch Smart 24 cổng HIKVISION DS-3E1326P-EI
Switch poe 24 port 10/100 mbps
Số cổng Ethernet: 24 ports
Tốc độ: 10 100  Mbps
Dòng sản phẩm: Switch PoE
Tổng công suất 230W Công suất cổng 30W
Hỗ trợ port công suất cao truyền tải đi xa
Hỗ trợ cấp nguồn qua dây 8 lõi
Khoảng cách truyền tải lên đến 300m
Hỗ trợ bảo vệ quá áp 6KV
Quản lý nguồn POE
Vỏ kim loại";3999000;405/2025/252/CTTĐG-VNVIC;16/12/2025;…;Bùi Thị Trà Giang
737;;"Đầu ghi hình IP 4K 32 kênh
Chuẩn nén video H265/H265+/H264/H264+/MPEG4
Cổng ra HDMI với độ phân giải 4K, 2K và VGA
Hỗ trợ 4 ổ cứng SATA x 6TB
Gán được số lượng 32 camera IP";Bộ;"Đầu ghi hình camera IP 32 kênh HIKVISION DS-SH932NI-AD
Đầu ghi hình IP 4K 32 kênh
Chuẩn nén video H265/H265+/H264/H264+/MPEG4
Cổng ra HDMI với độ phân giải 4K, 2K và VGA
Hỗ trợ 4 ổ cứng SATA x 6TB
Gán được số lượng 32 camera IP";18200000;405/2025/252/CTTĐG-VNVIC;16/12/2025;…;Bùi Thị Trà Giang
738;;"Tivi 55 inch, gồm cả giá treo:
- Loại Tivi: Android Tivi
- Kích cỡ màn hình: 55 inch
- Độ phân giải: 4K (Ultra HD)
- Loại màn hình: LED nền (Direct LED), IPS LCD
- Hệ điều hành: Google TV (Android 10)
- Công nghệ hình ảnh: Auto Mode, Dolby Vision, HDR1, HLG, Object-Based HDR Remaster, Kiểm soát đèn nền Direct LED Frame Dimming, Nâng cấp hình ảnh 4K X-Reality PRO, Tăng cường màu sắc Triluminos Pro, Chuyển động mượt Motionflow XR 200
- Bộ xử lý: Bộ xử lý X1 4K HDR
- Tiện ích
+ Điều khiển tivi bằng điện thoại: Ứng dụng Android TV
+ Điều khiển bằng giọng nói: Tìm kiếm giọng nói trên YouTube bằng tiếng ViệtGoogle Assistant có tiếng Việt
+ Chiếu hình từ điện thoại lên TV: ChromecastApple AirPlay
+ Remote thông minh: Remote tích hợp micro tìm kiếm bằng giọng nói (RMF-TX520P)
+ Ứng dụng phổ biến: YouTube, YouTube Kids, Netflix, Galaxy Play (Fim+), Clip TV, FPT Play, MyTV, POPS Kids, VieON, MP3 Zing, Nhaccuatui, Spotify, Google Play, Trình duyệt web
";Bộ;"
Ti vi 55 inch 
- Loại Tivi: Smart Tivi
- Kích cỡ màn hình:55 inch
- Độ phân giải:4K (Ultra HD)
- Hệ điều hành: Tizen OS
- Hệ điều hành, giao diện: Tizen OS; google TV
- Các ứng dụng sẵn có:YouTube, Trình duyệt web, Kho ứng dụng
- Các ứng dụng phổ biến có thể tải thêm: Spotify, FPT Play, Galaxy Play, VTVCab ON, ClipTV, MyTV, PoP Kids
-- Remote thông minh:One Remote
- Điều khiển tivi bằng điện thoại:Ứng dụng SmartThings
- Kết nối không dây với điện thoại, máy tính bảng; Trình chiếu đa màn hình MultiView; Chiếu màn hình qua AirPlay 2; Chiếu màn hình Screen Mirroring
- Kết nối Bàn phím, chuột: Có thể kết nối (sử dụng tốt nhất trong trình duyệt web)
- Công nghệ hình ảnh: Ambient Mode;HDR10+;Dynamic Crystal Color;
Kiểm soát đèn nền UHD Dimming; Nâng cấp độ tương phản Contrast Enhancer; Chuyển động mượt Motion Xcelerator; Chuyển động ảnh mượt mà Auto Motion Plus; Giảm độ trễ chơi game Auto Low Latency Mode (ALLM)
- Kết nối: Bluetooth: Có (Loa, chuột, bàn phím); Kết nối Internet; Cổng HDMI:3 cổng; Cổng xuất âm thanh:Cổng Optical (Digital Audio Out); USB:2 cổng; 
- Tính năng thông minh khác:Chế độ máy tính PC trên tivi
- Công nghệ âm thanh:Dolby Digital Plus; Q-Symphony; Tổng công suất loa:20W
- Mức tiêu thụ nguồn (tối đa) 260 W;
";11000000;405/2025/252/CTTĐG-VNVIC;16/12/2025;…;Bùi Thị Trà Giang
739;;"Ổ cứng lưu trữ dữ liệu lắp trong các đầu ghi 6TB
Dung lượng: 6TB 
Kích thước 35 inch
Vòng quay : 5400rpm
Bộ nhớ đệm: 256MB cache
SATA 3 : 60Gb/s";Cái;"Ổ cứng Western Digital Red Plus 6TB 35 inch 256MB Cache 5400RPM WD60EFPX
Ổ cứng lưu trữ dữ liệu lắp trong các đầu ghi 6TB
Dung lượng: 6TB 
Kích thước 35 inch
Vòng quay : 5400rpm
Bộ nhớ đệm: 256MB cache
SATA 3 : 60Gb/s";4879000;405/2025/252/CTTĐG-VNVIC;16/12/2025;…;Bùi Thị Trà Giang
740;;Bộ lưu điện UPS 2Kva;cái;"
UPS TƯƠNG ĐƯƠNG SANTAK 2KVA OFFLINE BLAZER Model Santak Line Interactive Offline Blazer 2000 EH Hãng sản xuất Santak Công suất lưu điện 2000 VA/ 1200 W Điện áp vào 220V AC (162 – 268V AC) Tần số nguồn vào (Hz) 50/ 60 Hz Điện áp ra (V) 220 ± 10% (chế độ ắcqui) Tần số nguồn ra (Hz) 50/60 ± 1Hz (chế độ ắcqui) Thời gian lưu điện tối đa 50 phút với 1 PC, Monitor 15”, 25 phút với 2 PC, Monitor 15”";5350000;405/2025/252/CTTĐG-VNVIC;16/12/2025;…;Bùi Thị Trà Giang
741;;Hộp đấu nối camera 110x110;cái;"
Hộp đấu nối camera 110x110";15000;405/2025/252/CTTĐG-VNVIC;16/12/2025;…;Bùi Thị Trà Giang
742;;"Switch 16 port layer2 10/100/1000 + 4SFP
Số cổng Ethernet: 16 ports
Tốc độ: 10 100 1000 Mbps
Dòng sản phẩm: Switch PoE
Số cổng SFP: 4 ports";Bộ;"Switch CISCO SG350-20-K9-EU (16 port 10/100/1000 + 4 port SFP)
Switch 16 port layer2 10/100/1000 + 4SFP
Số cổng Ethernet: 16 ports
Tốc độ: 10 100 1000 Mbps
Dòng sản phẩm: Switch PoE
Số cổng SFP: 4 ports";8834000;405/2025/252/CTTĐG-VNVIC;16/12/2025;…;Bùi Thị Trà Giang
743;;"Switch 16 port 10/100/1000 + 4SFP
Số cổng Ethernet: 16 ports
Tốc độ: 10 100 1000 Mbps
Dòng sản phẩm: Switch PoE
Số cổng SFP: 4 ports";Bộ;"
Switch 16 port 10/100/1000 + 4SFP
Số cổng Ethernet: 16 ports
Tốc độ: 10 100 1000 Mbps
Dòng sản phẩm: Switch PoE
Số cổng SFP: 4 ports";8834000;405/2025/252/CTTĐG-VNVIC;16/12/2025;…;Bùi Thị Trà Giang
744;;"Switch 32 port 10/100/1000 + 4SFP
Số cổng Ethernet: 32 ports
Tốc độ: 10 100 1000 Mbps
Dòng sản phẩm: Switch PoE
Số cổng SFP: 4 ports";Bộ;"Cisco Catalyst 4500-X 32-Port SFP+ Layer 2 Ethernet Switch, 10GbE/1GbE Compatible, Hot-Swappable Uplink Module, 4GB DDR2, Manageable QoS/VLAN, RoHS Compliant - WS-C4500X-32SFP+ (Lifetime Warranty)
Switch 32 port 10/100/1000 + 4SFP
Số cổng Ethernet: 32 ports
Tốc độ: 10 100 1000 Mbps
Dòng sản phẩm: Switch PoE
Số cổng SFP: 4 ports";11273000;405/2025/252/CTTĐG-VNVIC;16/12/2025;…;Bùi Thị Trà Giang
745;;"Switch 48 port 10/100/1000 + 4SFP
Số cổng Ethernet: 48 ports
Tốc độ: 10 100 1000 Mbps
Dòng sản phẩm: Switch PoE
Số cổng SFP: 4 ports";Bộ;"Switch Cisco CBS250-48T-4G-EU 48 cổng 10/100/1000 ports, 4 GE SFP Uplink
Switch 48 port 10/100/1000 + 4SFP
Số cổng Ethernet: 48 ports
Tốc độ: 10 100 1000 Mbps
Dòng sản phẩm: Switch PoE
Số cổng SFP: 4 ports";12999000;405/2025/252/CTTĐG-VNVIC;16/12/2025;…;Bùi Thị Trà Giang
746;;"Switch 16 port 10/100/1000 + 4SFP
Số cổng Ethernet: 16 ports
Tốc độ: 10 100 1000 Mbps
Dòng sản phẩm: Switch PoE
Số cổng SFP: 4 ports";Bộ;"
Switch 16 port 10/100/1000 + 4SFP
Số cổng Ethernet: 16 ports
Tốc độ: 10 100 1000 Mbps
Dòng sản phẩm: Switch PoE
Số cổng SFP: 4 ports";8834000;405/2025/252/CTTĐG-VNVIC;16/12/2025;…;Bùi Thị Trà Giang
747;;Bộ chuyển đổi quang điện, hộp phối quang, dây nhảy quang;Bộ;"
Bộ chuyển đổi quang điện, hộp phối quang, dây nhảy quang";1500000;405/2025/252/CTTĐG-VNVIC;16/12/2025;…;Bùi Thị Trà Giang
748;;"Patch panel 16 port Cat6 COMMSCOPE:
- COMMSCOPE Category 6 Patch Panel, Unshielded, 16-Port, SL (PNL ASSY 16PT CAT6E UNIVWIRING)
- Patch Panel Cat 6 SL Series COMMSCOPE vượt tất cả các yêu cầu về hiệu suất chuẩn Cat 6 của TIA/EIA 568-B2 và ISO/IEC 11801 Class E";Bộ;"
Patch panel 16 port Cat6 COMMSCOPE:
- COMMSCOPE Category 6 Patch Panel, Unshielded, 16-Port, SL (PNL ASSY 16PT CAT6E UNIVWIRING)
- Patch Panel Cat 6 SL Series COMMSCOPE vượt tất cả các yêu cầu về hiệu suất chuẩn Cat 6 của TIA/EIA 568-B2 và ISO/IEC 11801 Class E";1150000;405/2025/252/CTTĐG-VNVIC;16/12/2025;…;Bùi Thị Trà Giang
749;;"Patch panel 24 port Cat6 COMMSCOPE:
- COMMSCOPE Category 6 Patch Panel, Unshielded, 24-Port, SL (PNL ASSY 24PT CAT6E UNIVWIRING)
- Patch Panel Cat 6 SL Series COMMSCOPE vượt tất cả các yêu cầu về hiệu suất chuẩn Cat 6 của TIA/EIA 568-B2 và ISO/IEC 11801 Class E";Bộ;"
Patch panel 24 port Cat6 COMMSCOPE:
- COMMSCOPE Category 6 Patch Panel, Unshielded, 24-Port, SL (PNL ASSY 24PT CAT6E UNIVWIRING)
- Patch Panel Cat 6 SL Series COMMSCOPE vượt tất cả các yêu cầu về hiệu suất chuẩn Cat 6 của TIA/EIA 568-B2 và ISO/IEC 11801 Class E";1350000;405/2025/252/CTTĐG-VNVIC;16/12/2025;…;Bùi Thị Trà Giang
750;;"Wifi găn tường
Cổng kết nối USB 30
Băng tần 24 Ghz, 5 Ghz
Số ăng ten 3 ăng ten";Bộ;"
Wifi găn tường
Cổng kết nối USB 30
Băng tần 24 Ghz, 5 Ghz
Số ăng ten 3 ăng ten";350000;405/2025/252/CTTĐG-VNVIC;16/12/2025;…;Bùi Thị Trà Giang
751;;"Tủ chứa Switch 9U (Vỏ tủ)
Kích thước: 550 (rộng) x 480 (cao) x 450 (sâu) mm Với kích thước nhỏ gọn tiện lợi tủ mạng 9U được dùng để treo tường, sản xuất bằng thép tấm dày 12 – 15mm được phủ sơn tĩnh điện đảm bảo độ bền vững và tính chống gỉ
";Bộ;"
Tủ chứa Switch 9U (Vỏ tủ)
Kích thước: 550 (rộng) x 480 (cao) x 450 (sâu) mm Với kích thước nhỏ gọn tiện lợi tủ mạng 9U được dùng để treo tường, sản xuất bằng thép tấm dày 12 – 15mm được phủ sơn tĩnh điện đảm bảo độ bền vững và tính chống gỉ
";1560000;405/2025/252/CTTĐG-VNVIC;16/12/2025;…;Bùi Thị Trà Giang
752;;"Tủ trung tâm thông tin liên lạc 27U (Vỏ tủ )
Kích thước: H1355 x W600 x D1000 (Chiều cao chưa bao gồm bánh xe)
Toàn bộ tủ mạng 27U / tủ rack 27U, được sản xuất bằng thép chất lượng cao bao gồm: Thép CT3 nóc, cánh, hông 1mm; khung 12mm; đáy 15mm, thanh gắn thiết bị 2mm đánh số U";Bộ;"
Tủ trung tâm thông tin liên lạc 27U (Vỏ tủ )
Kích thước: H1355 x W600 x D1000 (Chiều cao chưa bao gồm bánh xe)
Toàn bộ tủ mạng 27U / tủ rack 27U, được sản xuất bằng thép chất lượng cao bao gồm: Thép CT3 nóc, cánh, hông 1mm; khung 12mm; đáy 15mm, thanh gắn thiết bị 2mm đánh số U";5090000;405/2025/252/CTTĐG-VNVIC;16/12/2025;…;Bùi Thị Trà Giang
753;;Bộ lưu điện UPS-2KVA;cái;"
UPS TƯƠNG ĐƯƠNG SANTAK 2KVA OFFLINE BLAZER Model Santak Line Interactive Offline Blazer 2000 EH Hãng sản xuất Santak Công suất lưu điện 2000 VA/ 1200 W Điện áp vào 220V AC (162 – 268V AC) Tần số nguồn vào (Hz) 50/ 60 Hz Điện áp ra (V) 220 ± 10% (chế độ ắcqui) Tần số nguồn ra (Hz) 50/60 ± 1Hz (chế độ ắcqui) Thời gian lưu điện tối đa 50 phút với 1 PC, Monitor 15”, 25 phút với 2 PC, Monitor 15”";5350000;405/2025/252/CTTĐG-VNVIC;16/12/2025;…;Bùi Thị Trà Giang
754;;"Chống sét van
- Chống sét SAi20A - 24kV Mã hiệu: SAI020ZWW/920
- Phụ kiện lắp đặt cho chống sét 24kV; Giá lắp cho sứ đứng (BPD23WW) hoặc sứ chuỗi (BPD38WW); Kẹp dây trần 95mm (CB900009SS)
";cái;"
Chống sét van
- Chống sét SAi20A - 24kV Mã hiệu: SAI020ZWW/920
- Phụ kiện lắp đặt cho chống sét 24kV; Giá lắp cho sứ đứng (BPD23WW) hoặc sứ chuỗi (BPD38WW); Kẹp dây trần 95mm (CB900009SS)
";9550000;405/2025/252/CTTĐG-VNVIC;16/12/2025;…;Bùi Thị Trà Giang
755;;"Bộ cân bằng tải services router
Thiết bị cân bằng tải DrayTek Vigor3912";cái;"
Bộ cân bằng tải services router
Thiết bị cân bằng tải DrayTek Vigor3912";19600000;405/2025/252/CTTĐG-VNVIC;16/12/2025;…;Bùi Thị Trà Giang
756;;Tổng đài nội bộ điện thoại IP (10 máy);cái;"Tổng đài IP Yeastar P520
Tổng đài nội bộ điện thoại IP (10 máy)";8244500;405/2025/252/CTTĐG-VNVIC;16/12/2025;…;Bùi Thị Trà Giang
757;;Điện thoại để bàn ;cái;"	Điện thoại IP Fanvil X1S sử dụng 2 tài khoản SIP, màn hình hiển thị 128*48Dot-matrix, màn hình hiển thị số, 2 Jack RJ45, jack cắm tai nghe RJ9, đèn báo voiceamail Âm thanh HD, danh bạ lưu 1000 số, nhật ký call in/out 600 Hỗ trợ G711a/u, G726-32K, G729A, iLBC, G722, Opus
Điện thoại để bàn ";880000;405/2025/252/CTTĐG-VNVIC;16/12/2025;…;Bùi Thị Trà Giang
758;;Hộp đấu dây tầng 10 đôi;cái;"hộp cáp 10 đôi (đầy đủ phiến krone Đức)
Hộp đấu dây tầng 10 đôi";299000;405/2025/252/CTTĐG-VNVIC;16/12/2025;…;Bùi Thị Trà Giang
759;;Bộ khuyếch đại tín hiệu ti vi;cái;"Bộ chia cáp truyền hình có khuếch đại CATV ra 8 Tivi – Đẩy điện Signal 8
Bộ khuyếch đại tín hiệu ti vi";160000;405/2025/252/CTTĐG-VNVIC;16/12/2025;…;Bùi Thị Trà Giang
760;;Bộ chia tín hiệu 1 đầu vào 8 đầu ra;cái;"Bộ chia tín hiệu AV 1 ra 8 cổng MT-108AV
Bộ chia tín hiệu 1 đầu vào 8 đầu ra";450000;405/2025/252/CTTĐG-VNVIC;16/12/2025;…;Bùi Thị Trà Giang
761;;Bộ chọn vùng âm thanh 5 kênh;cái;"Mixer Amplifier TOA 240W kèm bộ chọn 5 vùng loa VM-2240 ER
Nguồn điện	24 V DC (dải hoạt động: 14 – 28 V DC)
Kiểu ngõ vào nguồn: kiểu vô cực
Chân cắm nguồn phù hợp (*2): Đường kính ngoài ø55 mm, đường kính trong ø21 mm, chiều dài 95mm
Dòng tiêu thụ	100 mA hoặc nhỏ hơn
Ngõ ra âm thanh	0 dB, 600Ω, cân bằng (*1)
Độ méo	1% hoặc nhỏ hơn
Đáp tuyến tần số	100Hz – 20 kHz
Tỷ lệ S/N	60 dB hoặc lớn hơn
Loại Mic	Micro điện dung, đơn hướng
Phím chức năng	13 phím, phím khẩn cấp (có nắp che), phím ấn nói
Thông báo khẩn cấp	Kích hoạt bản tin khẩn cấp (bản tin được lưu sẵn hoặc thông báo trực tiếp qua micro)
Điều chỉnh âm lượng	Điều chỉnh âm lượng micro
Dây và đầu nối	CAT 5 STP, đầu cắm RJ45
Vật liệu	Nhựa ABS, màu xám (Pantone 538 hoặc tương đương)
Kích thước	190 (R) x 765 (C) x 215 (S) mm
Khối lượng	750 g
Phụ kiện đi kèm	Cáp kết nối (3 m) x 1
Phụ kiện tùy chọn	Khung gắn tường: WB-RM200";15600000;405/2025/252/CTTĐG-VNVIC;16/12/2025;…;Bùi Thị Trà Giang
762;;"Tủ đựng thiết bị âm thanh 42U19""";cái;"Tủ Rack 19” 42U TMC Rack 42U-D1000
Kích thước (mm): H2040 x W600 x D800 Khả năng : 42 EIA units , Depth 1000mm / Load rating: 1200kg Hệ thống chân đế : 4-wheels: Free direction / Adjustable distance / Fixed key Hệ thống cửa 4 doors: 4 Looks & 2 handles Màu sắc Đen Nguồn cung cấp : AC (190-240V, 50-60Hz ± 5%)";8360000;405/2025/252/CTTĐG-VNVIC;16/12/2025;…;Bùi Thị Trà Giang
763;;Âm ly công suất 240W;cái;"
Âm ly 
Nguồn điện Nguồn điện : 220-240V AC hoặc 24V DC
Công Suất ra : 240W
Đáp tuyến tần số : 50-20,000Hz
Độ méo tiếng Dưới 1%
Ngõ vào Mic 1-3 : -60dB 600Ω Cân bằng
AUX 1,2 : -20dB, 10kΩ không cân bằng, CRA
Trở kháng cao : 42Ω
Trở kháng thấp : 4Ω (31V)
Ngõ ra âm thanh : 0 dB(10mA), 600Ω, không cân bằng, Jắc cắm hoa sen(RCA)
Nguồn Phantom Mic 1
Tỉ lệ S/N : Hơn 60dB
Điều chỉnh âm sắc : Bass/Treble
Chất liệu Mặt trước: Nhựa ABS, màu đen/Vỏ: Thép, Sơn màu đen
Kích thước : 420(R)x 1009© 3603(S) mm";9111300;405/2025/252/CTTĐG-VNVIC;16/12/2025;…;Bùi Thị Trà Giang
764;;Bàn gọi chọn vùng 5 kênh;cái;"Micro bàn gọi APU MF 1201
Micro bàn gọi APU MF 1201 - Micro Cổ Ngỗng APU MF1201 - Nhận micro khoảng cách: 20-50 cm - Đáp ứng tần số: 60 – 16KHz";1685000;405/2025/252/CTTĐG-VNVIC;16/12/2025;…;Bùi Thị Trà Giang
765;;Máy phát nhạc nền;cái;"Đầu phát nhạc T-6221
Thông số	T-6221
Nguồn cấp	~ 220V 50Hz
Sự tiêu thụ năng lượng	30W
Kích thước	484 x 2 10  x 44mm
Trọng lượng	3,24kg";6500000;405/2025/252/CTTĐG-VNVIC;16/12/2025;…;Bùi Thị Trà Giang
766;;Bộ lưu điện UPS-2KVA;cái;"
UPS TƯƠNG ĐƯƠNG SANTAK 2KVA OFFLINE BLAZER Model Santak Line Interactive Offline Blazer 2000 EH Hãng sản xuất Santak Công suất lưu điện 2000 VA/ 1200 W Điện áp vào 220V AC (162 – 268V AC) Tần số nguồn vào (Hz) 50/ 60 Hz Điện áp ra (V) 220 ± 10% (chế độ ắcqui) Tần số nguồn ra (Hz) 50/60 ± 1Hz (chế độ ắcqui) Thời gian lưu điện tối đa 50 phút với 1 PC, Monitor 15”, 25 phút với 2 PC, Monitor 15”";5350000;405/2025/252/CTTĐG-VNVIC;16/12/2025;…;Bùi Thị Trà Giang
767;;Bộ liên kết báo cháy (phát tin nhắn KC);cái;"Thiết bị truyền tin báo sự cố FireSmart Fcom-1 (kết nối Tủ báo cháy trung tâm)
Model	FCOM-001
Hãng sản xuất	Fire smart
Xuất xứ	Việt Nam
Nguồn điện	24VDC
Nhiệt độ hoạt động	-5 đến 50 độ C
Độ ẩm	95% (không ngưng tụ )
Dòng	65mA
Môi trường sử dụng	Trong nhà
Cấp bảo vệ	IP30
Chất liệu	vỏ Tôn 10mm sơn tĩnh điện
Màu sắc	Trắng
Kích thước	928*75*33mm
Trọng lượng	155g
Pin dự phòng	Trong thiết bị có tích hợp pin dự phòng hoạt động 24h
Ngõ ra điều khiển	01 ngõ ra điều khiển NO/NC
Điện áp hoạt động	9 V DC";4768000;405/2025/252/CTTĐG-VNVIC;16/12/2025;…;Bùi Thị Trà Giang
768;;Bộ hẹn giờ phát nhạc;cái;"Bộ hẹn giờ TOA TT-104B
Nguồn điện 110 V AC, 50/60 Hz
Công suất tiêu thụ 3 W
Hiển thị nội dung ngày của tuần và giờ, phút
Lập trình hàng ngày trong tuần, giờ, phút, đầu ra kênh
Số kênh 4 kênh (A, B, C, D)
Sản lượng hệ thống điện áp không (khô) thực hiện liên lạc (5 giây xung làm cho đầu ra)
Số lượng 24 V DC, 0,5 A
Đầu ra ga M4 vít thiết bị đầu cuối, khoảng cách giữa các rào cản: 9 mm
Chương trình Công suất 30 bước cho mỗi kênh
Đồng hồ chính xác ± 5 giây mỗi tháng (25 ℃)
Bảo vệ Thời gian mất điện trong vòng 100 giờ
Nhiệt độ 0 ℃ đến +50 ℃
Thành phẩm: Panel: nhôm, đen, bóng 30%, sơn
Trường hợp: Pre bọc thép tấm, đen
Kích thước 420 (W) × 47,5 (H) x 246,5 (D) mm
Trọng lượng 2,5 kg
Lựa chọn khung gắn Rack-: MB-15B";9860000;405/2025/252/CTTĐG-VNVIC;16/12/2025;…;Bùi Thị Trà Giang
769;;Bộ tiền khuếch đại;cái;"Amply tiền khuếch đại T-1S01
Thông số kỹ thuật	T-1S01
 Độ nhạy đầu vào và trở kháng	MIC 2, 3, 4, 5: ±25mV/2KΩ, Cân bằng XLR MIC 2, 3, 4: 5mV/600Ω, Không cân bằng TRS AUX 1, 2, 3: 300mV/10KΩ, Không cân bằng RCAEMC: 775mV/47KΩ, Không cân bằng TRSMIC 1: ±385mV/20KΩ, Cân bằng MIC 1
Độ nhạy đầu ra và trở kháng	MIX OUT: ±775mV/470Ω, Cân bằng XLRREC OUT: 200mV/470Ω, Không cân bằng RCA
Đáp tuyến tần số	20Hz-20KHz(±05dB)
Tỉ lệ S/N	MIC input: 66dB   AUX input: 80dB
Độ méo tiếng	Ít hơn 01% tại 1KHz, 1/3 tỉ lệ nguồn
Tone	Bass: ±10dB at 100Hz Treble: ±10dB at 10KHz
Mute	MIC 1 được ưu tiên đè lên khi phát cùng với các ngõ khác
Nguồn Phantom	+48V
Chức năng bảo vệ	Cầu chì AC
Nguồn điện	~110V/60Hz hay ~230V/50Hz & DC 24V
Kích thước	484x295x44mm
Trọng lượng	5Kg";6200000;405/2025/252/CTTĐG-VNVIC;16/12/2025;…;Bùi Thị Trà Giang
770;;Bộ quản lý  nguồn;cái;"Bộ quản lý nguồn 16 kênh ITC: T-6216
Model	T-6216
Nguồn điện	~110V-230V  50/60Hz
Công suất tiêu thụ	50W
Kích thước	484 x 303 x 88mm
Khối lượng	578Kg";6940000;405/2025/252/CTTĐG-VNVIC;16/12/2025;…;Bùi Thị Trà Giang
771;;Bộ giao tiếp micro;cái;"Bộ giao tiếp micro chọn vùng TOA FV-200RF-AS
Nguồn điện: 24 V DC
Công suất: 230 mA
Micro chọn vùng: Max 4 RM-200M,4 RM-210
Dây cáp: Tổng cộng 800 m
Kích thước: 482 × 44 × 320 mm";11660000;405/2025/252/CTTĐG-VNVIC;16/12/2025;…;Bùi Thị Trà Giang
772;;Đầu phát đĩa CD/DVD/MP3;cái;"Thiết bị đầu vào CD/MP3 OBT-8610
Mã sản phẩm: OBT-8610
Nguồn cấp: AC220V/50Hz
Công suất tiêu thụ: 20W
Mức tiêu thụ ở chế độ chờ: 5W
Sự bảo vệ: Cầu chì Acx1A
Kích thước: 525*475*170mm
Cân nặng: 606Kg";3530000;405/2025/252/CTTĐG-VNVIC;16/12/2025;…;Bùi Thị Trà Giang
773;;Bộ phát lại âm thanh;cái;"Bộ phát lại âm thanh TOA EV-20R W
Nguồn điện: 24 V DC / 400 mA, hoặc dùng bộ chuyển đổi nguồn AC tùy chọn AD-246
Công suất tiêu thụ: 10 W (công suất ra)
Định dạng âm thanh: Tần số lấy mẫu 441 kHz, PCM 16 bit mono
Đáp tuyến tần số: 20 Hz – 20 kHz ±3 dB (1 kHz)
50 Hz – 14 kHz ±3 dB (khi IT-450 được sử dụng, 1kHz)
Độ méo: 1 % hoặc nhỏ hơn (1kHz)
Chế độ ghi âm: Truyền qua cổng USB hoặc ghi âm theo ngõ vào Analog
Đầu vào điều khiển: Play 1-4, Stop: Điện áp 0 tạo đầu vào tiếp điểm, độ dài xung: 200 ms, điện áp mở: 30 V DC, dòng ngắn mạch: 10 mA, giắc cắm rời 22 chân
Đầu ra điều khiển: Báo bận: Cường độ tiếp điểm: 30 V DC/05A, giắc cắm rời 22 chân
Ngõ vào Ngõ vào/ Ngõ vào ghi âm: Mic: -60 dB(*1), 22 kΩ/ Line: -20 dB(*1), 10 kΩ, (Mic/Line có thể thay đổi), không cân bằng, giắc 6 ly
Line input: 0 dB(*1), 10 kΩ, không cân bằng, giắc cắm rời 22 chân
Ngõ ra Ngõ ra mức Line: 0 dB(*1), 600 Ω, không cân bằng, giắc cắm rời 22 chân
Ngõ ra tai nghe: 0 dB(*1), 100 Ω, không cân bằng, giắc 6 ly
Ngõ ra loa: 3 W, 8 Ω, không cân bằng, giắc cắm rời 22 chân
Đèn LED hiển thị: POWER, USB, START/STOP 1-4
Số bản tin tối đa: 4";10886000;405/2025/252/CTTĐG-VNVIC;16/12/2025;…;Bùi Thị Trà Giang
774;;Micro không dây;cái;"
Micro
- Dải tần lựa chọn: 740MHz – 820MHz
- Dải tần số lựa chọn băng thông: 80MHz
- Chế độ điều chỉnh: FM
- Tần số đáp ứng: 50Hz ~ 18kHz
- Số lượng kênh điều chỉnh: 500/1000
- Độ nhạy đầu vào thực tế: >15dB
- Khoảng cách hoạt động ổn định: <100 mét
- THD: <05% (@1KHz)
- Tỷ số S / N> 80dB
- Công suất: ≦ 50mW
- Nguồn điện: DC 12-16V , 1200mA
- Màn hình: LCD + màn hình backlit nhiều màu
- Trọng lượng: 295 gram
";1999500;405/2025/252/CTTĐG-VNVIC;16/12/2025;…;Bùi Thị Trà Giang
775;;Loa gắn trần 6w;cái;"Loa âm trần TOA 6W PC-2869 F00
Công suất	6 W (100 V line), 3 W (70 V line)
Trở kháng	100 V line: 17 kΩ (6 W), 33 kΩ (3 W), 67 kΩ (15 W), 13 kΩ (08 W)
70 V line: 17 kΩ (3 W), 33 kΩ (15 W), 67 kΩ (08 W), 13 kΩ (04 W)
Cường độ âm	94 dB (1 W, 1 m) (500 Hz – 5 kHz, pink noise)
Đáp tuyến tần số	40 Hz – 20 kHz (peak -20 dB)
Thành phần loa	Loa hình nón, đường kính 20 cm
Đường kính lỗ trần	φ250±3 mm
Độ dày trần: 5 – 25 mm
Speaker Mounting Method	Spring clamp
Dây nối	Dây bọc vinyl 600 V (loại IV hoặc HIV)
Dây đồng đặc: φ08 – φ16 mm (tương đương AWG 20 – 14)
Dây đồng 7 lõi xoắn: 075 – 125 m㎡ (tương đương AWG 18 – 16)
Cầu đấu nối	Cầu nhấn (loại 2 nhánh)
Vật liệu	Vành loa: thép mạ, trắng nhạt
Lưới: thép phủ màu trắng nhạt
Kích thước	φ280 × 92 (D) mm
Khối lượng	14 kg";920000;405/2025/252/CTTĐG-VNVIC;16/12/2025;…;Bùi Thị Trà Giang
776;;Loa hộp 6W;cái;"Loa hộp treo tường TOA 6W BS-633A
Công Suất	6W
Trở kháng	100V line:17kΩ(6W), 33kΩ(3W)
70V line:17kΩ(3W), 33kΩ(15W)
Trọng lượng	780g
Cường độ âm thanh(1W,1m)	91dB
Đáp tuyến tần số	120~15,000Hz
Chiết áp điều chỉnh	3W: OFF, 1(-12dB), 2(-6dB), 3(0dB)
6W: OFF, 1(-13dB), 2(-7dB), 3(0dB)
Thành phẩm	Vỏ ngoài; Nhựa ABS, màu trắng nhạt
Kích thước	173(R) × 195(C)× 101 (S)mm";380000;405/2025/252/CTTĐG-VNVIC;16/12/2025;…;Bùi Thị Trà Giang
777;;Loa nén gắn tường 50w;cái;"Loa nén 50W trở kháng cao tương đương TC-651M
	Công suất (50W) Điện áp đường dây (100 V line hoặc 70 V line) Trở kháng (100V line: 200Ω (50W), 330Ω (30W), 670Ω (15W) 70V line: 100Ω (50W), 200Ω (25W), 330Ω (15W), 670Ω (75W)) Cường độ âm (111 dB (1 W, 1 m)) Đáp tuyến tần số (200 Hz - 6 kHz) Tiêu chuẩn chống bụi/nước IP65 Cực tính Hot: Màu đen, Com: Màu trắng Nhiệt độ hoạt động -20 ℃ tới +60 ℃ (không ngưng tụ) Vật liệu Vành loa: nhôm, màu trắng nhạt và được sơn tĩnh điện Tâm loa: nhựa ABS, màu trắng nhạt Viền gắn khung: nhôm, màu xám, sơn tĩnh điện Khung và ốc vít: thép, màu xám, được sơn tĩnh điện Vỏ mặt sau: nhựa ABS, màu xám Kích thước (φ400 (R) × 376 (S) mm) Khối lượng (4 kg) Bảo hành 12 tháng";2332000;405/2025/252/CTTĐG-VNVIC;16/12/2025;…;Bùi Thị Trà Giang
778;;Bàn làm việc;Cái;"Thiết bị truyền tin báo sự cố FireSmart Fcom-1 (kết nối Tủ báo cháy trung tâm)
Model	FCOM-001
Hãng sản xuất	Fire smart
Xuất xứ	Việt Nam
Nguồn điện	24VDC
Nhiệt độ hoạt động	-5 đến 50 độ C
Độ ẩm	95% (không ngưng tụ )
Dòng	65mA
Môi trường sử dụng	Trong nhà
Cấp bảo vệ	IP30
Chất liệu	vỏ Tôn 10mm sơn tĩnh điện
Màu sắc	Trắng
Kích thước	928*75*33mm
Trọng lượng	155g
Pin dự phòng	Trong thiết bị có tích hợp pin dự phòng hoạt động 24h
Ngõ ra điều khiển	01 ngõ ra điều khiển NO/NC
Điện áp hoạt động	9 V DC";1350000;405/2025/252/CTTĐG-VNVIC;16/12/2025;…;Bùi Thị Trà Giang
779;;Ghế ngồi làm việc;cái;"Bộ hẹn giờ TOA TT-104B
Nguồn điện 110 V AC, 50/60 Hz
Công suất tiêu thụ 3 W
Hiển thị nội dung ngày của tuần và giờ, phút
Lập trình hàng ngày trong tuần, giờ, phút, đầu ra kênh
Số kênh 4 kênh (A, B, C, D)
Sản lượng hệ thống điện áp không (khô) thực hiện liên lạc (5 giây xung làm cho đầu ra)
Số lượng 24 V DC, 0,5 A
Đầu ra ga M4 vít thiết bị đầu cuối, khoảng cách giữa các rào cản: 9 mm
Chương trình Công suất 30 bước cho mỗi kênh
Đồng hồ chính xác ± 5 giây mỗi tháng (25 ℃)
Bảo vệ Thời gian mất điện trong vòng 100 giờ
Nhiệt độ 0 ℃ đến +50 ℃
Thành phẩm: Panel: nhôm, đen, bóng 30%, sơn
Trường hợp: Pre bọc thép tấm, đen
Kích thước 420 (W) × 47,5 (H) x 246,5 (D) mm
Trọng lượng 2,5 kg
Lựa chọn khung gắn Rack-: MB-15B";850000;405/2025/252/CTTĐG-VNVIC;16/12/2025;…;Bùi Thị Trà Giang
780;;Ghế tiếp khách;Cái;"Amply tiền khuếch đại T-1S01
Thông số kỹ thuật	T-1S01
 Độ nhạy đầu vào và trở kháng	MIC 2, 3, 4, 5: ±25mV/2KΩ, Cân bằng XLR MIC 2, 3, 4: 5mV/600Ω, Không cân bằng TRS AUX 1, 2, 3: 300mV/10KΩ, Không cân bằng RCAEMC: 775mV/47KΩ, Không cân bằng TRSMIC 1: ±385mV/20KΩ, Cân bằng MIC 1
Độ nhạy đầu ra và trở kháng	MIX OUT: ±775mV/470Ω, Cân bằng XLRREC OUT: 200mV/470Ω, Không cân bằng RCA
Đáp tuyến tần số	20Hz-20KHz(±05dB)
Tỉ lệ S/N	MIC input: 66dB   AUX input: 80dB
Độ méo tiếng	Ít hơn 01% tại 1KHz, 1/3 tỉ lệ nguồn
Tone	Bass: ±10dB at 100Hz Treble: ±10dB at 10KHz
Mute	MIC 1 được ưu tiên đè lên khi phát cùng với các ngõ khác
Nguồn Phantom	+48V
Chức năng bảo vệ	Cầu chì AC
Nguồn điện	~110V/60Hz hay ~230V/50Hz & DC 24V
Kích thước	484x295x44mm
Trọng lượng	5Kg";440000;405/2025/252/CTTĐG-VNVIC;16/12/2025;…;Bùi Thị Trà Giang
781;;Giường inox;cái;"Bộ quản lý nguồn 16 kênh ITC: T-6216
Model	T-6216
Nguồn điện	~110V-230V  50/60Hz
Công suất tiêu thụ	50W
Kích thước	484 x 303 x 88mm
Khối lượng	578Kg";2875000;405/2025/252/CTTĐG-VNVIC;16/12/2025;…;Bùi Thị Trà Giang
782;;Đệm bọc da;bộ;"Bộ giao tiếp micro chọn vùng TOA FV-200RF-AS
Nguồn điện: 24 V DC
Công suất: 230 mA
Micro chọn vùng: Max 4 RM-200M,4 RM-210
Dây cáp: Tổng cộng 800 m
Kích thước: 482 × 44 × 320 mm";900000;405/2025/252/CTTĐG-VNVIC;16/12/2025;…;Bùi Thị Trà Giang
783;;Ga trải đệm;bộ;"Thiết bị đầu vào CD/MP3 OBT-8610
Mã sản phẩm: OBT-8610
Nguồn cấp: AC220V/50Hz
Công suất tiêu thụ: 20W
Mức tiêu thụ ở chế độ chờ: 5W
Sự bảo vệ: Cầu chì Acx1A
Kích thước: 525*475*170mm
Cân nặng: 606Kg";280000;405/2025/252/CTTĐG-VNVIC;16/12/2025;…;Bùi Thị Trà Giang
784;;Gối;bộ;"Bộ phát lại âm thanh TOA EV-20R W
Nguồn điện: 24 V DC / 400 mA, hoặc dùng bộ chuyển đổi nguồn AC tùy chọn AD-246
Công suất tiêu thụ: 10 W (công suất ra)
Định dạng âm thanh: Tần số lấy mẫu 441 kHz, PCM 16 bit mono
Đáp tuyến tần số: 20 Hz – 20 kHz ±3 dB (1 kHz)
50 Hz – 14 kHz ±3 dB (khi IT-450 được sử dụng, 1kHz)
Độ méo: 1 % hoặc nhỏ hơn (1kHz)
Chế độ ghi âm: Truyền qua cổng USB hoặc ghi âm theo ngõ vào Analog
Đầu vào điều khiển: Play 1-4, Stop: Điện áp 0 tạo đầu vào tiếp điểm, độ dài xung: 200 ms, điện áp mở: 30 V DC, dòng ngắn mạch: 10 mA, giắc cắm rời 22 chân
Đầu ra điều khiển: Báo bận: Cường độ tiếp điểm: 30 V DC/05A, giắc cắm rời 22 chân
Ngõ vào Ngõ vào/ Ngõ vào ghi âm: Mic: -60 dB(*1), 22 kΩ/ Line: -20 dB(*1), 10 kΩ, (Mic/Line có thể thay đổi), không cân bằng, giắc 6 ly
Line input: 0 dB(*1), 10 kΩ, không cân bằng, giắc cắm rời 22 chân
Ngõ ra Ngõ ra mức Line: 0 dB(*1), 600 Ω, không cân bằng, giắc cắm rời 22 chân
Ngõ ra tai nghe: 0 dB(*1), 100 Ω, không cân bằng, giắc 6 ly
Ngõ ra loa: 3 W, 8 Ω, không cân bằng, giắc cắm rời 22 chân
Đèn LED hiển thị: POWER, USB, START/STOP 1-4
Số bản tin tối đa: 4";150000;405/2025/252/CTTĐG-VNVIC;16/12/2025;…;Bùi Thị Trà Giang
785;;Cây nước nóng lạnh ;Cái;"
Micro
- Dải tần lựa chọn: 740MHz – 820MHz
- Dải tần số lựa chọn băng thông: 80MHz
- Chế độ điều chỉnh: FM
- Tần số đáp ứng: 50Hz ~ 18kHz
- Số lượng kênh điều chỉnh: 500/1000
- Độ nhạy đầu vào thực tế: >15dB
- Khoảng cách hoạt động ổn định: <100 mét
- THD: <05% (@1KHz)
- Tỷ số S / N> 80dB
- Công suất: ≦ 50mW
- Nguồn điện: DC 12-16V , 1200mA
- Màn hình: LCD + màn hình backlit nhiều màu
- Trọng lượng: 295 gram
";3490000;405/2025/252/CTTĐG-VNVIC;16/12/2025;…;Bùi Thị Trà Giang
786;;Tủ thuốc + để dụng cụ y tế;Bộ;"Loa âm trần TOA 6W PC-2869 F00
Công suất	6 W (100 V line), 3 W (70 V line)
Trở kháng	100 V line: 17 kΩ (6 W), 33 kΩ (3 W), 67 kΩ (15 W), 13 kΩ (08 W)
70 V line: 17 kΩ (3 W), 33 kΩ (15 W), 67 kΩ (08 W), 13 kΩ (04 W)
Cường độ âm	94 dB (1 W, 1 m) (500 Hz – 5 kHz, pink noise)
Đáp tuyến tần số	40 Hz – 20 kHz (peak -20 dB)
Thành phần loa	Loa hình nón, đường kính 20 cm
Đường kính lỗ trần	φ250±3 mm
Độ dày trần: 5 – 25 mm
Speaker Mounting Method	Spring clamp
Dây nối	Dây bọc vinyl 600 V (loại IV hoặc HIV)
Dây đồng đặc: φ08 – φ16 mm (tương đương AWG 20 – 14)
Dây đồng 7 lõi xoắn: 075 – 125 m㎡ (tương đương AWG 18 – 16)
Cầu đấu nối	Cầu nhấn (loại 2 nhánh)
Vật liệu	Vành loa: thép mạ, trắng nhạt
Lưới: thép phủ màu trắng nhạt
Kích thước	φ280 × 92 (D) mm
Khối lượng	14 kg";5120000;405/2025/252/CTTĐG-VNVIC;16/12/2025;…;Bùi Thị Trà Giang
787;;Tủ đựng tài liệu;Cái;"Loa hộp treo tường TOA 6W BS-633A
Công Suất	6W
Trở kháng	100V line:17kΩ(6W), 33kΩ(3W)
70V line:17kΩ(3W), 33kΩ(15W)
Trọng lượng	780g
Cường độ âm thanh(1W,1m)	91dB
Đáp tuyến tần số	120~15,000Hz
Chiết áp điều chỉnh	3W: OFF, 1(-12dB), 2(-6dB), 3(0dB)
6W: OFF, 1(-13dB), 2(-7dB), 3(0dB)
Thành phẩm	Vỏ ngoài; Nhựa ABS, màu trắng nhạt
Kích thước	173(R) × 195(C)× 101 (S)mm";3172000;405/2025/252/CTTĐG-VNVIC;16/12/2025;…;Bùi Thị Trà Giang
788;;Bảng ghim nỉ treo tường; Cái;"Loa nén 50W trở kháng cao tương đương TC-651M
	Công suất (50W) Điện áp đường dây (100 V line hoặc 70 V line) Trở kháng (100V line: 200Ω (50W), 330Ω (30W), 670Ω (15W) 70V line: 100Ω (50W), 200Ω (25W), 330Ω (15W), 670Ω (75W)) Cường độ âm (111 dB (1 W, 1 m)) Đáp tuyến tần số (200 Hz - 6 kHz) Tiêu chuẩn chống bụi/nước IP65 Cực tính Hot: Màu đen, Com: Màu trắng Nhiệt độ hoạt động -20 ℃ tới +60 ℃ (không ngưng tụ) Vật liệu Vành loa: nhôm, màu trắng nhạt và được sơn tĩnh điện Tâm loa: nhựa ABS, màu trắng nhạt Viền gắn khung: nhôm, màu xám, sơn tĩnh điện Khung và ốc vít: thép, màu xám, được sơn tĩnh điện Vỏ mặt sau: nhựa ABS, màu xám Kích thước (φ400 (R) × 376 (S) mm) Khối lượng (4 kg) Bảo hành 12 tháng";673200;405/2025/252/CTTĐG-VNVIC;16/12/2025;…;Bùi Thị Trà Giang
789;;Đồng hồ treo tường;Cái;Đồng hồ :- Kích thước: 370x360x50 mm- Mô tả: Chất liệu nhựa bền đẹp, chắc chắn;350000;405/2025/252/CTTĐG-VNVIC;16/12/2025;…;Bùi Thị Trà Giang
790;;Thùng rác;cái;"Thùng rác: 
 Thùng rác được làm từ nhựa PP cao cấp, cho độ bền cao, khả năng chống lão hóa tốt Kích thước: 345 x 34 x 44 cm";200000;405/2025/252/CTTĐG-VNVIC;16/12/2025;…;Bùi Thị Trà Giang
791;;Rèm cầu vồng ;m2;"Rèm cầu vồng:  
 - Kích thước: R1200xC1900 mm,R1300xC1900 mm
 - Mô tả: Vải sợi cơ bản polyester 100% với hai vân vải xen kẽ nhau và cách nhau khoảng 8-10cm Hai vân vải bao gồm: 1 vân vải chính và 1 vân vải voan được dệt mỏng Hộp rèm bao gồm tất cả các linh kiện hộp rèm phía trên, thanh ray trục xoay rèm Tất cả các bộ phận này đều được làm bằng hợp kim nhôm chống rỉ sét, có độ bền rất cao";430000;405/2025/252/CTTĐG-VNVIC;16/12/2025;…;Bùi Thị Trà Giang
792;;Ổ cắm kéo dài đa năng kết hợp 5 ổ;Cái;"Ổ cắm kéo dài đa năng kết hợp 5 ổ
Ổ cắm điện có 5 lỗ 3 chấu, đa năng và có 5 công tắc đi kèm
Mỗi ổ cắm đều có nắp che, hạn chế tối đa bị phóng tia lửa điện, chống rò rỉ điện, chống giật hiệu quả, an toàn cho trẻ nhỏ
 Ổ cắm  được làm bằng hạt nhựa ABS nhập khẩu chịu nhiệt độ cao,chống cháy Chịu tải cao: Max 3200W, 2 lõi dây đồng : 2*1mm- Điện áp: 220V/ 50Hz";235000;405/2025/252/CTTĐG-VNVIC;16/12/2025;…;Bùi Thị Trà Giang
793;;Bộ đo chiều cao, cân nặng;Cái;"Bộ thiết bị đo chiều cao, cân nặng:
 - Chức năng: Cân trọng lượng cơ thể và đo chiều cao
- Đo Trọng lượng cơ thể: Max: 120kg Min: 05kg
-Đo chiều cao: Phạm vi đo 70-190cm Min: 0,5 cm Dung sai ± 05cm
- Kích thước mặt bàn cân (L × W): 280 × 380
- Kích thước tổng thể (Z × W × H): 950 × 300 × 290mm 
- Trọng lượng: 14kg";1076900;405/2025/252/CTTĐG-VNVIC;16/12/2025;…;Bùi Thị Trà Giang
794;;Thiết bị đo thị lực;Cái;"Bảng đo thị lực hình con vật
 -Lỗ treo tường, chân để bàn
 - Vỏ đèn bằng inox
 - Nhãn hiệu TNE dập nổi
 - Khoảng cách đọc: 5m
 - Bề mặt: 79cmx29cm
 - Nguồn điện: 220V,02A; dây nguồn 2m";600000;405/2025/252/CTTĐG-VNVIC;16/12/2025;…;Bùi Thị Trà Giang
795;;Bộ thiết bị y tế khám bệnh;Bộ;"Bộ thiết bị y tế khám bệnh
 – Huyết áp kế đồng hồ 
 – Đầu đèn khám tai, ánh sáng Xenon
 – Đầu đèn khám mắt, ánh sáng Xenon
 – Cán đèn pin trung loại C
 – Ống nghe người lớn
 – Đèn khám cây viết – khám tai mũi họng 
 – Búa thử phản xạ 
 – Âm thoa bằng nhôm 
 – Valy chứa dụng cụ: dài 38 cm x rộng 30 cm x cao 8 cm";3624000;405/2025/252/CTTĐG-VNVIC;16/12/2025;…;Bùi Thị Trà Giang
796;;Bộ cáng nẹp sơ cứu;Bộ;"Bộ cáng nẹp sơ cứu
 Khung nhôm; vải màu cam;
 Gập đôi được Có chân chống
 Kích thước duỗi thẳng: 208x55x13 cm
 Kích thước gấp gọn: 105x18x10 cm
 Trọng lượng: 47 kg
 Tải trọng: 180 kg
 Phụ kiện 1 bao đựng cáng có khóa kéo màu cam và quai xách + 2 dây đai an toànBộ Nẹp Gỗ sơ cấp cứu gồm 10 thanh Chiều rộng trung bình các thanh (thanh 1-7): 55cm Chiều rộng trung bình các thanh (thanh 8-10): 65cm Chiều dày các thanh: 1cm Chiều dài các thanh: 
 - Thanh 1: 21 cm 
 - Thanh 2: 29 cm 
 - Thanh 3: 345 cm 
 - Thanh 4: 40 cm 
 - Thanh 5: 45 cm 
 - Thanh 6: 50 cm 
 - Thanh 7: 59 cm 
 - Thanh 8: 69 cm 
 - Thanh 9: 79 cm 
 - Thanh 10: 117 cm";1750000;405/2025/252/CTTĐG-VNVIC;16/12/2025;…;Bùi Thị Trà Giang
797;;Tủ lạnh nhỏ;Cái;"Kiểu tủ: Ngăn đá trên - 2 cánh
Dung tích sử dụng: 260 lít 
Dung tích tổng:  275 lít
Dung tích ngăn đá: 56 lít
Dung tích ngăn lạnh: 204 lít
Chất liệu cửa tủ lạnh: Thép không gỉ
Chất liệu khay ngăn lạnh: Kính chịu lực
Chất liệu ống dẫn gas, dàn lạnh:Ống dẫn gas bằng Sắt và Đồng - Lá tản nhiệt bằng Nhôm
Mức tiêu thụ điện năng
Công suất tiêu thụ công bố theo TCVN: ~339 kWh/năm
Công nghệ tiết kiệm điện: Inverter
Công nghệ bảo quản và làm lạnh
Công nghệ làm lạnh:Công nghệ làm lạnh vòm
Công nghệ bảo quản thực phẩm:Ngăn trữ chuyển đổi
Công nghệ kháng khuẩn, khử mùi:Bộ lọc khử mùi 3 lớp Triple Power
Tiện ích: Đèn LED chiếu sáng, Khay đá di động, Khay kệ linh hoạt
Kích thước - Khối lượng: ~Cao 168 cm - Ngang 56 cm - Sâu 623 cm - Nặng 48 kg";8190000;405/2025/252/CTTĐG-VNVIC;16/12/2025;…;Bùi Thị Trà Giang
798;;Ghế chờ;Cái;"Bằng gồm 3 chỗ ngồi, chân, đệm tựa bằng Inox bền đệp
    - Đệm và tựa ghế đột lỗ tạo sự thông thoáng,
    - Khung giằng đỡ đệm bằng thép sơn tĩnh điện
    - Ghế sử dụng chân tăng chỉnh tiện dụng
Kích Thước: W1830 x D640 x H790 mm
Chất liệu:  khung giằng sơn tĩnh điện, đệm, Inox";3239000;405/2025/252/CTTĐG-VNVIC;16/12/2025;…;Bùi Thị Trà Giang
799;;Giá sách ;Cái;"Giá góc nghệ thuật :
 - Kích thước: R1200xS300xC800 mm (chiều cao tính cả bánh xe)
 - Giá được thiết kế không có hậu, để thông 02 mặt, gồm 3 tầng (4 đợt) Giá có 2 hồi có gờ cao lên 30 mm so với mặt giá và có khoét lỗ tay cầm hình tròn Chất liệu giá bằng gỗ cao su loại AA dày 18mm Gỗ đã qua xử lý chống ẩm mốc, mối mọt, không cong vênh, đảm bảo tính thẩm mỹ, bền đẹp của sản phẩm Giá để để vân gỗ tự nhiên, sơn PU bóng
 - Giá thiết kế có bánh xe, có chốt phanh nên rất linh động trong việc di chuyển, thay đổi, sắp xếp đồ trong phòng";1120000;405/2025/252/CTTĐG-VNVIC;16/12/2025;…;Bùi Thị Trà Giang
800;;Trang phục;Bộ;"Trang phục
 1 Áo: Màu trắng; Áo blouse cổ bẻ Danton, cài cúc giữa, dài tay hoặc ngắn tay, chiều dài áo ngang gối, phía trước có 3 túi, phía sau xẻ giữa tới ngang mông
 2 Quần: Màu trắng; Quần chun, 2 túi chéo
 3 Mũ:
 Màu sắc:Màu trắng Chất liệu lon nhật";250000;405/2025/252/CTTĐG-VNVIC;16/12/2025;…;Bùi Thị Trà Giang
801;;Móc treo quần áo;Cái;"Móc treo quần áo
 - Bằng Inox 304, Cấu tạo gồm 1 thanh ngang và nhiều chấu chia sẵn (5 chấu, 6 chấu, 7 chấu), người dùng chỉ cần mắc quần áo lên mà không cần sử dụng thêm móc phụ";160000;405/2025/252/CTTĐG-VNVIC;16/12/2025;…;Bùi Thị Trà Giang
802;;Bảng biểu;Bộ ;"Hệ thống biểu bảng
Bảng phác đồ cấp cứu phòng y tế
Bảng Phác đồ cấp cứu sốc phản vệ 
Bảng theo dõi sức khỏe trẻ
Chất liệu đề can + mica + vít bắt vào tườngKhổ A2 :59 x 42cm";2250000;405/2025/252/CTTĐG-VNVIC;16/12/2025;…;Bùi Thị Trà Giang
803;;Bàn làm việc;Cái;"Bàn làm việc: 
 
 - Kích thước: R1600xS800xC760 mm
 
 - Chất liệu: Bàn làm từ gỗ công nghiệp sơn PU cao cấp đồng màu với nội thất trong phòng
 
  - Bàn trưởng phòng, mặt bàn hình chữ nhật dày 60mm Bàn có 1 hộc liền, 1 ngăn kéo 1 cánh mở Có thể dùng thêm bàn phím và đế đặt CPU tiêu chuẩn Phụ kiện bản lề, cam, liên kết chính hãng, cao cấp";2916000;405/2025/252/CTTĐG-VNVIC;16/12/2025;…;Bùi Thị Trà Giang
804;;Ghế làm việc ;Cái;"Ghế ngồi:
 Ghế xoay văn phòng bọc da Có mặt ngồi và tựa lưng được bọc đệm mút, da công nghiệp Chân ghế bánh xe xoay 360 độ; Tay ghế sử dụng nhựa đúc có ốp da tạo sự êm ái khi sử dụng
 Chất liệu: Da cao cấp
 Kích thước: 650x640x(1120-1250) mm";1358000;405/2025/252/CTTĐG-VNVIC;16/12/2025;…;Bùi Thị Trà Giang
805;;Tủ tài liệu;Cái;"Tủ tài liệu:
 Được làm gỗ công nghiệp MDF, phủ sơn PU giúp sản phẩm bền bỉ, sáng đẹp trong suốt thời gian sử dụng 
 Phụ kiện bản lề, cam, liên kết của chính hãng 
 Khoang bên trái có 2 cánh kính mở, 1 khóa đơn phù hợp để hồ sơ sổ sách hoặc tài liệu văn phòng
  Khoang bên phải có cánh áo dài, đặc và kín, có khóa dùng để treo quần áo
  Khoang bên dưới tủ có 3 cánh đặc, khóa đơn Khoang này có thể để những tài liệu hoặc các giấy tờ quan trọng Bên cạnh có ba ngăn kéo nhỏ, để đồ dùng cá nhân tiện lợi 
   Kích thước: 1350x400x2000mm
  Chất liệu: Gỗ MDF và sơn PU";4850000;405/2025/252/CTTĐG-VNVIC;16/12/2025;…;Bùi Thị Trà Giang
806;;Bàn họp nhỏ;Cái;"Bàn họp:
 Bàn được làm từ gỗ MDF cao cấp, chống cong vênh, mối mọt
 Lớp sơn PU phủ bên ngoài giúp cho sản phẩm sáng bóng, trơn mịn
 Bàn họp mặt liền hình oval, có vách, chân bàn lượn cong hình chữ C
 Phụ kiện bản lề, cam, liên kết của Hafele
 Kích thước: 2000x1000x750mm
 Chất liệu: Gỗ MDF và sơn PU";4166000;405/2025/252/CTTĐG-VNVIC;16/12/2025;…;Bùi Thị Trà Giang
807;;Ghế họp ;Cái;"Ghế họp: 
 - Kích thước: Rộng 570 – sâu 650 – cao 850mm
 Khung ghế được làm từ sắt mạ inox sáng bóng và thiết kế theo kiểu quỳ giúp ghế giữ được thăng bằng tạo cảm giác cân bằng cho người ngồi
 Mặt và lưng ghế được làm bằng đệm lưới tạo cảm giác êm ái khi ngồi";680000;405/2025/252/CTTĐG-VNVIC;16/12/2025;…;Bùi Thị Trà Giang
808;;Bảng ghim nỉ treo tường; Cái;"Bảng ghim nỉ treo tường:
- Kích thước: R800xD1200 mm
- Mô tả: Bảng có thiết kế khung bằng nhôm sáng bóng sang trọng, gọn nhẹ cùng các góc bo bằng nhựa an toàn cho người sử dụng Ghim cắm ngập không để lại vết  Cốt nhựa chống cong vênh và chịu nước 100% Ở giữa có một lớp cao su dày có độ đàn hồi tốt, giúp ghim tài liệu dễ dàng hơn ";673200;405/2025/252/CTTĐG-VNVIC;16/12/2025;…;Bùi Thị Trà Giang
809;;Cây nước nóng lạnh ;Cái;"Cây nước ấm lạnh có giá để cốc:
- Công suất: 570W, Nóng 450W - Lạnh 120W
- Nhiệt độ nước hãng công bố: Nóng ≥ 90°C, Lạnh ≤ 10°C
- Nhiệt độ nước thực tế: Nóng ≥ 90°C, Lạnh ≤ 10°C (Nhiệt độ nước thực tế sẽ phụ thuộc vào nhiệt độ môi trường và thể tích nước lấy ra)
-Năng suất làm nóng, lạnh: Nóng 4 lít/giờ, Lạnh 2 lít/giờ
- Chất liệu bình chứa: Inox 304
- Dung tích bình chứa: Nóng 08 lít - Lạnh 2 lít
- Hệ thống làm lạnh: Làm lạnh bằng Block (máy nén) cho độ lạnh sâu
- Điện năng tiêu thụ: 057 kW/h
- Tiện ích: Có nước nguội; Có khoang chứa đựng ly tách; Khay hứng nước
;Có đèn báo nóng lạnh
- Chế độ an toàn: Khóa vòi nước nóng; Tự ngắt điện khi nước đủ nóng, lạnh; Công tắc nóng lạnh độc lập; Tự ngắt khi bình nóng cạn nước
- Kích thước, khối lượng: Cao 100 cm - Ngang 31 cm - Sâu 35 cm - Nặng 1378 kg
";3490000;405/2025/252/CTTĐG-VNVIC;16/12/2025;…;Bùi Thị Trà Giang
810;;Rèm cầu vồng ;m2;"Rèm cầu vồng:  
 - Kích thước: R1200xC1900 mm,R1300xC1900 mm
 - Mô tả: Vải sợi cơ bản polyester 100% với hai vân vải xen kẽ nhau và cách nhau khoảng 8-10cm Hai vân vải bao gồm: 1 vân vải chính và 1 vân vải voan được dệt mỏng Hộp rèm bao gồm tất cả các linh kiện hộp rèm phía trên, thanh ray trục xoay rèm Tất cả các bộ phận này đều được làm bằng hợp kim nhôm chống rỉ sét, có độ bền rất cao";430000;405/2025/252/CTTĐG-VNVIC;16/12/2025;…;Bùi Thị Trà Giang
811;;Đồng hồ treo tường;cái;"Đồng hồ: 
- Kích thước: 350x350 mm
- Mô tả: Chất liệu nhựa bền đẹp, chắc chắn Mặt dồng hồ in hình họa tiết ngộ nghĩnh, màu sắc phong phú
";350000;405/2025/252/CTTĐG-VNVIC;16/12/2025;…;Bùi Thị Trà Giang
812;;Thùng rác;cái;"Thùng rác: 
 Thùng rác được làm từ nhựa PP cao cấp, cho độ bền cao, khả năng chống lão hóa tốt Kích thước: 345 x 34 x 44 cm";200000;405/2025/252/CTTĐG-VNVIC;16/12/2025;…;Bùi Thị Trà Giang
813;;Ổ cắm kéo dài đa năng kết hợp 5 ổ;Cái;"Ổ cắm kéo dài đa năng kết hợp 5 ổ
Ổ cắm điện có 5 lỗ 3 chấu, đa năng và có 5 công tắc đi kèm
Mỗi ổ cắm đều có nắp che, hạn chế tối đa bị phóng tia lửa điện, chống rò rỉ điện, chống giật hiệu quả, an toàn cho trẻ nhỏ
 Ổ cắm  được làm bằng hạt nhựa ABS nhập khẩu chịu nhiệt độ cao,chống cháy Chịu tải cao: Max 3200W, 2 lõi dây đồng : 2*1mm- Điện áp: 220V/ 50Hz";235000;405/2025/252/CTTĐG-VNVIC;16/12/2025;…;Bùi Thị Trà Giang
814;;Bàn làm việc ;Cái;"Kiểu Dáng:
    -  Yếm thẳng, mặt bàn có tấm PVC đen trang trí
    - Chân bàn kiểu hộp chắc chắn
 Kích Thước: W1800 x D900 x H760 mm
Chất liệu: Bàn làm từ gỗ công nghiệp sơn PU cao cấp
Bảo hành: 1 năm theo tiêu chuẩn nhà máy";3200000;405/2025/252/CTTĐG-VNVIC;16/12/2025;…;Bùi Thị Trà Giang
815;;Ghế da;Cái;"Ghế xoay lãnh đạo hòa phát SG904
Kiểu Dáng
    - Ghế xoay lãnh đạo lưng cao
    - Đệm tựa bọc da, da CN hoặc PVC có các đường may trang trí ô vuông
    - Chân ghế bằng nhựa có bánh xe, tay nhựa sởn phủ màu nhũ chì, bát có chức năng điều chỉnh độ cao cần hơi
    - Mặt ngồi có lớp đệm mút vừa phải
Kích Thước: W660 x D705 x H(1120-1200) mm

Chất liệu: Đệm tựa bọc da, chân tay ghế bằng nhựa sơn phủ nhũ chì";3510000;405/2025/252/CTTĐG-VNVIC;16/12/2025;…;Bùi Thị Trà Giang
816;;Tủ tài liệu ;Cái;"Tủ tài liệu:
Được làm gỗ công nghiệp MDF, phủ sơn PU giúp sản phẩm bền bỉ, sáng đẹp trong suốt thời gian sử dụng
Phụ kiện bản lề, cam, liên kết của Hafele Khoang bên trái có 2 cánh kính mở, 1 khóa đơn phù hợp để hồ sơ sổ sách hoặc tài liệu văn phòng Khoang bên phải có cánh áo dài, đặc và kín, có khóa dùng để treo quần áo Khoang bên dưới tủ có 3 cánh đặc, khóa đơn Khoang này có thể để những tài liệu hoặc các giấy tờ quan trọng Bên cạnh có ba ngăn kéo nhỏ, để đồ dùng cá nhân tiện lợi
Kích thước: R1850 x S460 x C1875 mm
Chất liệu: Gỗ MDF và sơn PU
";5000000;405/2025/252/CTTĐG-VNVIC;16/12/2025;…;Bùi Thị Trà Giang
817;;Bàn, ghế tiếp khách ;Bộ;"Bộ bàn ghế SOFA tiếp khách:
 - Ghế dài: 1820mmx720mm
 - Ghế nhỏ: 820mmx720mm
 - Đôn 360x360mm
 - Ghế khung gỗ, bọc đệm PVC màu đen, nâu Kết hợp tay gỗ công nghiệp
 1 ghế dài, 2 ghế nhỏ, 2 đôn
 - Bàn kính kết hợp gỗ công nghiệp melamine kích thước 1000mmx500x500mm";4500000;405/2025/252/CTTĐG-VNVIC;16/12/2025;…;Bùi Thị Trà Giang
818;;Cây nước nóng lạnh ;Cái;"Cây nước ấm lạnh có giá để cốc:
- Công suất: 570W, Nóng 450W - Lạnh 120W
- Nhiệt độ nước hãng công bố: Nóng ≥ 90°C, Lạnh ≤ 10°C
- Nhiệt độ nước thực tế: Nóng ≥ 90°C, Lạnh ≤ 10°C (Nhiệt độ nước thực tế sẽ phụ thuộc vào nhiệt độ môi trường và thể tích nước lấy ra)
-Năng suất làm nóng, lạnh: Nóng 4 lít/giờ, Lạnh 2 lít/giờ
- Chất liệu bình chứa: Inox 304
- Dung tích bình chứa: Nóng 08 lít - Lạnh 2 lít
- Hệ thống làm lạnh: Làm lạnh bằng Block (máy nén) cho độ lạnh sâu
- Điện năng tiêu thụ: 057 kW/h
- Tiện ích: Có nước nguội; Có khoang chứa đựng ly tách; Khay hứng nước
;Có đèn báo nóng lạnh
- Chế độ an toàn: Khóa vòi nước nóng; Tự ngắt điện khi nước đủ nóng, lạnh; Công tắc nóng lạnh độc lập; Tự ngắt khi bình nóng cạn nước
- Kích thước, khối lượng: Cao 100 cm - Ngang 31 cm - Sâu 35 cm - Nặng 1378 kg
";3490000;405/2025/252/CTTĐG-VNVIC;16/12/2025;…;Bùi Thị Trà Giang
819;;Bảng ghim nỉ treo tường; Cái;"Bảng ghim nỉ treo tường:
- Kích thước: R800xD1200 mm
- Mô tả: Bảng có thiết kế khung bằng nhôm sáng bóng sang trọng, gọn nhẹ cùng các góc bo bằng nhựa an toàn cho người sử dụng Ghim cắm ngập không để lại vết  Cốt nhựa chống cong vênh và chịu nước 100% Ở giữa có một lớp cao su dày có độ đàn hồi tốt, giúp ghim tài liệu dễ dàng hơn ";673200;405/2025/252/CTTĐG-VNVIC;16/12/2025;…;Bùi Thị Trà Giang
820;;Rèm cầu vồng ;m2;"Rèm cầu vồng:  
 - Kích thước: R1200xC1900 mm,R1300xC1900 mm
 - Mô tả: Vải sợi cơ bản polyester 100% với hai vân vải xen kẽ nhau và cách nhau khoảng 8-10cm Hai vân vải bao gồm: 1 vân vải chính và 1 vân vải voan được dệt mỏng Hộp rèm bao gồm tất cả các linh kiện hộp rèm phía trên, thanh ray trục xoay rèm Tất cả các bộ phận này đều được làm bằng hợp kim nhôm chống rỉ sét, có độ bền rất cao";430000;405/2025/252/CTTĐG-VNVIC;16/12/2025;…;Bùi Thị Trà Giang
821;;Đồng hồ treo tường;cái;"Đồng hồ: 
- Kích thước: 350x350 mm
- Mô tả: Chất liệu nhựa bền đẹp, chắc chắn Mặt dồng hồ in hình họa tiết ngộ nghĩnh, màu sắc phong phú
";350000;405/2025/252/CTTĐG-VNVIC;16/12/2025;…;Bùi Thị Trà Giang
822;;Thùng rác;Cái;"Thùng rác: 
 Thùng rác được làm từ nhựa PP cao cấp, cho độ bền cao, khả năng chống lão hóa tốt Kích thước: 345 x 34 x 44 cm";200000;405/2025/252/CTTĐG-VNVIC;16/12/2025;…;Bùi Thị Trà Giang
823;;Ổ cắm kéo dài đa năng kết hợp 5 ổ;Cái;"Ổ cắm kéo dài đa năng kết hợp 5 ổ
Ổ cắm điện có 5 lỗ 3 chấu, đa năng và có 5 công tắc đi kèm
Mỗi ổ cắm đều có nắp che, hạn chế tối đa bị phóng tia lửa điện, chống rò rỉ điện, chống giật hiệu quả, an toàn cho trẻ nhỏ
 Ổ cắm  được làm bằng hạt nhựa ABS nhập khẩu chịu nhiệt độ cao,chống cháy Chịu tải cao: Max 3200W, 2 lõi dây đồng : 2*1mm- Điện áp: 220V/ 50Hz";235000;405/2025/252/CTTĐG-VNVIC;16/12/2025;…;Bùi Thị Trà Giang
824;;Bàn họp quây;Bộ ;"Bàn họp sơn PU CT5016H1
Kiểu Dáng
    - Bàn họp sơn PU mặt chữ nhật 4 góc bàn khoét lượn
    - Bàn quây có đợt hoa bằng kính ở giữa, các mặt bàn ghép hộp lượn cong
    - Bàn họp thường sử dụng kết hợp với ghế chân quỳ, ghế xoay
    - Sản phẩm bàn họp CT5016H1 sử dụng trong phòng họp, phòng hội thảo
Kích Thước: W5000 x D1600 x H760 mm
Chất liệu: Gỗ sơn PU cao cấp
Bảo hành: 1 năm theo tiêu chuẩn nhà máy";16223760;405/2025/252/CTTĐG-VNVIC;16/12/2025;…;Bùi Thị Trà Giang
825;;Bàn hội trường;Cái;"Bàn họp: 
 - Kích thước: D1200xR500xC750 mm
 - Mô tả: Được làm từ gỗ MDF sơn phủ PU cao cấp Chân bàn lượn cong tạo dáng mềm mại Yếm bàn có trang trí phào gỗ  Phụ kiện bản lề, cam, liên kết chính hãng";2473000;405/2025/252/CTTĐG-VNVIC;16/12/2025;…;Bùi Thị Trà Giang
826;;Ghế họp ;cái;"Kích Thước: W420 x D550 x H1050 mm
Chất liệu:
    - ghế hội trường khung gỗ tự nhiên Acacia hoặc tần bì
    - Đệm tựa bọc vải, bọc da hoặc da công nghiệp
Bảo hành: 1 năm theo tiêu chuẩn nhà máy

Kiểu Dáng
    - Ghế hội trường gỗ tự nhiên Hòa Phát
    - Ghế có 4 chân tĩnh, khung gỗ tự nhiên toàn bộ
    - Tựa liền khung
    - Đệm tựa bọc vải, bọc da hoặc da công nghiệp";787520;405/2025/252/CTTĐG-VNVIC;16/12/2025;…;Bùi Thị Trà Giang
827;;Ghế ngồi làm việc;Cái;"Ghế họp: 
 - Kích thước: Rộng 570 – sâu 650 – cao 850mm
 Khung ghế được làm từ sắt mạ inox sáng bóng và thiết kế theo kiểu quỳ giúp ghế giữ được thăng bằng tạo cảm giác cân bằng cho người ngồi
 Mặt và lưng ghế được làm bằng đệm lưới tạo cảm giác êm ái khi ngồi";680000;405/2025/252/CTTĐG-VNVIC;16/12/2025;…;Bùi Thị Trà Giang
828;;Tủ đựng tài liệu;Cái;Tủ đựng hồ sơ tài liệu:- Kích thước: R1000xS450xC1830mm - Thẳng đứng 2 khoang, cánh mở sử dụng thép tiêu chuẩn Nhật Bản JIS G3141, sơn bột tĩnh điệnKhoang lớn phía trên gồm 2 cánh kính trong suốt, có khóa Cánh tủ có 1 chốt khóa trực tiếp vào ngăn đỡ cố định phía trongKhoang dưới có 2 cánh thép được chia đôi thành 2 ngăn có khóa và núm tay cầm riêng biệt;3172000;405/2025/252/CTTĐG-VNVIC;16/12/2025;…;Bùi Thị Trà Giang
829;;Cây nước nóng lạnh ;Cái;"Cây nước ấm lạnh có giá để cốc:
- Công suất: 570W, Nóng 450W - Lạnh 120W
- Nhiệt độ nước hãng công bố: Nóng ≥ 90°C, Lạnh ≤ 10°C
- Nhiệt độ nước thực tế: Nóng ≥ 90°C, Lạnh ≤ 10°C (Nhiệt độ nước thực tế sẽ phụ thuộc vào nhiệt độ môi trường và thể tích nước lấy ra)
-Năng suất làm nóng, lạnh: Nóng 4 lít/giờ, Lạnh 2 lít/giờ
- Chất liệu bình chứa: Inox 304
- Dung tích bình chứa: Nóng 08 lít - Lạnh 2 lít
- Hệ thống làm lạnh: Làm lạnh bằng Block (máy nén) cho độ lạnh sâu
- Điện năng tiêu thụ: 057 kW/h
- Tiện ích: Có nước nguội; Có khoang chứa đựng ly tách; Khay hứng nước
;Có đèn báo nóng lạnh
- Chế độ an toàn: Khóa vòi nước nóng; Tự ngắt điện khi nước đủ nóng, lạnh; Công tắc nóng lạnh độc lập; Tự ngắt khi bình nóng cạn nước
- Kích thước, khối lượng: Cao 100 cm - Ngang 31 cm - Sâu 35 cm - Nặng 1378 kg
";3490000;405/2025/252/CTTĐG-VNVIC;16/12/2025;…;Bùi Thị Trà Giang
830;;Rèm cầu vồng ;m2;"Rèm cầu vồng:  
 - Kích thước: R1200xC1900 mm,R1300xC1900 mm
 - Mô tả: Vải sợi cơ bản polyester 100% với hai vân vải xen kẽ nhau và cách nhau khoảng 8-10cm Hai vân vải bao gồm: 1 vân vải chính và 1 vân vải voan được dệt mỏng Hộp rèm bao gồm tất cả các linh kiện hộp rèm phía trên, thanh ray trục xoay rèm Tất cả các bộ phận này đều được làm bằng hợp kim nhôm chống rỉ sét, có độ bền rất cao";430000;405/2025/252/CTTĐG-VNVIC;16/12/2025;…;Bùi Thị Trà Giang
831;;Thùng rác;cái;"Thùng rác: 
 Thùng rác được làm từ nhựa PP cao cấp, cho độ bền cao, khả năng chống lão hóa tốt Kích thước: 345 x 34 x 44 cm";200000;405/2025/252/CTTĐG-VNVIC;16/12/2025;…;Bùi Thị Trà Giang
832;;Đồng hồ treo tường;cái;"Đồng hồ: 
- Kích thước: 350x350 mm
- Mô tả: Chất liệu nhựa bền đẹp, chắc chắn Mặt dồng hồ in hình họa tiết ngộ nghĩnh, màu sắc phong phú
";350000;405/2025/252/CTTĐG-VNVIC;16/12/2025;…;Bùi Thị Trà Giang
833;;Bàn làm việc ;Cái;"Bàn làm việc: 
 - Kích thước: R1200xS600xC750 mm
 - Mô tả: Bàn sử dụng gỗ MFC cao cấp màu vân gỗ sáng Bàn có ngăn hộc dài sát đất bao gồm 1 ngăn kéo + 1 cánh tủ có khóa an toàn; có 1 khay để bàn phím và 1 kệ CPU; mặt bàn dày 25mm, ngăn bàn các tấm chắn làm bằng gỗ dày 18mm";1350000;405/2025/252/CTTĐG-VNVIC;16/12/2025;…;Bùi Thị Trà Giang
834;;Ổ cắm kéo dài đa năng kết hợp 5 ổ;Cái;"Ổ cắm kéo dài đa năng kết hợp 5 ổ
Ổ cắm điện có 5 lỗ 3 chấu, đa năng và có 5 công tắc đi kèm
Mỗi ổ cắm đều có nắp che, hạn chế tối đa bị phóng tia lửa điện, chống rò rỉ điện, chống giật hiệu quả, an toàn cho trẻ nhỏ
 Ổ cắm  được làm bằng hạt nhựa ABS nhập khẩu chịu nhiệt độ cao,chống cháy Chịu tải cao: Max 3200W, 2 lõi dây đồng : 2*1mm- Điện áp: 220V/ 50Hz";235000;405/2025/252/CTTĐG-VNVIC;16/12/2025;…;Bùi Thị Trà Giang
835;;Bàn hội trường;Cái;"Bàn họp: 
 - Kích thước: D1200xR500xC750 mm
 - Mô tả: Được làm từ gỗ MDF sơn phủ PU cao cấp Chân bàn lượn cong tạo dáng mềm mại Yếm bàn có trang trí phào gỗ  Phụ kiện bản lề, cam, liên kết chính hãng";2473000;405/2025/252/CTTĐG-VNVIC;16/12/2025;…;Bùi Thị Trà Giang
836;;Ghế họp ;cái;"Kích Thước: W420 x D550 x H1050 mm
Chất liệu:
    - ghế hội trường khung gỗ tự nhiên Acacia hoặc tần bì
    - Đệm tựa bọc vải, bọc da hoặc da công nghiệp
Bảo hành: 1 năm theo tiêu chuẩn nhà máy

Kiểu Dáng
    - Ghế hội trường gỗ tự nhiên Hòa Phát
    - Ghế có 4 chân tĩnh, khung gỗ tự nhiên toàn bộ
    - Tựa liền khung
    - Đệm tựa bọc vải, bọc da hoặc da công nghiệp";787520;405/2025/252/CTTĐG-VNVIC;16/12/2025;…;Bùi Thị Trà Giang
837;;Loa toàn dải;Bộ (2 loa);"Loa toàn dải
 Cấu tạo Loa bass + loa treble
 Loa bass 2 x 38 cm
 Loa treble 75 cm
 Công suất định mức 900W
 Độ nhạy 102dB
 Trở kháng 4 Ω
 Dải tần số 35Hz-21KHz
 Góc phủ âm 100 độ x 50 độ
 Kiêu dáng Loa đứng
 Trọng lượng 59 kg
 Kích thước 466 x 1250 x 465 mm
 Mức áp suất âm thanh tối đa 138dB";19602000;405/2025/252/CTTĐG-VNVIC;16/12/2025;…;Bùi Thị Trà Giang
838;;Tủ gỗ để amply, đầu DVD, micro;Cái;"Gỗ dán nhiều lớp 9mm bền mặt tráng nhựa
Xung quanh các cạnh bọc góc nhôm dày
Có khóa lưỡi móc dễ dàng khóa phù hợp và lưỡi
Chân quay đa hướng có vòng bi bánh cao su bền chắc chắn
Đinh tán neo kép
Gắn các phần cứng như amplifer, thiết bị vi xử lý tín hiệu vvv
Góc bằng sắt dập mạ crom bóng đẹp và mạnh mẽ
Độ bền rất cao
kích thước 530 (Rộng) x 600 (Cao) x 670 (Sâu) mm";1800000;405/2025/252/CTTĐG-VNVIC;16/12/2025;…;Bùi Thị Trà Giang
839;;Bục tượng bác ;Cái;"Bục tượng bác:
 - Kích thước:800x600x1160mm
 - Bục tượng bác được làm bằng gỗ công nghiệp sơn PU đồng màu với nội thất trong phòng
 - Kết hợp giấy vân đốm Phần trên bục cách điệu đài sen trang trí";3409560;405/2025/252/CTTĐG-VNVIC;16/12/2025;…;Bùi Thị Trà Giang
840;;Bục phát biểu ;Cái;"Bục phát biểu 
  Kích thước:  W800 x D550 x H1300 mm
 Chất liệu:  Gỗ công nghiệp sơn PU cao cấp đồng màu với nội thất trong phòng
 Kiểu dáng: 
 + Bục phát biểu nhẹ nhàng thanh thoát Phần thân thiết kế vát cong sang trọng";2859516;405/2025/252/CTTĐG-VNVIC;16/12/2025;…;Bùi Thị Trà Giang
841;;Âm ly ;Bộ;"Âm ly 
Nguồn điện Nguồn điện : 220-240V AC hoặc 24V DC
Công Suất ra : 240W
Đáp tuyến tần số : 50-20,000Hz
Độ méo tiếng Dưới 1%
Ngõ vào Mic 1-3 : -60dB 600Ω Cân bằng
AUX 1,2 : -20dB, 10kΩ không cân bằng, CRA
Trở kháng cao : 42Ω
Trở kháng thấp : 4Ω (31V)
Ngõ ra âm thanh : 0 dB(10mA), 600Ω, không cân bằng, Jắc cắm hoa sen(RCA)
Nguồn Phantom Mic 1
Tỉ lệ S/N : Hơn 60dB
Điều chỉnh âm sắc : Bass/Treble
Chất liệu Mặt trước: Nhựa ABS, màu đen/Vỏ: Thép, Sơn màu đen
Kích thước : 420(R)x 1009© 3603(S) mm";9111300;405/2025/252/CTTĐG-VNVIC;16/12/2025;…;Bùi Thị Trà Giang
842;;Micro không dây ;Bộ (2 micro);"Micro
- Dải tần lựa chọn: 740MHz – 820MHz
- Dải tần số lựa chọn băng thông: 80MHz
- Chế độ điều chỉnh: FM
- Tần số đáp ứng: 50Hz ~ 18kHz
- Số lượng kênh điều chỉnh: 500/1000
- Độ nhạy đầu vào thực tế: >15dB
- Khoảng cách hoạt động ổn định: <100 mét
- THD: <05% (@1KHz)
- Tỷ số S / N> 80dB
- Công suất: ≦ 50mW
- Nguồn điện: DC 12-16V , 1200mA
- Màn hình: LCD + màn hình backlit nhiều màu
- Trọng lượng: 295 gram";3990000;405/2025/252/CTTĐG-VNVIC;16/12/2025;…;Bùi Thị Trà Giang
843;;Micro để bàn;Cái;"Micro để bàn:                                
Micro cổ ngỗng 
Trở kháng đầu ra: 200Ω
Nhận micro khoảng cách: 20-50CM
Nguồn DC9V
Đáp ứng tần số: 60 – 16KHz
Độ nhạy: -42 ± dB";1676700;405/2025/252/CTTĐG-VNVIC;16/12/2025;…;Bùi Thị Trà Giang
844;;Dây loa ;m;"- Có 2 lớp bọc chống thông khí
- Chất liệu bằng đồng nguyên chất sợi đồng sáng và mềm
- Lõi đốt không đen
- Chất âm trong, mạnh mẽ và mịn màng";25000;405/2025/252/CTTĐG-VNVIC;16/12/2025;…;Bùi Thị Trà Giang
845;; Rèm phông nhung xanh;m2;"Rèm phông nhung xanh:
- Chất liệu vải nhung Hàn Quốc cao cấp 
- May rèm kiểu chiết múi hoặc hình thức ore
- Độ chun: 2,5 lần
- Bao gồm phụ kiện và lắp đặt hoàn thiện";300000;405/2025/252/CTTĐG-VNVIC;16/12/2025;…;Bùi Thị Trà Giang
846;;Rèm phông nhung đỏ;m2;"Rèm phông nhung đỏ:
- Chất liệu vải nhung Hàn Quốc cao cấp 
- May rèm kiểu chiết múi hoặc hình thức ore
- Độ chun: 2,5 lần
- Bao gồm phụ kiện và lắp đặt hoàn thiện";300000;405/2025/252/CTTĐG-VNVIC;16/12/2025;…;Bùi Thị Trà Giang
847;;Sao vàng, búa liềm;bộ;Sao vàng, búa liềm làm bằng Mica mạ vàng đường kính 50cm;600000;405/2025/252/CTTĐG-VNVIC;16/12/2025;…;Bùi Thị Trà Giang
848;;Bảng khẩu hiệu;Cái;"Bảng khẩu hiệu ""ĐẢNG CỘNG SẢN VIỆT NAM QUANG VINH MUÔN NĂM"" làm bằng khung nhôm, mặt Mica đỏ 3mm, chữ làm bằng Mica gương vàng cắt CNC, uốn nổi bằng chân Formex, dán Decal gương vàng";4680000;405/2025/252/CTTĐG-VNVIC;16/12/2025;…;Bùi Thị Trà Giang
849;;Rèm cầu vồng ;m2;"Rèm cầu vồng  :
- Kích thước: R1300xC1900 mm,R1200xC1900mm,
- Mô tả: Vải sợi cơ bản polyester 100% với hai vân vải xen kẽ nhau và cách nhau khoảng 8-10cm Hai vân vải bao gồm: 1 vân vải chính và 1 vân vải voan được dệt mỏng Hộp rèm bao gồm tất cả các linh kiện hộp rèm phía trên, thanh ray trục xoay rèm Tất cả các bộ phận này đều được làm bằng hợp kim nhôm chống rỉ sét, có độ bền rất cao";430000;405/2025/252/CTTĐG-VNVIC;16/12/2025;…;Bùi Thị Trà Giang
850;;Tượng Bác;Cái;"Tượng Bác:
Chất liệu : Thạch cao phủ màu đồng
KT: R700xC800mm";1250000;405/2025/252/CTTĐG-VNVIC;16/12/2025;…;Bùi Thị Trà Giang
851;;"Đồng hồ treo tường
";cái;"Đồng hồ :
- Kích thước: 370x360x50 mm
- Mô tả: Chất liệu nhựa bền đẹp, chắc chắn Kiểu dáng ngộ nghĩnh, trẻ con, màu sắc phong phú";350000;405/2025/252/CTTĐG-VNVIC;16/12/2025;…;Bùi Thị Trà Giang
852;;Giá treo loa + phụ kiện;Cái;Giá treo loa + phụ kiện ( jack, vít nở, công lắp đặt);1450000;405/2025/252/CTTĐG-VNVIC;16/12/2025;…;Bùi Thị Trà Giang
853;;Đầu DVD ;Cái;"Đầu DVD:
- Kết nối USB
- Cổng AV Có
- Đọc CD, DVD,VCD";1834800;405/2025/252/CTTĐG-VNVIC;16/12/2025;…;Bùi Thị Trà Giang
854;;Ổ cắm kéo dài đa năng kết hợp 5 ổ;Cái;"Ổ cắm kéo dài đa năng kết hợp 5 ổ
Ổ cắm điện có 5 lỗ 3 chấu, đa năng và có 5 công tắc đi kèm
Mỗi ổ cắm đều có nắp che, hạn chế tối đa bị phóng tia lửa điện, chống rò rỉ điện, chống giật hiệu quả, an toàn cho trẻ nhỏ
 Ổ cắm  được làm bằng hạt nhựa ABS nhập khẩu chịu nhiệt độ cao,chống cháy Chịu tải cao: Max 3200W, 2 lõi dây đồng : 2*1mm- Điện áp: 220V/ 50Hz";235000;405/2025/252/CTTĐG-VNVIC;16/12/2025;…;Bùi Thị Trà Giang
855;;Màn hình Led trong nhà P25;m2;"Kích thước: 3520x2080mm
'Kích thước  Module: 320 x 160
'-Cấu tạo bóng LED: 1R1G1B 3 in 1 SMD2121
'-Cường độ sáng: ≥ 1500 cd/sqm
- Số màu hiển thị tối thiểu: >16,7 triệu màu
- Nhiệt độ: -30 đến 60 độ
- Nhiệt độ màu: 6500 độ K
'- Góc nhìn ngang (Độ sáng 50%) : 140 (-70 ~ +70) độ
- Góc nhìn dọc (Độ sáng 50%):  140 (-70 ~ +70) độ
- Khoảng cách xem tối thiểu được khuyến nghị: 1,9m
- Độ tương phản: 1000:01:00
'- Tỉ lệ khung hình video: 60 Hz
- Hiển thị tốc độ làm mới: 980 ~ 3000 Hz
- Điện áp đầu vào: 110 đến 240 VAC
- Tần số nguồn đầu vào: 50 đến 60 Hz
- Công suất đầu vào (tối đa): 600 Watts / panel
'- Tuổi thọ (với cường độ sáng 50%): 100000 giờ
- Định dạng dữ liệu đa phương tiện: DVI, MPG, AVI, WMV, RM, vv
- Kết nối dữ liệu: UTP Cat 5e/ Cat6 / Cáp quang";14124000;405/2025/252/CTTĐG-VNVIC;16/12/2025;…;Bùi Thị Trà Giang
856;;Hệ thống điều khiển;Hệ thống;Hệ thống điều khiển đèn Led:;8800000;405/2025/252/CTTĐG-VNVIC;16/12/2025;…;Bùi Thị Trà Giang
857;;Phụ kiện lắp đặt hoàn thiện màn hình led;gói;;2966000;405/2025/252/CTTĐG-VNVIC;16/12/2025;…;Bùi Thị Trà Giang
858;;Hệ thống giàn khung đỡ màn hình và các phụ kiện kèm theo;gói;;7300000;405/2025/252/CTTĐG-VNVIC;16/12/2025;…;Bùi Thị Trà Giang
859;;Tủ trưng bằng khen;Cái ;Tủ kệ kính trưng bày có 2 phần, phần dưới tủ gỗ công nghiệp cánh gỗ mở, phần trên tủ kệ gỗ cánh kính lùa, bên trong có 4 đợt kính chia làm 5 ngăn để sản phẩm Kích thước tủ: cao 2 mét, rộng 1,2 mét và sâu 30cm;7000000;405/2025/252/CTTĐG-VNVIC;16/12/2025;…;Bùi Thị Trà Giang
860;;Thảm sân khấu+phụ kiện;m2;"Chất liệu sợi : PP (polyprotilen)
Đế : Cước
Cấu trúc : Sợi Vòng
Tổng độ dày : 5mm
Tổng trọng lượng : 1400g/m2
Khổ thảm : 3,66M & 4M
Được sử dụng nhiều cho văn phòng, công sở
Thảm một màu Indonecia là mẫu thảm chuyên dùng cho khối văn phòng,";98500;405/2025/252/CTTĐG-VNVIC;16/12/2025;…;Bùi Thị Trà Giang
861;;Bàn làm việc;Cái;"Bàn làm việc :
- Kích thước: R1200xS600xC750 mm
- Mô tả: Bàn sử dụng gỗ MFC cao cấp màu vân gỗ sáng Bàn có ngăn hộc dài sát đất bao gồm 1 ngăn kéo + 1 cánh tủ có khóa an toàn; có 1 khay để bàn phím và 1 kệ CPU; mặt bàn dày 25mm, ngăn bàn các tấm chắn làm bằng gỗ dày 18mm";1350000;405/2025/252/CTTĐG-VNVIC;16/12/2025;…;Bùi Thị Trà Giang
862;;Ghế ngồi;cái;"Kích Thước: W420 x D550 x H1050 mm
Chất liệu:
    - ghế hội trường khung gỗ tự nhiên Acacia hoặc tần bì
    - Đệm tựa bọc vải, bọc da hoặc da công nghiệp
Bảo hành: 1 năm theo tiêu chuẩn nhà máy

Kiểu Dáng
    - Ghế hội trường gỗ tự nhiên Hòa Phát
    - Ghế có 4 chân tĩnh, khung gỗ tự nhiên toàn bộ
    - Tựa liền khung
    - Đệm tựa bọc vải, bọc da hoặc da công nghiệp";787520;405/2025/252/CTTĐG-VNVIC;16/12/2025;…;Bùi Thị Trà Giang
863;;Cây nước nóng lạnh ;Cái;"Cây nước ấm lạnh có giá để cốc:
- Công suất: 570W, Nóng 450W - Lạnh 120W
- Nhiệt độ nước hãng công bố: Nóng ≥ 90°C, Lạnh ≤ 10°C
- Nhiệt độ nước thực tế: Nóng ≥ 90°C, Lạnh ≤ 10°C (Nhiệt độ nước thực tế sẽ phụ thuộc vào nhiệt độ môi trường và thể tích nước lấy ra)
-Năng suất làm nóng, lạnh: Nóng 4 lít/giờ, Lạnh 2 lít/giờ
- Chất liệu bình chứa: Inox 304
- Dung tích bình chứa: Nóng 08 lít - Lạnh 2 lít
- Hệ thống làm lạnh: Làm lạnh bằng Block (máy nén) cho độ lạnh sâu
- Điện năng tiêu thụ: 057 kW/h
- Tiện ích: Có nước nguội; Có khoang chứa đựng ly tách; Khay hứng nước
;Có đèn báo nóng lạnh
- Chế độ an toàn: Khóa vòi nước nóng; Tự ngắt điện khi nước đủ nóng, lạnh; Công tắc nóng lạnh độc lập; Tự ngắt khi bình nóng cạn nước
- Kích thước, khối lượng: Cao 100 cm - Ngang 31 cm - Sâu 35 cm - Nặng 1378 kg
";3490000;405/2025/252/CTTĐG-VNVIC;16/12/2025;…;Bùi Thị Trà Giang
864;;Thùng rác;cái;"Kích thước: 345x340x440mm
Chất liệu nhựa pp nguyên chất 100% có nắp đạy ngăn mùi hôi từ rác Có thùng đựng rác riêng biệt, có chỗ đạp chân mở đẩy, dễ lau chùi sản phẩm";200000;405/2025/252/CTTĐG-VNVIC;16/12/2025;…;Bùi Thị Trà Giang
865;;Rèm cầu vồng ;m2;"Rèm cầu vồng  :
- Kích thước: R1300xC1900 mm
- Mô tả: Vải sợi cơ bản polyester 100% với hai vân vải xen kẽ nhau và cách nhau khoảng 8-10cm Hai vân vải bao gồm: 1 vân vải chính và 1 vân vải voan được dệt mỏng Hộp rèm bao gồm tất cả các linh kiện hộp rèm phía trên, thanh ray trục xoay rèm Tất cả các bộ phận này đều được làm bằng hợp kim nhôm chống rỉ sét, có độ bền rất cao";430000;405/2025/252/CTTĐG-VNVIC;16/12/2025;…;Bùi Thị Trà Giang
866;;Bàn làm việc;Cái;"Bàn làm việc :
- Kích thước: R1200xS600xC750 mm
- Mô tả: Bàn sử dụng gỗ MFC cao cấp màu vân gỗ sáng Bàn có ngăn hộc dài sát đất bao gồm 1 ngăn kéo + 1 cánh tủ có khóa an toàn; có 1 khay để bàn phím và 1 kệ CPU; mặt bàn dày 25mm, ngăn bàn các tấm chắn làm bằng gỗ dày 18mm";1350000;405/2025/252/CTTĐG-VNVIC;16/12/2025;…;Bùi Thị Trà Giang
867;;Ghế ngồi làm việc;cái;"Ghế ngồi 
 Kích thước : R560x S560X C (860-980) Ghế xoay nhân viên có tay ,mặt ngồi đệm mút ,bọc nỉ ,tựa viền nhựa nguyên sinh bọc lưới Điều chỉnh độ cao bằng cần hơi ,có cốc gật gù,có ốp trục thủy lực ,chân nhựaKết cấu ghế vững chắc ,tay nhựa cong ";850000;405/2025/252/CTTĐG-VNVIC;16/12/2025;…;Bùi Thị Trà Giang
868;;Tủ đựng tài liệu;Cái;"Tủ đựng hồ sơ tài liệu:
Tủ đựng hồ sơ tài liệu: Tủ gồm 2 khoang, khoang trên có 2 đợt di động, khung cánh kính mở; khoang dưới có 2 cánh sắt mở Cơ cấu lắp ghép 
Kích thước: W1000 x D450 x H1830 mm, thép tấm dày 06mm sơn tĩnh điện màu ghi sáng kính dày 32mm";3172000;405/2025/252/CTTĐG-VNVIC;16/12/2025;…;Bùi Thị Trà Giang
869;;Ghế tiếp khách;Cái;"Ghế gập: 
- Kích thước: R460xS515xC890 mm
- Mô tả: Kết cấu vững chắc với khung Inox D22, đệm tựa mút bọc PVC
- Ghế có thể gấp lại tiện dụng
";440000;405/2025/252/CTTĐG-VNVIC;16/12/2025;…;Bùi Thị Trà Giang
870;;Bảng ghim nỉ treo tường; Cái;"Bảng ghim nỉ treo tường:
- Kích thước: R800xD1200 mm
- Mô tả: Bảng có thiết kế khung bằng nhôm sáng bóng sang trọng, gọn nhẹ cùng các góc bo bằng nhựa an toàn cho người sử dụng Ghim cắm ngập không để lại vết  Cốt nhựa chống cong vênh và chịu nước 100% Ở giữa có một lớp cao su dày có độ đàn hồi tốt, giúp ghim tài liệu dễ dàng hơn ";673200;405/2025/252/CTTĐG-VNVIC;16/12/2025;…;Bùi Thị Trà Giang
871;;Cây nước nóng lạnh ;Cái;"Cây nước ấm lạnh có giá để cốc:
- Công suất: 570W, Nóng 450W - Lạnh 120W
- Nhiệt độ nước hãng công bố: Nóng ≥ 90°C, Lạnh ≤ 10°C
- Nhiệt độ nước thực tế: Nóng ≥ 90°C, Lạnh ≤ 10°C (Nhiệt độ nước thực tế sẽ phụ thuộc vào nhiệt độ môi trường và thể tích nước lấy ra)
-Năng suất làm nóng, lạnh: Nóng 4 lít/giờ, Lạnh 2 lít/giờ
- Chất liệu bình chứa: Inox 304
- Dung tích bình chứa: Nóng 08 lít - Lạnh 2 lít
- Hệ thống làm lạnh: Làm lạnh bằng Block (máy nén) cho độ lạnh sâu
- Điện năng tiêu thụ: 057 kW/h
- Tiện ích: Có nước nguội; Có khoang chứa đựng ly tách; Khay hứng nước
;Có đèn báo nóng lạnh
- Chế độ an toàn: Khóa vòi nước nóng; Tự ngắt điện khi nước đủ nóng, lạnh; Công tắc nóng lạnh độc lập; Tự ngắt khi bình nóng cạn nước
- Kích thước, khối lượng: Cao 100 cm - Ngang 31 cm - Sâu 35 cm - Nặng 1378 kg
";3490000;405/2025/252/CTTĐG-VNVIC;16/12/2025;…;Bùi Thị Trà Giang
872;;Rèm cầu vồng;m2;"Rèm cầu vồng  :
- Kích thước: R830xC1900 mm,
- Mô tả: Vải sợi cơ bản polyester 100% với hai vân vải xen kẽ nhau và cách nhau khoảng 8-10cm Hai vân vải bao gồm: 1 vân vải chính và 1 vân vải voan được dệt mỏng Hộp rèm bao gồm tất cả các linh kiện hộp rèm phía trên, thanh ray trục xoay rèm Tất cả các bộ phận này đều được làm bằng hợp kim nhôm chống rỉ sét, có độ bền rất cao";430000;405/2025/252/CTTĐG-VNVIC;16/12/2025;…;Bùi Thị Trà Giang
873;;"Đồng hồ treo tường
";cái;"Đồng hồ :
- Kích thước: 370x360x50 mm
- Mô tả: Chất liệu nhựa bền đẹp, chắc chắn";350000;405/2025/252/CTTĐG-VNVIC;16/12/2025;…;Bùi Thị Trà Giang
874;;Thùng rác;cái;"Kích thước: 345x340x440mm
Chất liệu nhựa pp nguyên chất 100% có nắp đạy ngăn mùi hôi từ rác Có thùng đựng rác riêng biệt, có chỗ đạp chân mở đẩy, dễ lau chùi sản phẩm";200000;405/2025/252/CTTĐG-VNVIC;16/12/2025;…;Bùi Thị Trà Giang
875;;Tủ sắt đựng đồ;Cái ;"Tủ đựng hồ sơ tài liệu:
Tủ đựng hồ sơ tài liệu: Tủ gồm 2 khoang, khoang trên có 2 đợt di động, khung cánh kính mở; khoang dưới có 2 cánh sắt mở Cơ cấu lắp ghép 
Kích thước: W1000 x D450 x H1830 mm, thép tấm dày 06mm sơn tĩnh điện màu ghi sáng kính dày 32mm";3172000;405/2025/252/CTTĐG-VNVIC;16/12/2025;…;Bùi Thị Trà Giang
876;;Két sắt;Cái;"•	Trọng lượng: 125kg
•	Kích thước: Cao x Rộng x Sâu
•	Kích thước ngoài: Cao700 x Rộng450 x Sâu520 mm
•	Kích thước trong: Cao500 x Rộng340 x Sâu306 mm
•	Kích thước ngăn kéo: Cao 120 * Rộng 340 * Sâu 320 mm
•	Bao gồm: Khóa chìa bi, Khóa cơ đổi mã , Ổ khóa chìa chống trộm dò mã
•	Nội thất 3 ngăn, có ngăn kéo có khóa riêng
•	màu sắc: thân nâu cánh vàng
•	Chốt khóa INOX 4 chiều";7475000;405/2025/252/CTTĐG-VNVIC;16/12/2025;…;Bùi Thị Trà Giang
877;;Giường đơn ;Bộ;"Giường đơn : 
 Kích thước (Dài x Rộng x Cao): 1900 x 900 x 540 mm
Chân giường ống inox phi 32 mm
Khung giường hộp 30 x 60 mm
Dát giường hộp 10 x 40 mm Nan đỡ dát giường hộp vuông 25 mm
Nan dọc đầu giường ống phi 13 mm
 Lan can giường ống phi 19 mm 
Chân đế cao su";1800000;405/2025/252/CTTĐG-VNVIC;16/12/2025;…;Bùi Thị Trà Giang
878;;Đệm bọc da;bộ;"Đệm bọc da:
- Kích thước: D2000xS800xC100mm
- Mô tả: Đệm nỉ bọc da (Theo KT giường)";900000;405/2025/252/CTTĐG-VNVIC;16/12/2025;…;Bùi Thị Trà Giang
879;;Bàn làm việc;Cái;"Bàn làm việc: 
 - Kích thước: R1200xS600xC750 mm
 - Mô tả: Bàn sử dụng gỗ MFC cao cấp màu vân gỗ sáng Bàn có ngăn hộc dài sát đất bao gồm 1 ngăn kéo + 1 cánh tủ có khóa an toàn; có 1 khay để bàn phím và 1 kệ CPU; mặt bàn dày 25mm, ngăn bàn các tấm chắn làm bằng gỗ dày 18mm";1350000;405/2025/252/CTTĐG-VNVIC;16/12/2025;…;Bùi Thị Trà Giang
880;;Ghế làm việc ;Cái;"Ghế gập: 
- Kích thước: R460xS515xC890 mm
- Mô tả: Kết cấu vững chắc với khung Inox D22, đệm tựa mút bọc PVC
- Ghế có thể gấp lại tiện dụng
";440000;405/2025/252/CTTĐG-VNVIC;16/12/2025;…;Bùi Thị Trà Giang
881;;Rèm cầu vồng ;m2;"Rèm cầu vồng  :
- Kích thước: R1300xC1900 mm
- Mô tả: Vải sợi cơ bản polyester 100% với hai vân vải xen kẽ nhau và cách nhau khoảng 8-10cm Hai vân vải bao gồm: 1 vân vải chính và 1 vân vải voan được dệt mỏng Hộp rèm bao gồm tất cả các linh kiện hộp rèm phía trên, thanh ray trục xoay rèm Tất cả các bộ phận này đều được làm bằng hợp kim nhôm chống rỉ sét, có độ bền rất cao";430000;405/2025/252/CTTĐG-VNVIC;16/12/2025;…;Bùi Thị Trà Giang
882;;"Đồng hồ treo tường
";cái;"Đồng hồ :
- Kích thước: 370x360x50 mm
- Mô tả: Chất liệu nhựa bền đẹp, chắc chắn";350000;405/2025/252/CTTĐG-VNVIC;16/12/2025;…;Bùi Thị Trà Giang
883;;Thùng rác;cái;"Kích thước: 345x340x440mm
Chất liệu nhựa pp nguyên chất 100% có nắp đạy ngăn mùi hôi từ rác Có thùng đựng rác riêng biệt, có chỗ đạp chân mở đẩy, dễ lau chùi sản phẩm";200000;405/2025/252/CTTĐG-VNVIC;16/12/2025;…;Bùi Thị Trà Giang
884;;Tủ để đồ;Cái;"Tủ để đồ: 
- Kích thước: 1000x500x1830mm 
- Tủ sắt sơn tĩnh điện màu ghi, có 1 khối gồm 2 khoang, mỗi khoang có 2 đợt di động, có thêm 1 suốt treo áo, tủ có 2 cánh sắt mở, 2 tay nắm nhựa liền khóa";2950000;405/2025/252/CTTĐG-VNVIC;16/12/2025;…;Bùi Thị Trà Giang
885;;Micro không dây ;Bộ;"Micro
- Dải tần lựa chọn: 740MHz – 820MHz
- Dải tần số lựa chọn băng thông: 80MHz
- Chế độ điều chỉnh: FM
- Tần số đáp ứng: 50Hz ~ 18kHz
- Số lượng kênh điều chỉnh: 500/1000
- Độ nhạy đầu vào thực tế: >15dB
- Khoảng cách hoạt động ổn định: <100 mét
- THD: <05% (@1KHz)
- Tỷ số S / N> 80dB
- Công suất: ≦ 50mW
- Nguồn điện: DC 12-16V , 1200mA
- Màn hình: LCD + màn hình backlit nhiều màu
- Trọng lượng: 295 gram";3990000;405/2025/252/CTTĐG-VNVIC;16/12/2025;…;Bùi Thị Trà Giang
886;;Amply công suất;Cái;"Amply công suất
• Công suất 650W
• Tích hợp chia 6 vùng
• Thu phát FM
• Giao tiếp USB, thẻ nhớ
• Chức năng ưu tiên mic
• Màn hình hiển thị Led
• Tự động phát nhạc khi bật nguồn";21450000;405/2025/252/CTTĐG-VNVIC;16/12/2025;…;Bùi Thị Trà Giang
887;;Bộ trộn âm thanh;Cái;"Bộ trộn âm thanh
Bộ Mixer kỹ thuật số cao cấp 16 kênh
Max 10 Mic / 16 Line Inputs (8 mono + 4 stereo)
4 GROUP Bus + 1 Stereo Bus
4 AUX (bao gồm FX)
Bộ tiền khuếch đại micro “D-PRE” với mạch đảo Darlington
1-knob compressor
Hiệu ứng cao cấp: SPX với 24 chương trình
Thiết bị chuyển mạch switch PAD trên đầu vào mono
Nguồn phantom +48V
XLR đầu ra cân bằng
Nguồn điện nội bộ đa năng sử dụng trên toàn thế giới
Bao gồm rack mount kit
Khung kim loại
Kích thước (D×C×R): ~444 mm x 130 mm x 500 mm (17,5"" x 5,1"" x 19,7"")";15900000;405/2025/252/CTTĐG-VNVIC;16/12/2025;…;Bùi Thị Trà Giang
888;;Cục đẩy công suất;cái;"Cục đẩy công suất
Công suất ra 8Ω 1050Wx2
Công suất ra 4Ω 1500Wx2
Công suất ra Bridge 8Ω 3000W
Độ nhạy ngõ vào 14V/32dB/26dB
Đáp tuyến tần số (20Hz~20KHz)±05dB
Tỉ lệ S/N 100dB
Độ méo tiếng <005%(MBW=80KHz,1Khz)
Độ nhiễu xuyên âm <-70dB
Độ ẩm tương đối >300
Chức năng bảo vệ Tự động làm mát
Nguồn điện cung cấp 110~120@220~240AC
Kích thước 483 x 320 x 1333mm";17000000;405/2025/252/CTTĐG-VNVIC;16/12/2025;…;Bùi Thị Trà Giang
889;;Loa thùng sân trường;cái;"Loa thùng sân trường
 Dải tần số:  40Hz - 20kHz ( - 10dB )
 Độ nhạy:  98dB
 Trở kháng:  4 Ohm
 Công suất đáp ứng:  700W(Liên tục), 2800W(peak)
 Max SPL: 132dB Converage(HxV): 80* x 60*
 Kích thước:    470,5x 1047x 477 (mm)";7120000;405/2025/252/CTTĐG-VNVIC;16/12/2025;…;Bùi Thị Trà Giang
890;;Dây loa ;m;"Dây loa 
- Có 2 lớp bọc chống thông khí
- Chất liệu bằng đồng nguyên chất sợi đồng sáng và mềm
- Lõi đốt không đen
- Chất âm trong, mạnh mẽ và mịn màng";25000;405/2025/252/CTTĐG-VNVIC;16/12/2025;…;Bùi Thị Trà Giang
891;;Chân micro cao;Cái;"Chân micro cao
Chất liệu Hợp kim
Chiều cao điều chỉnh 90-160cm
Chiều dài tay vươn 58-93cm
Trọng lượng 41kg
";850000;405/2025/252/CTTĐG-VNVIC;16/12/2025;…;Bùi Thị Trà Giang
892;;Ổ cắm kéo dài đa năng kết hợp 5 ổ;Cái;"Ổ cắm kéo dài đa năng kết hợp 5 ổ
Ổ cắm điện có 5 lỗ 3 chấu, đa năng và có 5 công tắc đi kèm
Mỗi ổ cắm đều có nắp che, hạn chế tối đa bị phóng tia lửa điện, chống rò rỉ điện, chống giật hiệu quả, an toàn cho trẻ nhỏ
 Ổ cắm  được làm bằng hạt nhựa ABS nhập khẩu chịu nhiệt độ cao,chống cháy Chịu tải cao: Max 3200W, 2 lõi dây đồng : 2*1mm- Điện áp: 220V/ 50Hz";235000;405/2025/252/CTTĐG-VNVIC;16/12/2025;…;Bùi Thị Trà Giang
893;;Tủ đựng thiết bị âm thanh (Tủ rack 16U);Cái;"Tủ đựng thiết bị âm thanh (Tủ rack 16U)
Kích thước : 830mm x 600mm x 800mm
Tải trọng : 300 Kg
Vật liệu : Được làm chủ yếu từ chất liệu gỗ dán nhiều lớp với bề dày 9mm, bên ngoài được phủ một mặt tráng nhựaThép tấm dày từ 15mm – 20mm, được xử lý bề mặt và sơn tĩnh điện
Di chuyển : 04 bánh xe đa hướng, 04 chốt định vị";5070000;405/2025/252/CTTĐG-VNVIC;16/12/2025;…;Bùi Thị Trà Giang
894;;Dây canon ;Dây ;"Dây canon 
 Hỗ trợ kết nối micro với các thiết bị nguồn 48V và soundcard cao cấp Sản phẩm có hai đầu với một đầu in và đầu còn lại out đảm bảo tín hiệu không bị nhiễu khi truyền qua dây dẫn";144000;405/2025/252/CTTĐG-VNVIC;16/12/2025;…;Bùi Thị Trà Giang
895;;Xe đẩy loa;Cái;"Xe đẩy loa
Tải trọng tối đa:300kg
Chất liệu mặt sàn:Thép sơn tĩnh điện
Số tầng để hàng:1 tầng
Chất liệu bánh xeNhựa PU
Bánh xe di chuyển:4 bánh
Kích thước bánh xe:130mm
Kích thước mặt sàn:91cm x 61cm
Kích thước sử dụng :(910mm x 610mm x 870mm)
Trọng lượng sản phẩm:18kg";1720000;405/2025/252/CTTĐG-VNVIC;16/12/2025;…;Bùi Thị Trà Giang
896;;Tủ đựng hồ sơ tài liệu;Cái;"Tủ đựng hồ sơ tài liệu:
Tủ đựng hồ sơ tài liệu: Tủ gồm 2 khoang, khoang trên có 2 đợt di động, khung cánh kính mở; khoang dưới có 2 cánh sắt mở Cơ cấu lắp ghép 
Kích thước: W1000 x D450 x H1830 mm, thép tấm dày 06mm sơn tĩnh điện màu ghi sáng kính dày 32mm";3172000;405/2025/252/CTTĐG-VNVIC;16/12/2025;…;Bùi Thị Trà Giang
897;;Giá sắt 5 tầng;Cái;"Giá sắt 5 tầng:
- Kích thước: R1006xS406xC2065mm
- Giá sắt sử dụng 2 mặt có 5 tầng (tính cả đáy và nóc)
-Chất liệu: bằng sắt sơn tĩnh điện mầu ghi sáng Các đợt di động, linh hoạt điều chỉnh được độ caoCơ cầu tháo lắp tiện dụng, dễ dàng di chuyển
";2310000;405/2025/252/CTTĐG-VNVIC;16/12/2025;…;Bùi Thị Trà Giang
898;;Rèm cầu vồng ;m2;"Rèm cầu vồng  :
- Kích thước: R1200xC1900 mm,R1300xC1900 mm
- Mô tả: Vải sợi cơ bản polyester 100% với hai vân vải xen kẽ nhau và cách nhau khoảng 8-10cm Hai vân vải bao gồm: 1 vân vải chính và 1 vân vải voan được dệt mỏng Hộp rèm bao gồm tất cả các linh kiện hộp rèm phía trên, thanh ray trục xoay rèm Tất cả các bộ phận này đều được làm bằng hợp kim nhôm chống rỉ sét, có độ bền rất cao";430000;405/2025/252/CTTĐG-VNVIC;16/12/2025;…;Bùi Thị Trà Giang
899;;Giỏ đựng đồ cỡ đại;Cái;Được làm từ loại nhựa PP 100% nguyên chất không độc tố, không tạp chấtGiỏ có nắpKt cả viền 42x30x22cm, kt đáy 37x25cm;62300;405/2025/252/CTTĐG-VNVIC;16/12/2025;…;Bùi Thị Trà Giang
900;;Rổ nhựa giả mây màu nâu to  (30 x 30cm);Cái;"Chất liệu
Khung sắt tĩnh diện, sợi nhựa mây PP
Kích thước 30×30cm,cao 8cm";100000;405/2025/252/CTTĐG-VNVIC;16/12/2025;…;Bùi Thị Trà Giang
901;;Rổ nhựa giả mây màu nâu to  (30 x 25cm);Cái;"Chất liệu
Khung sắt tĩnh diện, sợi nhựa mây PP
Kích thước 30×25cm,cao 6cm";55000;405/2025/252/CTTĐG-VNVIC;16/12/2025;…;Bùi Thị Trà Giang
902;;Rổ nhựa giả mây màu nâu to  (25 x 20cm);Cái;"Chất liệu
Khung sắt tĩnh diện, sợi nhựa mây PP
Kích thước 25×20cm,cao 5cm";40000;405/2025/252/CTTĐG-VNVIC;16/12/2025;…;Bùi Thị Trà Giang
903;;Hộp đựng hồ sơ;Cái;"Hộp bảo quản tài liệu lưu trữ loại mộc - làm hoàn toàn bằng máy
+ Kích thước: dài - cao - rộng: 36,5cmx26,5cmx(11cm; 12cm, 13,5cm)
+ Chất liệu: Hộp bìa giấy ép có tẩm hóa chất chống mối, mọt
+ Hình thức: Cặp hộp có kiểu dáng đẹp, lịch sự, bền, gáy được dán vải
+ Sản xuất theo đúng tiêu chuẩn của Cục Văn thư -Lưu trữ nhà nước";30000;405/2025/252/CTTĐG-VNVIC;16/12/2025;…;Bùi Thị Trà Giang
904;;Bếp từ công nghiệp - bếp đôi;chiếc;"Việt Nam
Bếp từ đôi công nghiệp kính phẳng:Công nghệ: Sản xuất tiêu chuẩn ISO 9001:2015
 - Kích thước (Dài x Rộng xCao): 1200x800x 500/1150mm (chiều cao thành sau: 650mm)- Tổng công suất: 24 kW (12kW/họng)- Nguồn điện: 380V/50Hz- Mặt kính dày 6 ly , có bộ lọc nhiễm từ, vỏ bọc nguồn bằng nhôm rất quan trọng để đảm bảo tản nhiệt và ko ảnh hưởng đến các linh kiện khác+ Sử dụng chip kỹ thuật số này có thể xử lý chính xác và nhanh chóng tín hiệu kỹ thuật số và báo lỗi chuẩn bị xử lý kịp thời lỗi báo trực tiếp trên hiển thị mặt điều khiển ví dụ lỗi không nồi, lỗi giải nhiệt kém, điện nguồn+ Mạch điều khiển bằng ngôn ngữ Tiếng Việt dễ Sử dụng, dễ thao tác, dễ kiểm soát lỗi và Sử lý lỗi cho người Sử dụng và bộ phận bảo hành sản phẩm- Có 8 nấc điều chỉnh khi đun nấu đồng thời giữ ấm giúp cho đồ ăn thơm ngon Bếp chạy êm, không tiếng động, tuổi thọ cao, an toàn cho người sử dụng Tính năng: xào, rán, nấu sử dụng an toàn và hiện đại- Kính Ceramic chịu nhiệt, mặt kính phẳng kích thước 428x428mm Khi đun nấu dùng nồi từ, đáy phẳng- Vật liệu: vỏ ngoài Inox 304 dày 1,0mm, khung inox hộp 304: 30x30x1,0mm, chân ống inox 304 phi 50x1,2mm có chân chỉnh Được cắt gấp bằng máy thủy lực Các mối hàn được thực hiện bằng công nghệ hàn TIG, có khí argon bảo vệ mối hàn tránh hiện tượng ô xi hóa- Có đường ống nước cung cấp vào 2 chảo nằm trên thành phía sau và đường thoát nước phía trướcInox nhập khẩu";55000000;405/2025/252/CTTĐG-VNVIC;16/12/2025;…;Bùi Thị Trà Giang
905;;Bếp xào từ công nghiệp kính lõm, chảo rời - bếp đơn;chiếc;"Việt Nam
KT: 800x800x800/1150 mm
+ Đường kính của lõm kính: 400mm
+ Tính năng: Bộ điều khiển có 8 cấp độ chuyển đổi từ tính 
+ Điện áp: 380V/3P/50Hz, Công suất: 15KW
+ Vật liệu: Vỏ bếp làm bằng inox 304 d10mm
Kỹ thuật điều khiển phần mềm và thiết kế bản mạch tiên tiến Cài đặt chế độ báo tự động, hiển thị chức năng 8 công đoạn điều chỉnh công suất đồng thời giữ ấm giúp cho đồ ăn thơm ngon,Bếp chạy êm, không tiếng động giúp cải thiện môi trường làm việc,Thiết kế toàn bộ kết cấu bằng inox, tuổi thọ cao, an toàn cho người sử dụng,Tính năng: xào, rán, nấu sử dụng an toàn và hiện đạiĐược cắt gấp bằng máy thủy lực Các mối hàn được thực hiện bằng công nghệ hàn TIG, có khí argon bảo vệ mối hàn tránh hiện tượng ô xi hóa";34150000;405/2025/252/CTTĐG-VNVIC;16/12/2025;…;Bùi Thị Trà Giang
906;;Nồi cháo 100 lít;chiếc;"Việt Nam
Nồi nấu cháo bằng điện:
Điện áp: 220v/380V
Công suất: 6 - 8KW
Chất liệu: inox Inox 304
Độ dày inox: 0,8- 1,2 mm
Cách nhiệt: Bông thủy tinh dày 3cm
Chân có bánh xe dịch chuyển
Nấu cháo nhanh chóng hiệu quả
Thiết kế thông minh linh hoạt
Chất liệu an toàn, hợp vệ sinh
Sử dụng chất liệu Inox 304 cao cấp chống han gỉ, an toàn thực phẩm và vệ sinh dễ dàng
- Được cắt gấp bằng máy thủy lực Các mối hàn được thực hiện bằng công nghệ hàn TIG, có khí argon bảo vệ mối hàn tránh hiện tượng ô xi hóa";7683500;405/2025/252/CTTĐG-VNVIC;16/12/2025;…;Bùi Thị Trà Giang
907;;"
Tủ cơm điện 80kg";Cái;"Việt Nam
Tủ nấu cơm ( hấp xôi, bánh bao ) 80 kg 
Kích thước (Dài x Rộng x Cao): 1400x650x1750 mm,Kết cấu: Thân vỏ inox 304 2 lớp, giữa là lớp bảo ôn Polyurethane
Số khay: 24 khay, mỗi khay chứa 3-35 kg gạo
Nhiên liệu: Điện
Điện áp: 380V/50Hz (3 pha)
Công suất: 24kw
Năng suất: Tối đa 84 kg gạo/mẻ
Thời gian nấu: 50 – 60 phút
Chức năng: + Phao cấp, xả nước tự động,
+ Van xả áp tự động: Có
+ Đồng hồ đo nhiệt độ: Có ";40305600;405/2025/252/CTTĐG-VNVIC;16/12/2025;…;Bùi Thị Trà Giang
908;;Bàn sơ chế thức ăn sống (thịt,cá );chiếc;"Việt Nam
Bàn sơ chế thức ăn sống:
- Vật liệu: Inox 304
– Kích thước (Dài x Rộng x Cao): 1500 x 750 x 800/900 mm
– Đặc điểm: + Mặt bàn dày 1mm được tạo hình bằng máy gấp thuỷ lực, đường nét sắc sảo, chắc chắn Có lót gỗ dày 16 mm và tăng cứng mặt bàn
+ Chân bàn bằng hộp inox 40×40 mm dày 1mm, thanh giằng hộp 20×40 mm dày 07 mm, đợt bên dưới đan nan 10×40 mm (A=50 mm)
+ Các mối hàn được thực hiện bằng công nghệ hàn TIG có khí Ar bảo vệ chống oxi hóa
+ Chân có thể căn chỉnh chiều cao";7150000;405/2025/252/CTTĐG-VNVIC;16/12/2025;…;Bùi Thị Trà Giang
909;;Bàn sơ chế thức ăn sống (rau+ vo gạo,  hoa quả );chiếc;"Việt Nam
KT: 1500x750x800/900mm
Bàn bếp làm bằng inox 304 chất lượng cao có 1 đợt phẳng phía dưới đựng đồ Mặt bàn có lót gỗ dày 16mm, phủ Inox 304 dày 1,2mm Mặt cạnh bàn làm phủ mặt inox cao 200 (tính từ mặt bàn xuống dưới) Chân bàn inox hộp vuông 40x40mm, d12mm, thanh giằng hộp vuông dày 0,6mm Giá dưới phẳng dày 12mm
Chân bằng hộp 40x40 mmChân có gắn bánh xe di độngĐược cắt gấp bằng máy thủy lực Các mối hàn được thực hiện bằng công nghệ hàn TIG, có khí argon bảo vệ mối hàn tránh hiện tượng ô xi hóa";7150000;405/2025/252/CTTĐG-VNVIC;16/12/2025;…;Bùi Thị Trà Giang
910;;Bàn sơ chế hoa quả;chiếc;"Việt Nam
KT: 1300x750x800/900 mm
Bàn bếp làm bằng inox 304 chất lượng cao có 1 đợt nan phía dưới đựng đồ Mặt bàn có lót gỗ dày 16mm, phủ Inox 304 dày 1,2mm Mặt cạnh bàn làm phủ mặt inox cao 200 (tính từ mặt bàn xuống dưới) Chân bàn inox hộp vuông 40x40mmd12mm, thanh giằng hộp vuông dày 0,6mm Nan đan hộp 10x40mm, khoảng cách a=50mm Được cắt gấp bằng máy thủy lực Các mối hàn được thực hiện bằng công nghệ hàn TIG, có khí argon bảo vệ mối hàn tránh hiện tượng ô xi hóa";6680000;405/2025/252/CTTĐG-VNVIC;16/12/2025;…;Bùi Thị Trà Giang
911;;Chậu rửa đôi (khu sơ chế hoa quả );chiếc;"Việt Nam
Chậu rửa đôi (khu sơ chế)
 - Vật liệu: Inox 304
 – Kích thước tổng thể (Dài x Rộng x Cao): 1200 x 750 x 800/900 mm
 Kích thước hố chậu: (Dài x Rộng x Sâu): 500 x 500 x 280 mm
 – Đặc điểm: + Mặt chậu và hố chậu dùng inox tấm dày 1 mm, được cắt bằng máy CNC, tạo hình bằng máy chấn tôn thuỷ lực, đường nét sắc sảo, chắc chắn
 + Chân hộp 40×40 mm dày 1mm, thanh giằng hộp 20×40 mm Chân có tăng chỉnh chiều cao
 + Có 2 hố chậu, 2 bộ xi phông thoát nước (Không bao gồm ống dẫn)
 + Các mối hàn được thực hiện bằng công nghệ hàn TIG có khí Ar bảo vệ chống oxi hóa
 - Chậu đã kèm 2 vòi nước lạnh";5920250;405/2025/252/CTTĐG-VNVIC;16/12/2025;…;Bùi Thị Trà Giang
912;;Chậu rửa đơn hố lớn (khu sơ chế );chiếc;"Việt Nam
Chậu rửa đơn hố lớn (khu sơ chế +rửa bát)
 - Vật liệu: Inox 304
 – Kích thước tổng thể (Dài x Rộng x Cao): 1200 x 750 x 800/900 mm
 Kích thước hố chậu: (Dài x Rộng x Sâu): 1000 x 500 x 280 mm
 – Đặc điểm: + Mặt chậu và hố chậu dùng inox tấm dày 1 mm, được cắt bằng máy CNC, tạo hình bằng máy chấn tôn thuỷ lực, đường nét sắc sảo, chắc chắn
 + Chân hộp 40×40 mm dày 1mm, thanh giằng hộp 20×40 mm Chân có tăng chỉnh chiều cao
 + Có 1 hố chậu, 1 bộ xi phông thoát nước (Không kèm ống dẫn)
 + Các mối hàn được thực hiện bằng công nghệ hàn TIG có khí Ar bảo vệ chống oxi hóa
 - Chậu đã kèm 1 vòi nước lạnh";5300000;405/2025/252/CTTĐG-VNVIC;16/12/2025;…;Bùi Thị Trà Giang
913;;Vòi lạnh cổ ngỗng inox;chiếc;"Việt Nam
Vòi lạnh inox,có dây rút
  Bộ sản phẩm gồm 1 vòi nước, 1 dây cấp
 - Chất liệu: Inox 304 
 - Bề mặt: xước 
 - Áp lực nước: 005MPa ~ 065Mpa
 - Nguồn nước: nước lạnh
 - 2 chế độ xả nước: xả tập trung & xả thành nhiều tia";615000;405/2025/252/CTTĐG-VNVIC;16/12/2025;…;Bùi Thị Trà Giang
914;;Bàn ra đồ có giá phẳng dưới;chiếc;"
""KT: 1800x900x800/900 mm
 - Được làm bằng inox SUS 304
 - Mặt bàn dày 10mm, phía dưới lót gỗ MDF
 - Có 1 giá phẳng dưới dày 08 mm
 - Chân bàn inox hộp vuông 40x40mm, d12mm, chân có tăng chỉnh chiều cao +/- 25mm
 Sản phẩm sản xuất trên dây chuyền công nghệ được chứng nhận quản lý chất lượng theo tiêu chuẩn: ISO 9001:2015;""";7500000;405/2025/252/CTTĐG-VNVIC;16/12/2025;…;Bùi Thị Trà Giang
915;;Giá phẳng 2 tầng để gia vị, trên bàn ra đồ;chiếc;"
- KT: 1800x350x800mm
- Được làm bằng inox SUS 304
- Có 2 tầng giá để gia vị
- Chân bàn inox hộp vuông 30x30mm, dày 1mm";4620000;405/2025/252/CTTĐG-VNVIC;16/12/2025;…;Bùi Thị Trà Giang
916;;"Tủ sấy 3 cánh kính
";chiếc;"Việt Nam
Tủ sấy bát đĩa dùng điện– Kích thước (Dài x Rộng x Cao): 1820x610x1800 mm– Dung tích: 1800 Lít– Điện áp: 220v/50Hz– Công suất: 4000w– Nhiệt độ sấy: 70 độ C– Công nghệ: Sấy nóng bằng còng nhiệt kết hợp quạt gió Khử mùi diệt khuẩn bằng tia cực tím và Ozone– Chức năng: Điều chỉnh nhiệt độ sấy, hẹn giờ tắt máy– Kết cấu:+ Thân vỏ: 2 lớp inox 304, giữa là lớp bảo ôn cách nhiệt+ Cánh tủ: 3 cánh bằng kính cường lực+ Giá để bát: 5 tầng đan bằng nan inox đặc–- Được cắt gấp bằng máy thủy lực Các mối hàn được thực hiện bằng công nghệ hàn TIG, có khí argon bảo vệ mối hàn tránh hiện tượng ô xi hóa
 Sản phẩm được sản xuất bởi Nhà sản xuất đạt tiêu chuẩn ISO 9001:2015; ISO 14001:2015";30000000;405/2025/252/CTTĐG-VNVIC;16/12/2025;…;Bùi Thị Trà Giang
917;;Tủ chạn để bát, đĩa, khay ăn 4 tầng 4 đợt;Cái;"Việt Nam
Tủ chạn để bát, đĩa, khay ăn 4 tầng 4 đợt
- KT: D1700xR600xC1800mm
- Mặt giá nan : Inox đặc phi 5, khoảng cách 30mm
- Chân có gắn bánh xe di động
- Khung hộp Inox 304-30x30mm
- Các mặt tủ bịt inox, mặt trước cánh kính mở
- Có máng hứng nước rút rời  
- Được cắt gấp bằng máy thủy lực Các mối hàn được thực hiện bằng công nghệ hàn TIG, có khí argon bảo vệ mối hàn tránh hiện tượng ô xi hóa Đảm bảo vệ sinh an toàn thực phẩm";14500000;405/2025/252/CTTĐG-VNVIC;16/12/2025;…;Bùi Thị Trà Giang
918;;Tủ chạn để xoong nồi, khay ăn 3 tầng ;Cái;"Cái
Tủ chạn để xoong nồi, khay ăn 3 tầng:
 - Kích thước: D1750xR600xC1800mm
 - Chân gắn bánh xe di động 
 - Khung hộp inox 304: 30x30x1mm
 - Tủ được chia thành 3 tầng để úp xoong, nồi Các thanh nan chạy dọc nghiêng tạo độ khô thoáng không đọng nước Các mặt tủ bọc inox 304 dày 0,6mm, mặt trước cánh kính dán an toàn 2 lớp 6mm
 - Có máng hứng nước rút rời  
 - Được cắt gấp bằng máy thủy lực Các mối hàn được thực hiện bằng công nghệ hàn TIG, có khí argon bảo vệ mối hàn tránh hiện tượng ô xi hóa";14500000;405/2025/252/CTTĐG-VNVIC;16/12/2025;…;Bùi Thị Trà Giang
919;;Tủ để dao thớt;bộ;"Việt Nam
Tủ để dao thớt:
 - Tủ chia 2 khoang, có cánh kính
 - Kích thước: D1200xR500xC1200mm
 - Khung hộp inox 304 30x30mm, nan cài inox 304: 13x26mm
 - Có máng hứng nước rút rời  
 - Chân có bánh xe di động
 - Được cắt gấp bằng máy thủy lực Các mối hàn được thực hiện bằng công nghệ hàn TIG, có khí argon bảo vệ mối hàn tránh hiện tượng ô xi hóa
 Đảm bảo vệ sinh an toàn thực phẩm";7300000;405/2025/252/CTTĐG-VNVIC;16/12/2025;…;Bùi Thị Trà Giang
920;;Xe vận chuyển thực phẩm 1 tầng;Cái;"Việt Nam
Xe vận chuyển thực phẩm:
- Vật liệu: Inox 304, dày 1,5mm
-Tên sản phẩm: Xe đẩy inox 1 tầng
-Kiểu xe 4 bánh, 2 bánh cố định và 2 bánh quay có phanh hãm
- Kích thước sản phẩm: 600 x 800 x 850 mm
- Được cắt gấp bằng máy thủy lực Các mối hàn được thực hiện bằng công nghệ hàn TIG, có khí argon bảo vệ mối hàn tránh hiện tượng ô xi hóa Đảm bảo vệ sinh an toàn thực phẩm";2650000;405/2025/252/CTTĐG-VNVIC;16/12/2025;…;Bùi Thị Trà Giang
921;;Xe chia thức ăn ;Cái ;"Việt Nam
Xe đẩy phục vụ thức ăn mầm non 5 ngăn
-Được thiết kế bằng inox 304, dày 1mm
-01 tay đẩy inox phi 25mm
-Xe để được  2 khay GN 1/2, khay 03 khay GN 1/3
-Xe để được 2 khay khay để dụng cụ 550x310x60mm
-04 bánh xe 130mm (02 bánh xoay và 02 bánh cố định)
KT: 730x610x130/800 mm Đảm bảo vệ sinh an toàn thực phẩm";4650000;405/2025/252/CTTĐG-VNVIC;16/12/2025;…;Bùi Thị Trà Giang
922;;Xe vận chuyển dạng tròn;Cái;"Việt Nam
Xe vận chuyển dạng tròn:
- Đường kính 620/1300mm
- Vật liệu inox 304, có 2 tầng, có 4 bánh xe D100mm, 4 bánh có khoá Đảm bảo vệ sinh an toàn thực phẩm";2152000;405/2025/252/CTTĐG-VNVIC;16/12/2025;…;Bùi Thị Trà Giang
923;;Quạt hút công nghiệp;Cái;"Việt Nam
Quạt hút và giá kệ:
- Công suất (W) 5500
- Lưu lượng gió (m3/h): 12000-15000
- Tốc độ (rpm) 1450
- Điện áp nguồn 220V/380V";19057500;405/2025/252/CTTĐG-VNVIC;16/12/2025;…;Bùi Thị Trà Giang
924;;Ống hút khói;m;"Việt Nam
- KT: 400X400 mm
- Toàn bộ làm bằng inox 304 dày 08 mm
- Được cắt gấp bằng máy thủy lực Các mối hàn được thực hiện bằng công nghệ hàn TIG, có khí argon bảo vệ mối hàn tránh hiện tượng ô xi hóa
(Nghiệm thu thực tế - Chiều dài đường ống sẽ được đo theo chiều dài dự thực tế mép ngoài của đường ống cộng với:
+ 01 cút góc được tính = 1m dài đường ống
+ 01 côn chuyển được tính = 1m dài đường ống
+ 01 chữ T được tính = 1m dài đường ống
+ 01 Đầu bịt được tính = 1m dài đường ống
+ 01 chữ Z được tính = 1m dài đường ống
+ 01 chếch được tính = 1m dài đường ống";761200;405/2025/252/CTTĐG-VNVIC;16/12/2025;…;Bùi Thị Trà Giang
925;;Hộp tiêu âm quạt;Cái;"
Hộp tiêu âm quạt
KT: theo kích thước quạt
Toàn bộ làm bằng inox 304 dày 08 mm
Bao gồm 5 tấm tôn ghép kín bọc quạt Mỗi tấm được làm bằng 3 lớp, 2 lớp inox bọc ngoài, ở giữa là chất liệu bảo ôn giảm tiếng ồn
- Được cắt gấp bằng máy thủy lực Các mối hàn được thực hiện bằng công nghệ hàn TIG, có khí argon bảo vệ mối hàn tránh hiện tượng ô xi hóa";9594000;405/2025/252/CTTĐG-VNVIC;16/12/2025;…;Bùi Thị Trà Giang
926;;Tiêu âm đầu vào đầu ra quạt;Cái;"
Vật liệu: Làm bằng inox 304 dày 08 mm
Hộp tiêu âm đường đầu vào và đầu ra cho quạt Nguyên lý cách âm, cách nhiệt được làm bằng 3 lớp, 2 lớp inox bọc ngoài, ở giữa là chất liệu bảo ôn giảm tiếng ồnCác mối hàn được thực hiện bằng công nghệ hàn TIG, có khí argon bảo vệ mối hàn tránh hiện tượng ô xi hóa Đảm bảo vệ sinh an toàn thực phẩm ";5208000;405/2025/252/CTTĐG-VNVIC;16/12/2025;…;Bùi Thị Trà Giang
927;;Tum hút mùi cho bếp ;m;"Việt Nam
- KT:4000x1000x500 mm
- Thân: Inox 304-d 08-10mm
- Hệ thống lọc chặn dầu bằng Inox 
+ Có đèn chiếu sáng;
+ Thanh gá trên và dưới: giúp giữ các tấm Lọc Chặn Dầu Các gá này bắt cố đinh vào tum hút mùi;
Tấm Lọc Chặn Dầu: 
Các tấm đặt sát nhau, thay định kỳ;
+ Chặn bên: giúp hệ thống kín, ngăn dầu không đi vào khoảng trống hai bên;
+ Cốc đựng dầu rỉ: lắp vào chỗ tiếp giáp 2 thanh gá dưới
- Được cắt gấp bằng máy thủy lực Các mối hàn được thực hiện bằng công nghệ hàn TIG, có khí argon bảo vệ,";4000000;405/2025/252/CTTĐG-VNVIC;16/12/2025;…;Bùi Thị Trà Giang
928;;Cút inox;Cái;"Việt Nam
- KT: 800x250/300X500
- Toàn bộ làm bằng inox 304 dày 08 mm
- Được cắt gấp bằng máy thủy lực Các mối hàn được thực hiện bằng công nghệ hàn TIG, có khí argon bảo vệ mối hàn tránh hiện tượng ô xi hóa";2000000;405/2025/252/CTTĐG-VNVIC;16/12/2025;…;Bùi Thị Trà Giang
929;;Côn thu;Cái;"Việt Nam
- KT: 500x300/400x400 mm
- Toàn bộ làm bằng inox 304 dày 08 mm
- Được cắt gấp bằng máy thủy lực Các mối hàn được thực hiện bằng công nghệ hàn TIG, có khí argon bảo vệ mối hàn tránh hiện tượng ô xi hóa";1244000;405/2025/252/CTTĐG-VNVIC;16/12/2025;…;Bùi Thị Trà Giang
930;;"Vát bịt lưới
";Cái;"Việt Nam
- KT: 400x400mm
- Toàn bộ làm bằng inox 304 dày 08 mm
- Được cắt gấp bằng máy thủy lực Các mối hàn được thực hiện bằng công nghệ hàn TIG, có khí argon bảo vệ mối hàn tránh hiện tượng ô xi hóa Đảm bảo vệ sinh an toàn thực phẩm";1244000;405/2025/252/CTTĐG-VNVIC;16/12/2025;…;Bùi Thị Trà Giang
931;;Giá đỡ quạt;Cái;"Việt Nam
Đặc điểm: Giá đỡ kết cấu thép V và thép hộp, sơn tĩnh điện màu đen";1500000;405/2025/252/CTTĐG-VNVIC;16/12/2025;…;Bùi Thị Trà Giang
932;;Bạt chịu nhiệt ;Cái;"Việt Nam
Vật liệu: vải bạt chống cháy, chống dung
kt: D350L200";1300000;405/2025/252/CTTĐG-VNVIC;16/12/2025;…;Bùi Thị Trà Giang
933;;"Tủ điện điều khiển quạt hút 
";chiếc;"Việt Nam
Tủ điện điều khiển quạt hút- Kích thước: 150x200x100mm - Tủ điện được làm bằng tôn dày 1 mm, sử dụng công nghệ sơn tĩnh điện đảm bảo tủ điện bền, đẹp và chắc chắnMàu sắc: Ghi sáng* Aptomat 3 pha 40 A - Số cực: 3 cực Số pha 3 phaSố cực 3PDòng điện 40AĐiện áp : 415V ACDòng cắt danh định :10kANhiệt độ làm việc -10 độ C đến 60 độ CĐộ ẩm môi trường <85%Chất liệu Nhựa cao cấpTần số 50/60 Hz";3332000;405/2025/252/CTTĐG-VNVIC;16/12/2025;…;Bùi Thị Trà Giang
934;;Dây điện 3 pha;mét dài;"Việt Nam
Dây điện 3 pha
Dây điện 3 pha 4x6 từ tủ điều khiển quạt hút lên vị trí đặt quạt
- Đặc điểm: Dây cáp điện ruột dẫn bằng đồng ủ mềm trong môi trường khí trơ, loại 2 lõi Kết cấu các sợi bện tròn cấp 5, cấp 6 Mặt cắt danh định: từ 0,5 mm2 đến 10 mm2 Điện áp danh định: 300/500V
";95600;405/2025/252/CTTĐG-VNVIC;16/12/2025;…;Bùi Thị Trà Giang
935;;Phụ kiện tum hút mùi;ht;"Việt Nam
Vật tư phụ lắp đặt hệ thống tum, quạt, ống * Phụ kiện gồm: Tiren, ốc, nở treo tum và treo ống, đá cắt, nẹp C,  keo tibon, V sắt đỡ tum và ống, sơn chống rỉ, băng, keo";3540000;405/2025/252/CTTĐG-VNVIC;16/12/2025;…;Bùi Thị Trà Giang
936;;Tủ lạnh dung tích 500 lít ;cái;"Toshiba/ Nhật Bản
- Kiểu tủ: Ngăn đá dưới - 2 cánh
- Dung tích tổng: 465 lít
- Dung tích sử dụng: 417 lít - 4 - 5 người
- Dung tích ngăn đá: 112 lít
- Dung tích ngăn lạnh: 305 lít
- Chất liệu cửa tủ lạnh: Thép không gỉ
- Chất liệu khay ngăn lạnh: Kính chịu lực
- Chất liệu ống dẫn gas, dàn lạnh: Ống dẫn gas bằng Đồng + Thép mạ kẽm Chất liệu dàn lạnh bằng Nhôm
- Công nghệ tiết kiệm điện: Multi Control, Cảm biến thông minh Econavi, Inverter
- Công nghệ làm lạnh: Làm lạnh vòng cung Panorama
- Công nghệ bảo quản thực phẩm: Ngăn cấp đông mềm thế hệ mới Prime Fresh+
- Công nghệ kháng khuẩn, khử mùi: Lấy nước ngoài kháng khuẩn, khử mùiCông nghệ kháng khuẩn Ag Clean với tinh thể bạc Ag+
- OLE_LINK2Tiện ích: Bảng điều khiển bên ngoài, Lấy nước bên ngoài";17000000;405/2025/252/CTTĐG-VNVIC;16/12/2025;…;Bùi Thị Trà Giang
937;;Tủ lạnh dung tích 230 lít ;cái;"
Kiểu tủ: Ngăn đá trên - 2 cánh
Dung tích sử dụng: 234 lít - 2 - 3 người
Dung tích tổng: 260 lít
Dung tích ngăn đá: 75 lít
Dung tích ngăn lạnh: 159 lít
Công suất tiêu thụ công bố theo TCVN: ~ 094 kW/ngày
Công nghệ tiết kiệm điện: Cảm biến thông minh EconaviInverter
Công nghệ làm lạnh: Làm lạnh vòng cung Panorama
Công nghệ kháng khuẩn, khử mùi: Công nghệ diệt khuẩn Blue Ag+ với tinh thể bạc Ag+ và ánh sáng xanh
Công nghệ bảo quản thực phẩm: Ngăn rau củ Fresh Safe
Tiện ích: Khay thực phẩm Tanto tránh rơi thực phẩm ra ngoài
Chất liệu cửa tủ lạnh: Thép bạc
Chất liệu khay ngăn lạnh: Kính chịu lực
Chất liệu ống dẫn gas, dàn lạnh: Ống dẫn gas bằng Đồng Chất liệu dàn lạnh bằng Nhôm";7500000;405/2025/252/CTTĐG-VNVIC;16/12/2025;…;Bùi Thị Trà Giang
938;;Tủ chạn để thực phẩm khô 4 tầng ;Cái;"Việt Nam
Tủ chạn để thực phẩm 4 tầng 4 đợt:
 - Kích thước: D1500xR600xC1800mm
 - Giá 4 tầng, 4 đợt
 - Các mặt tủ bọc inox 304, mặt trước cánh kính mở
 - Chân có gắn bánh xe di động
 - Khung hộp Inox 304-30x30mm
 - Được cắt gấp bằng máy thủy lực Các mối hàn được thực hiện bằng công nghệ hàn TIG, có khí argon bảo vệ mối hàn tránh hiện tượng ô xi hóa Đảm bảo vệ sinh an toàn thực phẩm";14000000;405/2025/252/CTTĐG-VNVIC;16/12/2025;…;Bùi Thị Trà Giang
939;;Giá để thực phẩm (Kho đồ khô );Cái;"Việt Nam
Giá nhận thực phẩm 4  tầng 4 đợt:- Chất liệu: Inox 304- Kích thước: D1500xR500xC1500mm- Kích thước: (Dài x Rộng x Cao): 1500 x 500 x 1500 mm- Chân hộp 40×40 mm dày 1mm- Khung hộp 20x40 mm dày 07 mm- Nan và lan can hộp 10×20 mm dày 06mm- Khoảng cách đan nan: 40 – 50 mm- Chân có bánh xe di chuyển- Được cắt gấp bằng máy thủy lực Các mối hàn được thực hiện bằng công nghệ hàn TIG, có khí argon bảo vệ mối hàn tránh hiện tượng ô xi hóa
Sản phẩm được sản xuất bởi Nhà sản xuất đạt tiêu chuẩn ISO 9001:2015; ISO 14001:2015
";6350000;405/2025/252/CTTĐG-VNVIC;16/12/2025;…;Bùi Thị Trà Giang
940;;Giá để thực phẩm (Khu kho thực phẩm );Cái;"Việt Nam
KT 1500x500x1500
Vật liệu: Làm bằng inox 304 dày 08-10 mm 
Có gân tăng cứng dưới mặt bàn
Chân bằng hộp 30x30 x 10 mm      
- Được cắt gấp bằng máy thủy lực Các mối hàn được thực hiện bằng công nghệ hàn TIG, có khí argon bảo vệ mối hàn tránh hiện tượng ô xi hóa Đảm bảo vệ sinh an toàn thực phẩm";6350000;405/2025/252/CTTĐG-VNVIC;16/12/2025;…;Bùi Thị Trà Giang
941;;Máy xay thịt ;bộ;"Việt Nam
Máy xay thịt :
Chất liệu vỏ nhựa cao cấp, cùng lưỡi dao bằng thép không gỉ; Nhông xay bằng kim loại sử dụng bền lâu và gia tăng tuổi thọ của máy; Trục nghiền được làm bằng hợp kim rất bền, Công suất định mức: 500W, Công suất chặn: 1500W, Nguồn điện: 220V~50Hz, Trọng lượng: 3,67kg, Kích thước: 25 x 16 x 23cm, hiệu quả tiêu thụ điện năng: A+++, 5 mức tốc độ xay thịt, 2 chế độ xay chậm nhanh 
Phụ tùng kèm theo: Dao xay bằng inox, ống và trục nghiền bằng hợp kim nhôm, có nhiều lưới xay để lựa chọn (xay nhuyễn, vừa và lớn) và ống tạo khuôn làm xúc xích và lạp xưởng…";3672000;405/2025/252/CTTĐG-VNVIC;16/12/2025;…;Bùi Thị Trà Giang
942;;Máy xay sinh tố;bộ;"OMNIBLEND/
Đài Loan
Chức năng:	
Xay sinh tố
Xay hạt
Xay đá nhỏ
Xay thịt
Công suất: 1500W
Số cối: 1 cối
Dung tích cối: 175 lít
Chất liệu cối: Nhựa
Đặc điểm nổi bật:	
Lưỡi dao 6 cánh bằng thép không gỉ SUS304 dày 2mm
6 chế độ xay được thiết lập trước
Kết cấu 2 vòng bi giúp tăng tuổi thọ máy
Thân máy thép không gỉ bền đẹp
Tốc độ vòng quay 28000/phút
Chế độ tự ngắt an toàn
Kích thước: ~397x232x310mm";2959000;405/2025/252/CTTĐG-VNVIC;16/12/2025;…;Bùi Thị Trà Giang
943;;Máy thái rau củ đa năng;Cái;"Sirman/Italya
Máy thái rau củ quả :
Công suất tiêu thụ (W) 550W
Điện áp (V) 220V- 240V
Tần số (Hz) 50Hz/1P
Trọng lượng sản phẩm (Kg) ~26 kg
Kích thước sản phẩm (cm) ~59,5 x 25 x 57 (cm)
Thời gian tự ngắt ( giây ) Tự ngắt khi quá áp, quá tải
Bảng điều khiển Công tắc bật/tắt điều khiển
Đèn báo hiệu Có đèn báo hiệu
Chất liệu sản phẩm Chất liệu inox và gang dày
Màu sắc Inox
Trang bị 4 lưỡi dao đi kèm, thái lát, thái sợi, cắt hạt lựu
";13400000;405/2025/252/CTTĐG-VNVIC;16/12/2025;…;Bùi Thị Trà Giang
944;;Đồng hồ treo tường;Cái;"Việt Nam
Đồng hồ: 
- Kích thước: 350x350 mm
- Mô tả: Chất liệu nhựa bền đẹp, chắc chắn Mặt dồng hồ in hình họa tiết ngộ nghĩnh, màu sắc phong phú
";350000;405/2025/252/CTTĐG-VNVIC;16/12/2025;…;Bùi Thị Trà Giang
945;;Cây nước nóng lạnh ;Cái;"Việt Nam
Cây nước ấm lạnh có giá để cốc:
- Công suất: 570W, Nóng 450W - Lạnh 120W
- Nhiệt độ nước hãng công bố: Nóng ≥ 90°C, Lạnh ≤ 10°C
- Nhiệt độ nước thực tế: Nóng ≥ 90°C, Lạnh ≤ 10°C (Nhiệt độ nước thực tế sẽ phụ thuộc vào nhiệt độ môi trường và thể tích nước lấy ra)
-Năng suất làm nóng, lạnh: Nóng 4 lít/giờ, Lạnh 2 lít/giờ
- Chất liệu bình chứa: Inox 304
- Dung tích bình chứa: Nóng 08 lít - Lạnh 2 lít
- Hệ thống làm lạnh: Làm lạnh bằng Block (máy nén) cho độ lạnh sâu
- Điện năng tiêu thụ: 057 kW/h
- Tiện ích: Có nước nguội; Có khoang chứa đựng ly tách; Khay hứng nước
;Có đèn báo nóng lạnh
- Chế độ an toàn: Khóa vòi nước nóng; Tự ngắt điện khi nước đủ nóng, lạnh; Công tắc nóng lạnh độc lập; Tự ngắt khi bình nóng cạn nước
- Kích thước, khối lượng: Cao 100 cm - Ngang 31 cm - Sâu 35 cm - Nặng 1378 kg
";3490000;405/2025/252/CTTĐG-VNVIC;16/12/2025;…;Bùi Thị Trà Giang
946;;Thùng rác di động;Cái;"Việt Nam
Thùng rác di động
 '- Kích thước: D450x600mm
 - Vật liệu inox 304 dày 1,2mm
 - Có bánh xe di chuyển
 - Được cắt gấp bằng máy thủy lực Các mối hàn được thực hiện bằng công nghệ hàn TIG, có khí argon bảo vệ mối hàn tránh hiện tượng ô xi hóa Đảm bảo vệ sinh an toàn thực phẩm";2685000;405/2025/252/CTTĐG-VNVIC;16/12/2025;…;Bùi Thị Trà Giang
947;;Thùng gạo ;Cái;"Việt Nam
Thùng đựng gạo:
- Bằng inox xước tấm 304 dày 1mm
- Khung hộp inox 304 - 30x30x10mm
- Thùng có nắp đậy dạng kéo, chia 3 ngăn, dưới đáy mỗi ngăn có lỗ xả gạo, đáy thùng dốc về phía lỗ xả dảm bảo lấy gạo dễ dàng, đế có bánh xe để di chuyển phi 100 mm
- Kích thước: R1200 x S750X C800mm
- Được cắt gấp bằng máy thủy lực Các mối hàn được thực hiện bằng công nghệ hàn TIG, có khí argon bảo vệ mối hàn tránh hiện tượng ô xi hóa
- Có thể đựng 250kg gạo
";7567000;405/2025/252/CTTĐG-VNVIC;16/12/2025;…;Bùi Thị Trà Giang
948;;Bẫy thu mỡ;Cái;"Việt Nam
Hố thu mỡ:
- Kích thước: 500x400x250mm
- Vật liệu Sus 304, độ dày inox (0,8-1,2)mm Số ngăn lọc mỡ (4 ngăn)";3390000;405/2025/252/CTTĐG-VNVIC;16/12/2025;…;Bùi Thị Trà Giang
949;;Ghi thoát sàn+ lòng máng thoát sàn;Bộ ;"Việt Nam
 - Kích thước: 1000 x 200 x 100mm (kích thước thay đổi theo nhu cầu thực tế)
-Chất liệu: inox 304 ,độ dày: 10 mm
Khung ngoài vuông 20mm, khoảng cách 20mm và song 10x20mm
Kiểu dáng và kết cấu công nghiệp";1368000;405/2025/252/CTTĐG-VNVIC;16/12/2025;…;Bùi Thị Trà Giang
950;;Bàn chia thức ăn chín;Cái ;"
KT: 1800x900x800/900 mm
- Được làm bằng inox SUS 304
- Mặt bàn dày 10mm, phía dưới lót gỗ MDF
- Có 1 giá phẳng dưới dày 08 mm
- Chân bàn inox hộp vuông 40x40mm, d12mm, chân có tăng chỉnh chiều cao +/- 25mm
Sản phẩm sản xuất trên dây chuyền công nghệ được chứng nhận quản lý chất lượng theo tiêu chuẩn: ISO 9001:2015;";7500000;405/2025/252/CTTĐG-VNVIC;16/12/2025;…;Bùi Thị Trà Giang
951;;Bàn nhận đồ bẩn (khu rửa xong nồi );Cái ;"
KT: 1500x750x800/900mmBàn bếp làm bằng inox 304 chất lượng cao có 1 đợt phẳng phía dưới đựng đồ Mặt bàn có lót gỗ, phủ Inox 304 dày 1,2mm Mặt cạnh bàn làm phủ mặt inox cao 200 (tính từ mặt bàn xuống dưới) Chân bàn inox hộp vuông 40x40mm, d12mm, thanh giằng hộp vuông dày 0,6mm Giá dưới phẳng dày 12mmChân bằng hộp 40x40 mmChân có gắn bánh xe di độngĐược cắt gấp bằng máy thủy lực Các mối hàn được thực hiện bằng công nghệ hàn TIG, có khí argon bảo vệ mối hàn tránh hiện tượng ô xi hóa 
 Sản phẩm được chứng nhận QCVN 12-3:2011/BYT và được sản xuất bởi Nhà sản xuất đạt tiêu chuẩn ISO 9001:2015; ISO 14001:2015";7150000;405/2025/252/CTTĐG-VNVIC;16/12/2025;…;Bùi Thị Trà Giang
952;;Giá để thực phẩm khu giao nhận;Cái ;"
Giá nhận thực phẩm 4 tầng 4 đợt:
 - Chất liệu: Inox 304
 - Kích thước: D1500xR500xC1500mm
 - Kích thước: (Dài x Rộng x Cao): 1500 x 500 x 1500 mm
 - Chân hộp 40×40 mm dày 1mm
 - Khung hộp 20x40 mm dày 07 mm
 - Nan và lan can hộp 10×20 mm dày 06mm
 - Khoảng cách đan nan: 40 – 50 mm
 - Chân có bánh xe di chuyển
 - Được cắt gấp bằng máy thủy lực Các mối hàn được thực hiện bằng công nghệ hàn TIG, có khí argon bảo vệ mối hàn tránh hiện tượng ô xi hóa";6350000;405/2025/252/CTTĐG-VNVIC;16/12/2025;…;Bùi Thị Trà Giang
953;;Chậu rửa đơn hố lớn (khu rửa xong nồi );Cái ;"
KT: 1200x750x800/900 mm
KT hố chậu: 1000x500x280mm
Vật liệu: Làm bằng inox 304 dày 12 mm
Phía dưới có xương tăng cứng, có thành chắn phía sau 
- Có 1 chậu rửa Kèm 01 thoát chậu inox
- Chân bằng hộp inox 40x40 mm dày 12, có tăng chỉnh chiều cao: +/- 30mm
Được cắt gấp bằng máy chấn thủy lực
Các mối hàn bằng khí agon tránh hiện tượng oxi hóa
Đảm bảo vệ sinh an toàn thực phẩmĐược cắt gấp bằng máy thủy lực Các mối hàn được thực hiện bằng công nghệ hàn TIG, có khí argon bảo vệ mối hàn tránh hiện tượng ô xi hóa";5300000;405/2025/252/CTTĐG-VNVIC;16/12/2025;…;Bùi Thị Trà Giang
954;;Đồng hồ điện cho khu bếp;Cái;"
Điện áp danh định: 220 240VAC
Dòng điện danh định: 20A
Dòng điện quá tải: 80A
Cấp chính xác: 2
Kích thước (dài x sâu x rộng): 235 x 153 x121 mm
Hình dáng: nắp tròn thủy tinh, nắp che đấu dây bằng nhựa";450000;405/2025/252/CTTĐG-VNVIC;16/12/2025;…;Bùi Thị Trà Giang
955;;Máy vắt nước cam (kích cỡ lớn);Cái;"
Công suất:	160 W
Chức năng tự đảo chiều:	Không
Chất liệu vỏ máy:	Thép không gỉ
Khối lượng sản phẩm (kg):	23 kg
Kích thước sản phẩm:	290 x 180 x 255 mm";2490000;405/2025/252/CTTĐG-VNVIC;16/12/2025;…;Bùi Thị Trà Giang
956;;Máy ép nước hoa quả (kích cỡ lớn);Cái;"
Công suất:        240W
Dung tích bình chứa:        Dung tích cối ép: 025 lít, cốc đựng nước ép: 04 Lít
Khóa an toàn:        Chỉ hoạt động khi cối xay được lắp đúng
Chức năng khác:        Chân đế chống trượt; Có chổi vệ sinh máy; 1 tốc độ , có xoay đảo chiều
Kích thước sản phẩm:        205 x 485 x 225 mm";2262000;405/2025/252/CTTĐG-VNVIC;16/12/2025;…;Bùi Thị Trà Giang
957;;Máy đánh bột;Cái;"
Công suất:	1300W
Cối đựng:	Có
Dung tích cối:	8 Lít
Chất liệu cối:	Inox
Số kiểu que:	3 đầu nhồi: Đầu nhồi bột, đầu đánh trộn, đầu đánh trứng
Chất liệu que:	Hợp kim kẽm không gỉ
Chức năng khác:	Nhồi bột, trộn thực phẩm, đánh trứng, đánh kem
Khối lượng sản phẩm (kg):	74 kg
Kích thước sản phẩm:	455 x 315 x 380 mm";3350000;405/2025/252/CTTĐG-VNVIC;16/12/2025;…;Bùi Thị Trà Giang
958;;Máy rửa bát băng chuyền;Cái;"
Chiều vận hành từ Trái qua phải (hoặc từ phải qua trái) Kích thước: 2050 x 800  x 1880 mm
Dung tích thùng rửa: 90 lít
Dung tích thùng đốt nước nóng: 18 lít Công suất rửa: 1750 chiếc/giờ (135 rack) Vận hành tự động liên tục từ rửa đến sấy Công suất điện tiêu thụ tối đa: 43 KW Công suất đốt nóng nước rửa: 9 KW Công suất đốt nóng nước tráng: 26 KW Công quạt sấy: 8 KW
Áp lực nước/nhiệt độ: 2-4 Bar (50oC) Nhiệt độ rửa: 60-65oC
Nhiệt độ tráng: 80-85oC
Lượng nước tiêu thụ: 300 lít/giờ Trọng lượng: 270 kg";200000000;405/2025/252/CTTĐG-VNVIC;16/12/2025;…;Bùi Thị Trà Giang
959;;Xoong đựng thức ăn các lớp;Cái;"
Inox 304,đáy nồi bắt từ Đường kính Ø35x cao 35";940000;405/2025/252/CTTĐG-VNVIC;16/12/2025;…;Bùi Thị Trà Giang
960;;Xoong đựng cơm các lớp;Cái;"
Inox 304,đáy nồi bắt từ Đường kính Ø35x cao 35";940000;405/2025/252/CTTĐG-VNVIC;16/12/2025;…;Bùi Thị Trà Giang
961;;Xoong đựng canh các lớp;Cái;"
Inox 304,đáy nồi bắt từ Đường kính Ø35x cao 35";940000;405/2025/252/CTTĐG-VNVIC;16/12/2025;…;Bùi Thị Trà Giang
962;;Ấm inox ;Cái;"
Dung tích: 5,5 lít
Chất liệu: Inox 304
Có còi báo khi nước sôi
Có thể sử dụng được với bếp từ";249000;405/2025/252/CTTĐG-VNVIC;16/12/2025;…;Bùi Thị Trà Giang
963;;Cân đồng hồ 60Kg ;Cái;"
- Vỏ hộp cân:  
Vỏ hộp cân được dập định hình từ Tole tấm mild-steel, được áo phủ bằng công nghệ sơn tĩnh điện sơn sử dụng là loại đặc biệt chịu được môi trường bên ngoài
- Mặt số cân:  Vạch chia và số hiển thị được in bằng kỹ thuật cao, rõ nét Các vạch hiển thị được phân chia rõ ràng,  tiện lợi cho người sử dụng khi đọc kết quả đo lường
- Mặt kính:  Bằng nhựa PC trong suốt
- Đĩa cân:  Đĩa Inox tròn
- Lò xo cân:  Lò xo được làm bằng thép Carbon tiêu chuẩn, được nhiệt luyện đảm bào tính đàn hồi, áo phủ chống gỉ bằng công nghệ mạ Nikel hoặc nhuộm đen
- Chốt giữ khung:  Tất cả chốt giữ khung được làm bằng thép không gỉ
- Các chi tiết khác:  Toàn bộ các chi tiết khác bên trong cân đều được chế tạo từ Tole tấm mild-steel, áo phủ chống gỉ bằng công nghệ mạ kẽm
- Thông số kỹ thuật:  
+ Phạm vi đo:  2 kg – 60 kg 
+ Giá trị độ chia:  200 g 
+ Cấp chính xác:   IIII 
+ Sai số tối đa:  ± 300 g 
+ Sai số tối thiểu:  ± 100 g
+ Ðường kính mặt số:  10 inches Kích thước sản phẩm LxWxH: 365x290 x360 mm
";1265000;405/2025/252/CTTĐG-VNVIC;16/12/2025;…;Bùi Thị Trà Giang
964;;Cân đồng hồ 5kg;Cái;"
Phạm vi đo 200g – 5kg
Giá trị độ chia 20g
Sai số tối thiểu : ±10g – tối đa : ±30g
Chất liệu Vỏ sắt sơn tĩnh điện
Dĩa Inox tròn øt 208 mm ,ød 150 mm, h=38 mm
Mặt kính nhựa PC trong suốt
Mặt số nhựa nhựa ABS : in lụa , đường kính ngoài ø 133,5 mm, đường kính vùng in ø 124 mm, chiều cao h= 10,4 mm, độ dày nhựa e = 1,4 mm
Vòng chia kín
Tất cả chốt giữ khung được làm bằng thép không gỉ";269000;405/2025/252/CTTĐG-VNVIC;16/12/2025;…;Bùi Thị Trà Giang
965;;Cân điện tử 60Kg;Cái;"
Thông số Cân bàn điện tử 60kg
Cân có độ chính xác cao ( độ phân giải1/30,000 ), đạt độ chính xác cấp 3 theo tiêu chuẩn OIML
Pin dùng trong cân là pin sạc 6V/5Ah
Đế cân có thể điều chỉnh cao độ, dễ dàng cân bằng,khi mặt bàn hoặc mặt kệ không bằng phẳng Khi đó cân đứng thăng bằng không bị gập ghềnh và cho giá trị chính xác nhất";2200000;405/2025/252/CTTĐG-VNVIC;16/12/2025;…;Bùi Thị Trà Giang
966;;Cân gia vị (cân tiểu ly);Cái;"
Cân gia vị (cân tiểu ly)
Giới hạn cân tối đa = 5kg, tối thiểu = 0,1g
Bước nhảy (độ chia) d = 0,1g
Đơn vị cân g, oz, ct, gn …
Nguồn 2 pin AAA
Chức năng tự cân bằng, trừ bì, đếm số lượng
Kích thước đĩa cân:  145 x 145 cm
Kích thước cân: dài x rộng x dày (22 X 17 X 35cm )
Nguồn điện sử dụng:  2 Pin AAA
";450000;405/2025/252/CTTĐG-VNVIC;16/12/2025;…;Bùi Thị Trà Giang
967;;Giá để bình nước 3 tầng;Cái;"
KT 1500x500x1500
Vật liệu: Làm bằng inox 304 dày 08-10 mm 
Có gân tăng cứng dưới mặt bàn
Chân bằng hộp 30x30 x 10 mm      
- Được cắt gấp bằng máy thủy lực Các mối hàn được thực hiện bằng công nghệ hàn TIG, có khí argon bảo vệ mối hàn tránh hiện tượng ô xi hóa Đảm bảo vệ sinh an toàn thực phẩm Sản phẩm sản xuất trên dây chuyền công nghệ được chứng nhận quản lý chất lượng theo tiêu chuẩn: ISO 9001:2015; ISO 14001:2015";6350000;405/2025/252/CTTĐG-VNVIC;16/12/2025;…;Bùi Thị Trà Giang
968;;Cửa lưới chống côn trùng;m2;"
Kích thước: 1,4x2,7m Cửa khung nhôm hệ, 2 cánh mở, lưới inox 304 mắt lưới 0,3mm Phụ kiện bản lề, khóa cửa kèm theo";850000;405/2025/252/CTTĐG-VNVIC;16/12/2025;…;Bùi Thị Trà Giang
969;;Thìa ăn trẻ Inox cán ngắn;Cái;"Việt Nam
Thìa ăn trẻ Inox cán ngắn";6000;405/2025/252/CTTĐG-VNVIC;16/12/2025;…;Bùi Thị Trà Giang
970;;Bát Inox D10cm ( Đ/Kính vành 10cm );Cái;"Việt Nam
Bát Inox D100 ( Đ/Kinh  vành 10 cm )";45000;405/2025/252/CTTĐG-VNVIC;16/12/2025;…;Bùi Thị Trà Giang
971;;Bát to D24cm ( Đ/Kính vành 24cm );Cái;"Việt Nam
Bát to D240 ( Đ/Kính vành 24cm )";80000;405/2025/252/CTTĐG-VNVIC;16/12/2025;…;Bùi Thị Trà Giang
972;;Khay để đồ inox ;Cái;"Việt Nam
Khay được làm từ chất liệu inox 304 dày 1mm ,cao cấp,bền đẹp  không từ tính, khay được thiết kế gọn nhẹ tinh tế đảm bảo an toàn vệ sinh thực phẩm, khay được xử lí kháng khuẩn bảo vệ hệ tiêu hóaKt 50x35x5cm Đảm bảo vệ sinh an toàn thực phẩm";155000;405/2025/252/CTTĐG-VNVIC;16/12/2025;…;Bùi Thị Trà Giang
973;;Khay ăn inox ;Cái;"Việt Nam
Khay được làm từ chất liệu inox 304 cao cấp,bền đẹp  không từ tính, khay được thiết kế gọn nhẹ tinh tế đảm bảo an toàn vệ sinh thực phẩm, khay được xử lí kháng khuẩn bảo vệ hệ tiêu hóa
 Khay có nắp đậy bằng nhựa kín, không bị thức ăn sánh ra ngoài, chống sự xâm nhập của côn trùng
- Kích thước: 28x22x5cm
Đảm bảo vệ sinh an toàn thực phẩm";155000;405/2025/252/CTTĐG-VNVIC;16/12/2025;…;Bùi Thị Trà Giang
974;;Khay đựng thức ăn có nắp 1/2;Cái;"Việt Nam
Khay được làm từ chất liệu inox 304 cao cấp, bền đẹp không từ tính, khay được thiết kế gọn nhẹ tinh tế đảm bảo an toàn vệ sinh thực phẩm, khay được xử lí kháng khuẩn bảo vệ hệ tiêu hóa
  Khay có nắp đậy bằng inox, không bị thức ăn sánh ra ngoài, chống sự xâm nhập của côn trùng
 
 - Kích thước: 325cm x 265cm x 20cm";250000;405/2025/252/CTTĐG-VNVIC;16/12/2025;…;Bùi Thị Trà Giang
975;;Khay đựng thức ăn có nắp 1/3;Cái;"Việt Nam
Chất liệu: inox 304 cao cấp dày 0,8mm,có nắp đậy Kích thước: 32,5x17,5x15cm";200000;405/2025/252/CTTĐG-VNVIC;16/12/2025;…;Bùi Thị Trà Giang
976;;Nồi  Inox 50L cao;Cái;"Việt Nam
Inox 304, đáy nồi bắt từ  Đường kính Ø40 x cao 40 Đáy dày ~5mm với 5 lớp: gồm 2 lớp inox - 2 lớp nhôm và 1 lớp hợp kim có từ tínhThành nồi dày 1mm, thành nồi và đáy nồi liền một khối";1200000;405/2025/252/CTTĐG-VNVIC;16/12/2025;…;Bùi Thị Trà Giang
977;;Nồi  Inox 50L thấp;Cái;"Việt Nam
Inox 304, đáy nồi bắt từ Đường kính Ø50x cao 26Đáy dày ~5mm với 5 lớp: gồm 2 lớp inox - 2 lớp nhôm và 1 lớp hợp kim có từ tínhThành nồi dày 1mm, thành nồi và đáy nồi liền một khối";1300000;405/2025/252/CTTĐG-VNVIC;16/12/2025;…;Bùi Thị Trà Giang
978;;Nồi Inox 100L;Cái;"Việt Nam
Inox 304, đáy nồi bắt từ Đường kính Ø50x cao 50 Đáy dày ~5mm với 5 lớp: gồm 2 lớp inox - 2 lớp nhôm và 1 lớp hợp kim có từ tínhThành nồi dày 1mm, thành nồi và đáy nồi liền một khối";1600000;405/2025/252/CTTĐG-VNVIC;16/12/2025;…;Bùi Thị Trà Giang
979;;Chảo chiên, rán D50cm ;Cái;"Việt Nam
'Inox chuyên dụng dùng cho bếp từ kính lõm chảo dời
Kt: Đường kính chảo 500mm
Dùng để xào, chiên, rán nấu
- Sản phẩm thích hợp để nấu các món chiên xào, đặc biệt giảm thiểu lượng dầu mở giúp bảo vệ sức khỏeChảo dùng được cho bếp từ  Đảm bảo vệ sinh an toàn thực phẩm";800000;405/2025/252/CTTĐG-VNVIC;16/12/2025;…;Bùi Thị Trà Giang
980;;Chảo đáy bằng chống dính D36cm;Cái;"Việt Nam
Chảo đáy bằng chống dính D36cmChảo dùng được cho bếp từ ";1320000;405/2025/252/CTTĐG-VNVIC;16/12/2025;…;Bùi Thị Trà Giang
981;;Nồi  Inox 30L;Cái;"Việt Nam
Inox 304,đáy nồi bắt từ Đường kính Ø35x cao 35";780000;405/2025/252/CTTĐG-VNVIC;16/12/2025;…;Bùi Thị Trà Giang
982;;Dao chặt;Cái;"Việt Nam
Dao chặt thép";240000;405/2025/252/CTTĐG-VNVIC;16/12/2025;…;Bùi Thị Trà Giang
983;;Dao thái;Cái;"Việt Nam
Dao thái thép";140000;405/2025/252/CTTĐG-VNVIC;16/12/2025;…;Bùi Thị Trà Giang
984;;Dao gọt hoa quả;Cái;"Việt Nam
Dao gọt hoa quả Inox";70000;405/2025/252/CTTĐG-VNVIC;16/12/2025;…;Bùi Thị Trà Giang
985;;Nạo vỏ;Cái;"Việt Nam
Nạo vỏ inox";55000;405/2025/252/CTTĐG-VNVIC;16/12/2025;…;Bùi Thị Trà Giang
986;;Thớt chặt D45cm;Cái;"Việt Nam
Thớt nghiến đá siêu bền D45 dày 6cm";1042000;405/2025/252/CTTĐG-VNVIC;16/12/2025;…;Bùi Thị Trà Giang
987;;Thớt thái D35cm;Cái;"Việt Nam
Thớt nghiến siêu bền D34cm, dày 6cm,có đai, quai xách inox";680000;405/2025/252/CTTĐG-VNVIC;16/12/2025;…;Bùi Thị Trà Giang
988;;Muôi nấu to cán dài D16cm  inox;Cái;"Việt Nam
Muôi nấu to cán dài D16cm  inox";110000;405/2025/252/CTTĐG-VNVIC;16/12/2025;…;Bùi Thị Trà Giang
989;;Muôi thủng D16cm  inox;Cái;"Việt Nam
Muôi thủng D16cm  inox";110000;405/2025/252/CTTĐG-VNVIC;16/12/2025;…;Bùi Thị Trà Giang
990;;Xẻng nấu cán dài inox;Cái;"Việt Nam
Xẻng nấu cán dài inox";35000;405/2025/252/CTTĐG-VNVIC;16/12/2025;…;Bùi Thị Trà Giang
991;;Vợt Inox D16cm;Cái;"Việt Nam
Vợt Inox D16cm";115000;405/2025/252/CTTĐG-VNVIC;16/12/2025;…;Bùi Thị Trà Giang
992;;Lọc dầu ăn;Cái;"Việt Nam
Lọc dầu ăn";70000;405/2025/252/CTTĐG-VNVIC;16/12/2025;…;Bùi Thị Trà Giang
993;;Rá vo gạo D57cm;Cái;"Việt Nam
Rá Inox vo gạo D57cm";359000;405/2025/252/CTTĐG-VNVIC;16/12/2025;…;Bùi Thị Trà Giang
994;;Rổ inox lỗ to D57cm;Cái;"Việt Nam
Rổ inox lỗ to D57cm";345000;405/2025/252/CTTĐG-VNVIC;16/12/2025;…;Bùi Thị Trà Giang
995;;Rổ inox lỗ nhỏ D57cm;Cái;"Việt Nam
Rổ inox lỗ nhỏ D57cm";345000;405/2025/252/CTTĐG-VNVIC;16/12/2025;…;Bùi Thị Trà Giang
996;;Chậu inox to D57cm;Cái;"Việt Nam
Chậu inox to D57cm";450000;405/2025/252/CTTĐG-VNVIC;16/12/2025;…;Bùi Thị Trà Giang
997;;Chậu inox nhỏ D40cm;cái;"Việt Nam
Chậu inox nhỏ D40cm";205000;405/2025/252/CTTĐG-VNVIC;16/12/2025;…;Bùi Thị Trà Giang
998;;Muôi Inox D6,5cm;cái;"Việt Nam
Muôi Inox múc canh các nhóm D6,5cm";55000;405/2025/252/CTTĐG-VNVIC;16/12/2025;…;Bùi Thị Trà Giang
999;;Muôi Inox ;Cái;"Việt Nam
Muôi Inox múc cơm ở các nhóm";30900;405/2025/252/CTTĐG-VNVIC;16/12/2025;…;Bùi Thị Trà Giang
1000;;Máy giặt, sấy;Cái;"Việt Nam
- Lồng giặt Lồng ngang
- Khối lượng giặt 15 kg
- Khối lượng sấy 8kg
- Tốc độ quay vắt 1000 vòng/phút
- Inverter Có
- Kiểu động cơ Trực tiếp
- Chương trình giặt 11 Chương trình
- Công nghệ giặt AI Direct Drive: Tự động tối ưu hóa chuyển động giặt qua cảm biến tự động xác định chất liệu đồ giặt để giảm hư hại quần áo, Công nghệ giặt tiết kiệm TurboWash, Giặt hơi nước Team diệt khuẩn & giảm nhăn quần áo, 6 Motions (6 bước giặt tay)
- Chất liệu lồng giặt Thép không gỉ
- Chất liệu nắp máy Kính chịu lực
- Bảng điều khiển Nút xoay chọn chương trình
- Khoảng khối lượng giặt Trên 10 Kg ( trên 7 người)
- Kích thước Ngang 645 cm - Sâu 77 cm - Cao 94 cm
- Chức năng sấy Có";18000000;405/2025/252/CTTĐG-VNVIC;16/12/2025;…;Bùi Thị Trà Giang
1001;;Tủ để đồ giặt là ;Cái;"Việt Nam
Tủ để đồ giặt là: 
+ Chất liệu Inox 304
– Kích thước tổng thể (Dài x Rộng x Cao): 1500X500X1500 mm
– Đặc điểm: 
+ Tủ có 4 tầng để đồ dạng phẳng
+ Tủ có 4 cánh, 2 cánh bên trên và 2 cánh bên dưới, cánh tủ bằng kính trắng
+ Chân bánh xe phi 100 mm
+ Chân hộp 30x30 mm
- Được cắt gấp bằng máy thủy lực Các mối hàn được thực hiện bằng công nghệ hàn TIG, có khí argon bảo vệ mối hàn tránh hiện tượng ô xi hóa
";13580000;405/2025/252/CTTĐG-VNVIC;16/12/2025;…;Bùi Thị Trà Giang
1002;;Thùng rác;Cái;"Việt Nam
Thùng rác: 
 Thùng rác được làm từ nhựa PP cao cấp, cho độ bền cao, khả năng chống lão hóa tốt Kích thước: 345 x 34 x 44 cm";200000;405/2025/252/CTTĐG-VNVIC;16/12/2025;…;Bùi Thị Trà Giang
1003;;Giá phơi đồ di động;Cái;"Việt Nam
Giá phơi đồ di động: 
 Thiết kế gồm 2 thanh phơi cao thấp khác nhau, có thể phơi được ở cả 2 đầu giàn
Khung inox hộp 25x25(mm), thanh phơi phi 19 có zic zắc tăng cứng và chống xô dạt quần áo Bạn có thể mắc quần áo vào các zic zắc hoặc mắc trực tiếp lên thanh phơi đều được
Kích thước: Dài 1m, rộng chân 60cm, cao 14cm
Phụ kiện kèm theo giàn phơi bao gồm: chân đế cao su, bộ bu lông ốc vít bằng inox
- Vật liệu inox 304, có 2 tầng phơi, bánh xe bằng cao su nhựa, có thể di chuyển dễ dàng";1134000;405/2025/252/CTTĐG-VNVIC;16/12/2025;…;Bùi Thị Trà Giang
1004;;Giá phơi khăn mặt ;Cái;"Việt Nam
Giá phơi khăn mặt:
KT:1000 x 450 x 1100 mm
Vật liệu: Toàn bộ làm bằng inox 304 không nhiễm từ Giá được chia làm 04 tầng phơi khăn, trong đó 04 tầng dưới phơi 02 mặt được làm bằng inox F12 và F16, với tổng số dây phơi là 09 Chiếc Chân và trụ của giá được làm bằng inox hộp vuông 20x20 và 25 x 25 Trên đỉnh 02 thanh trụ là 02 quả bóng inox F30 Hai bên giá tạo hình trái tim từ inox ống F12 Chân có bánh xe F50 giúp di chuyển dễ dàng Phơi được khoảng 40 khăn không chồng lên nhau, đảm bảo chắc chắn, an toàn Các mối hàn được thực hiện bằng công nghệ hàn TIG, có khí argon bảo vệ mối hàn tránh hiện tượng ô xi hóa";1350000;405/2025/252/CTTĐG-VNVIC;16/12/2025;…;Bùi Thị Trà Giang
1005;;Rổ nhựa để đồ giặt ;Cái;"Việt Nam
Giá phơi đồ di động: 
-Chất liệu nhựa pp 100% nguyên chất";80000;405/2025/252/CTTĐG-VNVIC;16/12/2025;…;Bùi Thị Trà Giang
1006;;Máy hấp khăn;Cái;"
Tủ hấp khăn 
Kích thước (dài x rộng x cao): 710x600x1450
Điện áp: 220V/50Hz – 380V/60Hz
Công suất: 6 Kw đến 10Kw
Số khay: 8 Khay
Dạng khay: Khay phẳng/ khay lỗ
Kích thước khay: 400x 600X 50mm
Chất liệu chính: Inox 201 (hoặc Inox 304)
Nhiên liệu:  Điện
Nhiệt độ: 50 – 100 độ C
";9000000;405/2025/252/CTTĐG-VNVIC;16/12/2025;…;Bùi Thị Trà Giang
1007;;Giường đơn ;Bộ;"Việt Nam
Giường đơn : 
 Kích thước (Dài x Rộng x Cao): 1900 x 900 x 540 mm
Chân giường ống inox phi 32 mm
Khung giường hộp 30 x 60 mm
Dát giường hộp 10 x 40 mm Nan đỡ dát giường hộp vuông 25 mm
Nan dọc đầu giường ống phi 13 mm
 Lan can giường ống phi 19 mm 
Chân đế cao su";1800000;405/2025/252/CTTĐG-VNVIC;16/12/2025;…;Bùi Thị Trà Giang
1008;;Đệm bọc da;bộ;"Việt Nam
Đệm bọc da:
 - Kích thước: D2000xS800xC100mm
 - Mô tả: Đệm nỉ bọc da (Theo KT giường)";900000;405/2025/252/CTTĐG-VNVIC;16/12/2025;…;Bùi Thị Trà Giang
1009;;Đồng hồ treo tường;Cái;"Việt Nam
Đồng hồ :- Kích thước: 370x360x50 mm- Mô tả: Chất liệu nhựa bền đẹp, chắc chắn";350000;405/2025/252/CTTĐG-VNVIC;16/12/2025;…;Bùi Thị Trà Giang
1010;;Tủ để đồ;Cái;"Việt Nam
Tủ để đồ: 
Dạng tủ đứng cao hàn liền khối được chia thành 8 khoang riêng biệt, tủ có 8 cánh kèm 8 khóa liền Locker,tay nắm âm bằng nhựa kiểu hiện đại
Kích thước: Rộng 1000 x Sâu 450 x Cao 1830mm
Chất liệu: Thép cuộn cán nguội 06mm phun sơn tĩnh điện";1600000;405/2025/252/CTTĐG-VNVIC;16/12/2025;…;Bùi Thị Trà Giang
1011;;Ga trải đệm;bộ;"bộ
Ga trải đệm
Chất liệu : Vải 100% cotton
Ga bo chun 4 góc ,chất liệu coton";280000;405/2025/252/CTTĐG-VNVIC;16/12/2025;…;Bùi Thị Trà Giang
1012;;Gối;Cái;"bộ
Gối
Vỏ gối ghim bông 45*65cm + ruột gối";150000;405/2025/252/CTTĐG-VNVIC;16/12/2025;…;Bùi Thị Trà Giang
1013;;Cây nước nóng lạnh ;Cái ;"
Cây nước ấm lạnh có giá để cốc:
- Công suất: 570W, Nóng 450W - Lạnh 120W
- Nhiệt độ nước hãng công bố: Nóng ≥ 90°C, Lạnh ≤ 10°C
- Nhiệt độ nước thực tế: Nóng ≥ 90°C, Lạnh ≤ 10°C (Nhiệt độ nước thực tế sẽ phụ thuộc vào nhiệt độ môi trường và thể tích nước lấy ra)
-Năng suất làm nóng, lạnh: Nóng 4 lít/giờ, Lạnh 2 lít/giờ
- Chất liệu bình chứa: Inox 304
- Dung tích bình chứa: Nóng 08 lít - Lạnh 2 lít
- Hệ thống làm lạnh: Làm lạnh bằng Block (máy nén) cho độ lạnh sâu
- Điện năng tiêu thụ: 057 kW/h
- Tiện ích: Có nước nguội; Có khoang chứa đựng ly tách; Khay hứng nước
;Có đèn báo nóng lạnh
- Chế độ an toàn: Khóa vòi nước nóng; Tự ngắt điện khi nước đủ nóng, lạnh; Công tắc nóng lạnh độc lập; Tự ngắt khi bình nóng cạn nước
- Kích thước, khối lượng: Cao 100 cm - Ngang 31 cm - Sâu 35 cm - Nặng 1378 kg
";3490000;405/2025/252/CTTĐG-VNVIC;16/12/2025;…;Bùi Thị Trà Giang
1014;;Cốc thủy tinh uống nước ;Cái ;"
Ly thủy tinh:
Dung tích: 230ml
Đường kính: 7cm
Chiều cao: 8cm
";4500;405/2025/252/CTTĐG-VNVIC;16/12/2025;…;Bùi Thị Trà Giang
1015;;Bàn làm việc;Cái ;"
Bàn làm việc :
- Kích thước: R1200xS600xC750 mm
- Mô tả: Bàn sử dụng gỗ MFC cao cấp màu vân gỗ sáng Bàn có ngăn hộc dài sát đất bao gồm 1 ngăn kéo + 1 cánh tủ có khóa an toàn; có 1 khay để bàn phím và 1 kệ CPU; mặt bàn dày 25mm, ngăn bàn các tấm chắn làm bằng gỗ dày 18mm";1350000;405/2025/252/CTTĐG-VNVIC;16/12/2025;…;Bùi Thị Trà Giang
1016;;Ghế làm việc;Cái ;"
Ghế gập: 
- Kích thước: R480xS515xC890 mm
- Mô tả: Kết cấu vững chắc với khung Inox D22, đệm tựa mút bọc PVC
- Ghế có thể gấp lại tiện dụng";440000;405/2025/252/CTTĐG-VNVIC;16/12/2025;…;Bùi Thị Trà Giang
1017;;Thùng rác;Cái ;"
Kích thước: 345x340x440mm
Chất liệu nhựa pp nguyên chất 100% có nắp đạy ngăn mùi hôi từ rác Có thùng đựng rác riêng biệt, có chỗ đạp chân mở đẩy, dễ lau chùi sản phẩm";200000;405/2025/252/CTTĐG-VNVIC;16/12/2025;…;Bùi Thị Trà Giang
1018;;Móc treo quần áo;Cái;"
Móc treo quần áo:
- Bằng Inox 304, Cấu tạo gồm 1 thanh ngang và nhiều chấu chia sẵn (5 chấu, 6 chấu, 7 chấu), người dùng chỉ cần mắc quần áo lên mà không cần sử dụng thêm móc phụ ";160000;405/2025/252/CTTĐG-VNVIC;16/12/2025;…;Bùi Thị Trà Giang
1019;;Rèm cầu vồng;m2;"
Rèm cầu vồng  :
- Kích thước: R830xC1900 mm,
- Mô tả: Vải sợi cơ bản polyester 100% với hai vân vải xen kẽ nhau và cách nhau khoảng 8-10cm Hai vân vải bao gồm: 1 vân vải chính và 1 vân vải voan được dệt mỏng Hộp rèm bao gồm tất cả các linh kiện hộp rèm phía trên, thanh ray trục xoay rèm Tất cả các bộ phận này đều được làm bằng hợp kim nhôm chống rỉ sét, có độ bền rất cao";430000;405/2025/252/CTTĐG-VNVIC;16/12/2025;…;Bùi Thị Trà Giang
1020;;Tủ để đồ  ;Cái;"
Kích thước: 345x340x440mm
Chất liệu nhựa pp nguyên chất 100% có nắp đạy ngăn mùi hôi từ rác Có thùng đựng rác riêng biệt, có chỗ đạp chân mở đẩy, dễ lau chùi sản phẩm";22800000;405/2025/252/CTTĐG-VNVIC;16/12/2025;…;Bùi Thị Trà Giang
1021;;Giá để giày dép ;Cái;"
Móc treo quần áo:
- Bằng Inox 304, Cấu tạo gồm 1 thanh ngang và nhiều chấu chia sẵn (5 chấu, 6 chấu, 7 chấu), người dùng chỉ cần mắc quần áo lên mà không cần sử dụng thêm móc phụ ";4880000;405/2025/252/CTTĐG-VNVIC;16/12/2025;…;Bùi Thị Trà Giang
1022;;Băng ghế để trẻ thay giầy dép ;Cái;"
Rèm cầu vồng  :
- Kích thước: R830xC1900 mm,
- Mô tả: Vải sợi cơ bản polyester 100% với hai vân vải xen kẽ nhau và cách nhau khoảng 8-10cm Hai vân vải bao gồm: 1 vân vải chính và 1 vân vải voan được dệt mỏng Hộp rèm bao gồm tất cả các linh kiện hộp rèm phía trên, thanh ray trục xoay rèm Tất cả các bộ phận này đều được làm bằng hợp kim nhôm chống rỉ sét, có độ bền rất cao";5400000;405/2025/252/CTTĐG-VNVIC;16/12/2025;…;Bùi Thị Trà Giang
1023;;Giá góc xây dựng ;Cái;"Giá góc xây dựng :
- Kích thước: R1200xS300xC800 mm (chiều cao tính cả bánh xe)
-  Giá được thiết kế không có hậu, để thông 02 mặt, gồm 3 tầng (4 đợt) Giá có 2 hồi có gờ cao lên 30 mm so với mặt giá và có khoét lỗ tay cầm hình tròn Chất liệu giá bằng gỗ cao su loại AA dày 18mm Gỗ đã qua xử lý chống ẩm mốc, mối mọt, không cong vênh, đảm bảo tính thẩm mỹ, bền đẹp của sản phẩm Giá để để vân gỗ tự nhiên, sơn PU bóng
- Giá thiết kế có bánh xe, có chốt phanh nên rất linh động trong việc di chuyển, thay đổi, sắp xếp đồ trong phòng";4480000;405/2025/252/CTTĐG-VNVIC;16/12/2025;…;Bùi Thị Trà Giang
1024;;Giá góc học tập  R1200xS300xC800 mm;Cái;"Giá góc học tập:
- Kích thước: R1200xS300xC800 mm (chiều cao tính cả bánh xe)
-  Giá được thiết kế không có hậu, để thông 02 mặt, gồm 3 tầng (4 đợt) Giá có 2 hồi có gờ cao lên 30 mm so với mặt giá và có khoét lỗ tay cầm hình tròn Chất liệu giá bằng gỗ cao su loại AA dày 18mm Gỗ đã qua xử lý chống ẩm mốc, mối mọt, không cong vênh, đảm bảo tính thẩm mỹ, bền đẹp của sản phẩm Giá để để vân gỗ tự nhiên, sơn PU bóng
- Giá thiết kế có bánh xe, có chốt phanh nên rất linh động trong việc di chuyển, thay đổi, sắp xếp đồ trong phòng";4480000;405/2025/252/CTTĐG-VNVIC;16/12/2025;…;Bùi Thị Trà Giang
1025;;Giá góc nghệ thuật  ;Cái;"Giá góc nghệ thuật :
- Kích thước: R1200xS300xC800 mm (chiều cao tính cả bánh xe)
-  Giá được thiết kế không có hậu ,để thông 02 mặt, gồm 3 tầng (4 đợt)Giá có 2 hồi có gờ cao lên 30 mm so với mặt giá và có khoét lỗ tay cầm hình tròn Chất liệu giá bằng gỗ cao su loại AA dày 18mmGỗ đã qua xử lý chống ẩm mốc, mối mọt, không cong vênh,đảm bảo tính thẩm mỹ ,bền đẹp của sản phẩm Giá để để vân gỗ tự nhiên ,sơn PU bóng
- Giá thiết kế có bánh xe ,có chốt phanh nên rất linh động trong việc di chuyển,thay đổi,sắp xếp đồ trong phòng ";4480000;405/2025/252/CTTĐG-VNVIC;16/12/2025;…;Bùi Thị Trà Giang
1026;;Giá góc thực hành cuộc sống  R1200xS300xC800 mm;Cái;"Giá góc thực hành cuộc sống  :
- Kích thước: R1200xS300xC800 mm (chiều cao tính cả bánh xe)
-  Giá được thiết kế không có hậu, để thông 02 mặt, gồm 3 tầng (4 đợt) Giá có 2 hồi có gờ cao lên 30 mm so với mặt giá và có khoét lỗ tay cầm hình tròn Chất liệu giá bằng gỗ cao su loại AA dày 18mm Gỗ đã qua xử lý chống ẩm mốc, mối mọt, không cong vênh, đảm bảo tính thẩm mỹ, bền đẹp của sản phẩm Giá để để vân gỗ tự nhiên, sơn PU bóng
- Giá thiết kế có bánh xe, có chốt phanh nên rất linh động trong việc di chuyển, thay đổi, sắp xếp đồ trong phòng";4480000;405/2025/252/CTTĐG-VNVIC;16/12/2025;…;Bùi Thị Trà Giang
1027;;Giá góc ứng dụng các pp tiên tiến  R1200xS300xC800 mm;Cái;"Giá góc ứng dụng các pp tiên tiến  :
- Kích thước: R1200xS300xC800 mm (chiều cao tính cả bánh xe)
-  Giá được thiết kế không có hậu ,để thông 02 mặt, gồm 3 tầng (4 đợt) Giá có 2 hồi có gờ cao lên 30 mm so với mặt giá và có khoét lỗ tay cầm hình tròn Chất liệu giá bằng gỗ cao su loại AA dày 18mm Gỗ đã qua xử lý chống ẩm mốc, mối mọt, không cong vênh,đảm bảo tính thẩm mỹ, bền đẹp của sản phẩm Giá để để vân gỗ tự nhiên, sơn PU bóng
- Giá thiết kế có bánh xe, có chốt phanh nên rất linh động trong việc di chuyển, thay đổi, sắp xếp đồ trong phòng ";4480000;405/2025/252/CTTĐG-VNVIC;16/12/2025;…;Bùi Thị Trà Giang
1028;;Giá góc bán hàng R600 x S300 x C1200mm;Cái;"Giá góc bán hàng  :
-Thiết kế gồm 3 giá độc lập ,có thể ghép thành khối  lại với nhau theo mục đích sử dụng:
Giá bán hàng : R600 x S300 x C1200mm (có 2 giá)
Giá bày đồ: 1200 x 300 x 800 mm (có 1 giá)
- Giá bán hàng chia làm 4 ngăn, có hậu Tại các ngăn ,bố trí các đợt đặt chéo 15 độ, có gờ chắn cao 50 mm chặn phía trước để tránh rơi đồ Giá bày đồ chia làm 3 tầng, 2 tầng trên mỗi tầng chia đều 2 ô, tầng dưới cùng chia đều 3 ô để bày đồ chơi và học liệu Giá bán hàng không hậu để trẻ đứng bán hàng Chất liệu giá bằng gỗ cao su loại AA dày 18mm Gỗ đã qua xử lý chống ẩm mốc, mối mọt, không cong vênh, đảm bảo tính thẩm mỹ, bền đẹp của sản phẩm Giá để để vân gỗ tự nhiên, sơn PU bóng
- Giá thiết kế có bánh xe, có chốt phanh nên rất linh động trong việc di chuyển, thay đổi, sắp xếp đồ trong phòng";13140000;405/2025/252/CTTĐG-VNVIC;16/12/2025;…;Bùi Thị Trà Giang
1029;;Giá góc văn học R1200xS300xC800 mm;Cái;"Giá góc văn học : 
- Kích thước: R1200xS300xC800 mm (chiều cao tính cả bánh xe)
- Giá được thiết kế chia làm 4 ngăn ,4 tầngHai hồi bên cạnh làm để văn gỗ ,các mặt của các ngăn sơn bệt màu trắng Chất liệu giá bằng gỗ cao su loại AA dày 18mmGỗ đã qua xử lý chống ẩm mốc, mối mọt, không cong vênh,đảm bảo tính thẩm mỹ ,bền đẹp của sản phẩm 
- Giá thiết kế có bánh xe ,có chốt phanh nên rất linh động trong việc di chuyển,thay đổi,sắp xếp đồ trong phòng ";5680000;405/2025/252/CTTĐG-VNVIC;16/12/2025;…;Bùi Thị Trà Giang
1030;;Tủ bếp, giá góc gia đình D400 x R400 x C900mm;Cái;"Tủ đồ chơi chủ đề gia đình:
- Kích thước:
Tủ lạnh 2 cánh: D400 x R400 x C900mm
Bếp ga ,máy giặt,chậu rửa ,bàn chờ: D400 x R400 x 550 mm 
- Tủ đồ chơi bào gồm 1 tủ lạnh và các thiết bị bếp như: 1 bếp ga thiết kế có lò nướng phía dưới, 1 bàn chậu rửa có bồn inox và có vòi nhựa, 1 bàn chờ Tất cả đều là mô hình là mô hình mô phỏng các thiết bị quen thuộc trong gia đình để bé làm quen, phân biệt các thiết bị sử dụng hàng ngày Bên trong các ô tủ bố trí có đợt hoặc không có đợt để cất đồ dùng, đồ chơi Sản phẩm mang tính thẩm mỹ và giáo dục cao trong các tiết học của trẻ 
 -Vật liệu: Bằng gỗ cao su loại AA, dày 18mm không mắt đã qua xử lý chống ẩm mốc, mối mọt, không cong vênh, đảm bảo tính thẩm mỹ bền đẹp của sản phẩm
-Các khói tủ thiết kế có bánh xe, có chốt phanh nên rất linh động trong việc di chuyển, thay đổi, sắp xếp đồ trong phòng
";10400000;405/2025/252/CTTĐG-VNVIC;16/12/2025;…;Bùi Thị Trà Giang
1031;;Bộ bàn ghế ăn mi ni;Bộ ;"Bộ bàn ghế ăn mi ni
 Bộ bàn ghế gồm 1 bàn và 6 ghế Chất liệu là gỗ cao su ghép thanh cao cấp loại AA, đã qua xử lý chống ẩm mốc, mối mọt, không cong vênh, sơn phủ bóng cao cấp đảm bảo tính thẩm mỹ bền đẹp của sản phẩm Bàn hình elip,kích thước bàn : D120xR80 x C50 cm: Ghế gỗ cho trẻ có kích thước: mặt ghế R27xS25cm, cao 25cmMặt ghế sơn phủ pu bóng mờ các màu khác nhau (trắng,vàng nhạt,xanh lá nhạt) Khung ghế màu đồng màu với nội thất phòng ,đồng thời có thể xếp chồng lên nhau ";8440000;405/2025/252/CTTĐG-VNVIC;16/12/2025;…;Bùi Thị Trà Giang
1032;;Bàn cho trẻ ;Cái;"Bàn cho trẻ:
- KT: D900 x R500 x C520(mm)
- Mặt bàn bằng gỗ cao su loại AA đã qua tấm sấy, chống mối mọt, cong vênh, dày 18mm, sơn phủ PU bóng Chân bàn bằng thép ống Φ 22 sơn tĩnh điện, có núm bọc bằng cao su, có thể gấp lại dễ dàng, đảm bảo chắc chắn, an toàn Các góc cạnh gia công mép tròn, đảm bảo thẩm mỹ và an toàn khi sử dụng
";2200000;405/2025/252/CTTĐG-VNVIC;16/12/2025;…;Bùi Thị Trà Giang
1033;;Ghế cho trẻ;Cái;"Ghế cho trẻ
Kích thước: R280 x S290 mm x C280/560mm
Dung sai kích thước ± 5mm
Vật liệu: Gỗ cao su ghép thanh cao cấp loại 1 (AA) dày 18mm được chứng nhận phù hợp TCVN 8575:2010, đã qua xử lý chống ẩm mốc, mối mọt, không cong vênh, sơn phủ bóng cao cấp đảm bảo tính thẩm mỹ Chân gỗ tự nhiên 35 x 35mm, có giằng 50x 18mm quây xung quanh mặt ngồi đảm bảo chắc chắn Sản phẩm được đăng ký nhãn hiệu và sản xuất bởi nhà sản xuất đạt tiêu chuẩn ISO 9001:2015, ISO 14001: 2015
";1544000;405/2025/252/CTTĐG-VNVIC;16/12/2025;…;Bùi Thị Trà Giang
1034;;Ghế cho giáo viên;Cái;"Ghế cho giáo viên
Kích thước: R320 x S320 mm x C350/600 mm 
Vật liệu: Gỗ sao sughép thanh cao cấp loại 1 (AA) dày 18mm được chứng nhận phù hợp TCVN 8575:2010, đã qua xử lý chống ẩm mốc, mối mọt, không cong vênh, sơn phủ bóng cao cấp đảm bảo tính thẩm mỹ Chân gỗ tự nhiên 18 x 55 mm, có giằng 55 x 18mm quây xung quanh mặt ngồi và giằng chân 30 x 18mm đảm bảo chắc chắn Sản phẩm được đăng ký nhãn hiệu và sản xuất bởi nhà sản xuất đạt tiêu chuẩn ISO 9001:2015, ISO 14001: 2015
";1940000;405/2025/252/CTTĐG-VNVIC;16/12/2025;…;Bùi Thị Trà Giang
1035;;Bàn làm việc;Cái;"Bàn làm việc:
- Kích thước: R1200xS600xC750 mm
- Mô tả: Chất liệu bằng gỗ cao su loại AA đã qua xử lý chống mối mọt, ẩm mốc, cong vênh, sơn phủ PU cao cấp, mặt bàn dày 25mm, chân bàn dạng tấm dày 18mm, có đệm cao su tại chân bàn, phía trước là tấm quây dày 10mm, Bàn có 1 ngăn kéo, 1 kệ để CPU và 1 khay để bàn phím Bàn có hộc gỗ treo
Mặt bàn có lỗ đi dây điện tiện dụng";9800000;405/2025/252/CTTĐG-VNVIC;16/12/2025;…;Bùi Thị Trà Giang
1036;;Ghế làm việc;Cái;"Ghế gập: 
- Kích thước: R480xS515xC890 mm
- Mô tả: Kết cấu vững chắc với khung Inox D22, đệm tựa mút bọc PVC
- Ghế có thể gấp lại tiện dụng";1760000;405/2025/252/CTTĐG-VNVIC;16/12/2025;…;Bùi Thị Trà Giang
1037;;Loa vi tính;Bộ;" Loa máy vi tính:                                  
- Công suất  38W, 
- Số lượng kênh : 2,1 kênh
- Kết nối không dây: Bluetooth 50
- Kết nối khác: Đầu AUX IN; Thẻ nhớ SD; USB
- Phím điều khiển: Chỉnh Bass; Phát/dừng chơi nhạc; Tăng/giảm âm lượng
- Gồm 1 loa trầm và 2 loa vệ tinh";5060000;405/2025/252/CTTĐG-VNVIC;16/12/2025;…;Bùi Thị Trà Giang
1038;;"Tivi 65"" treo tường + giá treo";Cái;"Google Tivi Sony 4K KD-65X75K
Kích cỡ màn hình: 65 inch
Độ phân giải: 4K
Loại màn hình: Đèn nền: LED nền (Direct LED), 
Hệ điều hành: Google TV
Chất liệu chân đế, Chất liệu viền tivi: Nhựa
Công nghệ hình ảnh:
Công nghệ hình ảnh: Tăng cường tương phản Dynamic Contrast Enhancer, HLG, HDR10, Màu sắc sống động Live Colour, Nâng cấp hình ảnh 4K X-Reality PRO, Chuyển động mượt Motionflow XR 200
Bộ xử lý: Bộ xử lý X1 4K
Tần số quét thực: 60 Hz
Tiện ích:
Điều khiển tivi bằng điện thoại: Android TV
Điều khiển bằng giọng nói: Tìm kiếm giọng nói trên YouTube bằng tiếng Việt, Google Assistant có tiếng Việt
Chiếu hình từ điện thoại lên TV: Chromecast, AirPlay 2
Remote thông minh: Remote tích hợp micro tìm kiếm giọng nói (RMF-TX810V)
Ứng dụng phổ biến: YouTube, Netflix, Galaxy Play (Fim+), Clip TV, FPT Play, VTVcab ON, VieON
Tiện ích thông minh khác: Micro tích hợp trên TV điều khiển giọng nói rảnh tay
Công nghệ âm thanh:
Tổng công suất loa: 20W
Số lượng loa: 2 loa
Âm thanh vòm: Dolby Audio
Kết nối với loa tivi: Có
Các công nghệ khác: Bộ khuếch đại âm thanh S-Master Digital Amplifier, Loa X-Balanced tăng chất lượng âm thanh, Tùy chỉnh âm thanh theo môi trường Clear Phase
Cổng kết nối:
Kết nối Internet: Wi-Fi, Cổng mạng LAN
Kết nối không dây: Bluetooth (Kết nối loa, thiết bị di động)
USB A: 2 cổng USB A
Cổng nhận hình ảnh, âm thanh: 3 cổng HDMI có 1 cổng HDMI eARC (ARC), 1 cổng Composite
Cổng xuất âm thanh: 1 cổng 35 mm, 1 cổng Optical (Digital Audio), 1 cổng eARC (ARC)
Kích thước không chân, treo tường: Ngang ~1462 cm - Cao ~842 cm - Dày ~71 cm
Khối lượng không chân: ~204 Kg";64000000;405/2025/252/CTTĐG-VNVIC;16/12/2025;…;Bùi Thị Trà Giang
1039;;Tủ để cây ấm lạnh có giá  để cốc;Cái;"Tủ để cây ấm lạnh có giá để cốc :
- Kích thước tủ : R1100xS400xC1200mm
- Chất liệu bằng gỗ cao su AA đã qua tấm sấy, chống mối mọt, cong vênh, dày 18mm Toàn bộ khung tủ sơn pu bóng Tủ chia làm 2 khoang, 1 khoang để cây ấm lạnh, 1 khoang chia làm 2 ngăn Ngăn trên chia làm 2 đợt, có 2 cánh mở cắt họa tiết CNC hình bông hoa, sâu 250mm Ngăn dưới có 2 đợt giá nan inox 304 để cốc, phía dưới có khay hứng nước bằng inox, bên ngoài là 2 cánh mở tay nắm âm (móc vát) Ngăn tủ dưới sâu 400mm Các góc cạnh gia công mép tròn, đảm bảo thẩm mỹ và an toàn khi sử dụng";13000000;405/2025/252/CTTĐG-VNVIC;16/12/2025;…;Bùi Thị Trà Giang
1040;;Cây nước ấm lạnh ;Cái;"CÂY NƯỚC NÓNG LẠNH HÒA PHÁT HWP B2CI:
Loại: Nóng Ấm + Lạnh
Kiểu bình: Âm thân (hút bình)
Nhiệt độ nước nóng: 45 độ C, Lạnh: 10 độ C
Công nghệ làm lạnh: Block
Công suất làm nóng: 450 W Công suất làm lạnh: 
75 W
Gas sử dụng: R134a Nguồn điện áp: b220V/50Hz
Kích thước (Rộng x cao x sâu): 325 x 1055 x 310 
(mm)
Trọng lượng sản phẩm: 14kg
Xuất xứ thương hiệu: Việt Nam Sản xuất tại: 
Trung Quốc
Bảo hành: 28 tháng";15400000;405/2025/252/CTTĐG-VNVIC;16/12/2025;…;Bùi Thị Trà Giang
1041;;Cốc uống nước;Cái;"Cốc uống nước Inox:
- KT: Ø 7
- Vật liệu: Bằng  inox 304, miệng cốc không có viền, đảm bảo vệ sinh an toàn khi sử dụng";80000;405/2025/252/CTTĐG-VNVIC;16/12/2025;…;Bùi Thị Trà Giang
1042;;Tủ để chăn, gối, đệm;Cái;"Tủ để chăn, gối, đệm:
- Kích thước: R1650xS500xC1600mm
- Hình dáng: Tủ chia thành 2 khoang ngang
+ Khoang 1 cao 1200mm (đã gồm chân tủ cao 30-50mm, dưới chân có bánh xe di chuyển) chia thành 5 khoang đứng, 5 cánh mở êm bản lề giảm chấn, tay nắm âm, trong mỗi khoang đứng có 2 đợt ngang chia 1 khoang làm 3 ô, mỗi ô kích thước khoảng R300xS500xC350)
+ Khoang 2 cao 400mm nằm trên khoang 1 dạng hộp kích thước khoảng R1650xS500xC400, không cánh
- Chất liệu bằng gỗ cao su loại AA đã qua xử lý chống mối mọt, ẩm mốc, cong vênh, sơn phủ PU cao cấp dày 18mm, lưng tủ dày 10mm đảm bảo độ bền, an toàn";18000000;405/2025/252/CTTĐG-VNVIC;16/12/2025;…;Bùi Thị Trà Giang
1043;;Đệm ngủ;Cái;"Nệm ngủ 
Nệm mầm non cho bé mẫu giáo, nệm chần gòn có chống trượt vải cotton sattin thấm hút tốt kích thước 1200 x 700mm (gòn dầy 300g)";1156000;405/2025/252/CTTĐG-VNVIC;16/12/2025;…;Bùi Thị Trà Giang
1044;;Bàn chơi cho trẻ (Bàn Osin);Cái;"Bàn cho trẻ chơi ở các góc (Bàn osin):
- KT: 800 x 800 x 250 mm
- Chất liệu bằng gỗ cao su loại AA đã qua xử lý chống mối mọt, ẩm mốc, cong vênh, độ dày 18mm đã qua sử lý chống ẩm mốc, mối mọt, không cong vênh Sản phẩm thiết kế phù hợp các góc chơi của trẻ";4000000;405/2025/252/CTTĐG-VNVIC;16/12/2025;…;Bùi Thị Trà Giang
1045;;Bàn chơi cho trẻ (Bàn Osin) Bán nguyệt;Cái;"Bàn cho trẻ chơi  (Bàn osin) bán nguyệt:
- Kích thước: mặt bàn bán nguyệt bán kính R600 x cao 250 mm
- Vật liệu: Vật liệu: Bằng gỗ cao su AA, mặt bàn dày 18 mm, chân 40x40mm đã qua xử lý chống ẩm mốc, mối mọt, không cong vênh, được sơn phủ PU bóng đảm bảo tính thẩm mỹ bền đẹp của sản phẩm Sản phẩm được tạo hình bán nguyệt";3400000;405/2025/252/CTTĐG-VNVIC;16/12/2025;…;Bùi Thị Trà Giang
1046;;Bàn chơi cho trẻ (Bàn Osin) hình thang;Cái;"Bàn cho trẻ chơi (Bàn osin) hình thang:
- Kích thước: Mặt bàn hình thang cân kích thước đáy (1000-500)x H433mm - chiều cao bàn C250mm
- Vật liệu: Bằng gỗ cao su AA, mặt bàn dày 18 mm, chân 60x60mm đã qua xử lý chống ẩm mốc, mối mọt, không cong vênh, được sơn phủ PU bóng đảm bảo tính thẩm mỹ bền đẹp của sản phẩm Sản phẩm thiết kế 02 bàn  hình thang cân ghép lại thành hình lục giác";4000000;405/2025/252/CTTĐG-VNVIC;16/12/2025;…;Bùi Thị Trà Giang
1047;;Tủ quần áo;Cái;"Tủ để đồ: 
- Kích thước: 1000x500x1830mm 
- Tủ sắt sơn tĩnh điện màu ghi, có 1 khối gồm 2 khoang, mỗi khoang có 2 đợt di động, có thêm 1 suốt treo áo, tủ có 2 cánh sắt mở, 2 tay nắm nhựa liền khóa";11800000;405/2025/252/CTTĐG-VNVIC;16/12/2025;…;Bùi Thị Trà Giang
1048;;Giá phơi khăn mặt;Cái;"Giá phơi khăn mặt:
KT:1000 x 450 x 1100 mm
Vật liệu: Toàn bộ làm bằng inox 304 không nhiễm từ Giá được chia làm 04 tầng phơi khăn, trong đó 04 tầng dưới phơi 02 mặt được làm bằng inox F12 và F16, với tổng số dây phơi là 09 Chiếc Chân và trụ của giá được làm bằng inox hộp vuông 20x20 và 25 x 25 Trên đỉnh 02 thanh trụ là 02 quả bóng inox F30 Hai bên giá tạo hình trái tim từ inox ống F12 Chân có bánh xe F50 giúp di chuyển dễ dàng Phơi được khoảng 40 khăn không chồng lên nhau, đảm bảo chắc chắn, an toàn Các mối hàn được thực hiện bằng công nghệ hàn TIG, có khí argon bảo vệ mối hàn tránh hiện tượng ô xi hóa
";5400000;405/2025/252/CTTĐG-VNVIC;16/12/2025;…;Bùi Thị Trà Giang
1049;;Thùng rác;cái;"Thùng rác: 
Thùng rác được làm từ nhựa PP cao cấp, cho độ bền cao, khả năng chống lão hóa tốt 
Kích thước: 345 x 34 x 44 cm
";800000;405/2025/252/CTTĐG-VNVIC;16/12/2025;…;Bùi Thị Trà Giang
1050;;Máy sấy tay;Cái;"Máy sấy tay
Hệ thống sấy :Sấy nóng
Công suất: 1062W
Tốc độ gió: 75 m/giây
Độ ồn:60dB
Chất liệu: Nhựa cao cấp
Nguồn điện áp:220V - 240V / 50Hz - 60Hz
Kích thước:Rộng x sâu x cao (310mm x 255mm x 182mm)
Trọng lượng sản phẩm (tham khảo): 3,6kg
Hoạt động tự động bằng cảm ứng giúp tiết kiệm năng lượng";25200000;405/2025/252/CTTĐG-VNVIC;16/12/2025;…;Bùi Thị Trà Giang
1051;;Bảng quay hai mặt;Cái;"Bảng quay hai mặt:
- Kích thước mặt Bảng : W1200 x H800 (W chiều rộng - H chiều cao)
- Mặt bảng có độ bền cao Bảng di động trên khung với bánh xe có chốt hãm Khung chân bảng làm bằng thép hộp sơn tĩnh điện cao cấp Chân bảng có thể tháo lắp dễ dàng, thuận tiện cho việc vận chuyển Các góc bảng, chân bảng có đầu bịt bằng nhựa, tránh sắc nhọn, tạo tính thẩm mỹ
-Bảng có 2 mặt, 1 Mặt bảng màu xanh, sáng đẹp có dòng kẻ mờ 5 x 5cm (Dễ viết thẳng hàng) dễ đọc, không bị chói, bóng ở bất kỳ vị trí nào, 1 mặt bảng bằng nỉ
- Vật liệu ổn định trong mọi thời tiết Tạo cảm giác khi viết lên bảng như viết lên giấy Dễ dàng lau sạch sau khi viết Có thể viết ngay khi bảng còn ướt                              ";3724000;405/2025/252/CTTĐG-VNVIC;16/12/2025;…;Bùi Thị Trà Giang
1052;;Bộ mic trợ giảng;Bộ;"Bộ mic trợ giảng không dây:                                    
Công suất loa phát (với mic): RMS 15W
Công suất cực đại tối đa: PMPO 30W
Thời gian sạc: 6 giờ
Thời lượng pin (mic): ~4 giờ
Thời lượng pin máy: ~8 giờ
Kích thước thân máy: 13,5 (cao) x 11 (rộng) x 3,7 (dày)
Cổng sạc: DC5V/1A
Hỗ trợ kết nối: USB 20 / Bluetooth 50 / TF Card tối đa 32G / Aux 35 line inHỗ trợ chức năng:  USB, Ghi âm, FM, Thẻ nhớ, Bluetooth 50
Phụ kiện đi kèm: 1 Micro ko dây, kẹp đế,  dây sạc,  dây 35mm, dây đeo
";5200000;405/2025/252/CTTĐG-VNVIC;16/12/2025;…;Bùi Thị Trà Giang
1053;;Đồng hồ treo tường;Cái;Đồng hồ :- Kích thước: 370x360x50 mm- Mô tả: Chất liệu nhựa bền đẹp, chắc chắn;1400000;405/2025/252/CTTĐG-VNVIC;16/12/2025;…;Bùi Thị Trà Giang
1054;;Rèm cầu vồng ;m2;"Rèm cầu vồng  :
- Kích thước: R2400xC1900 mm,R1300xC1900mm,
- Mô tả: Vải sợi cơ bản polyester 100% với hai vân vải xen kẽ nhau và cách nhau khoảng 8-10cm Hai vân vải bao gồm: 1 vân vải chính và 1 vân vải voan được dệt mỏng Hộp rèm bao gồm tất cả các linh kiện hộp rèm phía trên, thanh ray trục xoay rèm Tất cả các bộ phận này đều được làm bằng hợp kim nhôm chống rỉ sét, có độ bền rất cao,";1720000;405/2025/252/CTTĐG-VNVIC;16/12/2025;…;Bùi Thị Trà Giang
1055;;Cốc xúc miệng nước muối;Chiếc;"Cốc xúc miệng:
- Cốc uống nước dung tích 250ml
- Chất liệu nhựa PP Nguyên sinh cao cấp
- Màu sắc: Xanh, trắng, Đen, Be (Kem)
- Thiết kế: Chống trơn trượt, nhỏ gọn, Thân cốc thiết kế vừa vặn với tay cầm
- Kích thước: Miệng 75cm cao 95cm
- An toàn, vệ sinh, chịu được nhiệt độ tới 120 độ C";28800;405/2025/252/CTTĐG-VNVIC;16/12/2025;…;Bùi Thị Trà Giang
1056;;Bình đựng nước muối;Cái; Bình nhựa tròn 15L sản xuất từ chất liệu nhựa PET chính phẩm cao cấp, an toàn Dùng để chứa các loại thức uống trong gia đình, giúp bảo quản thức uống lâu hơn;340000;405/2025/252/CTTĐG-VNVIC;16/12/2025;…;Bùi Thị Trà Giang
1057;;Xô hứng nước xúc miệng;Cái;"Xô hứng nước xúc miệng
Được làm từ nhựa PP nguyên sinh, không chứa chất độc hại, đảm bảo an toàn cho sức khỏe của người sử dụng và thân thiện với môi trường
Quai xách và hai bên có gờ nắm chắc chắn giúp việc vận chuyển xô nhựa được dễ dàng
Khung nhựa vững chắc, chịu va đập, chịu tải trọng tốt
-Có nắp đậy tiện dụng, bảo quản tốt
Kích thước (tham khảo): 34 x 31 x 29 cm
Dung tích: 14L";196000;405/2025/252/CTTĐG-VNVIC;16/12/2025;…;Bùi Thị Trà Giang
1058;;Giá để bình nước muối;Cái;"Giá để bình nước muối
Chân Bình Nước Inox  được làm từ chất liệu inox 304 sáng bóng, không gỉ, bền đẹp, chất lượng tốt Sản phẩm được thiết kế và sản xuất chắc chắn, bền bỉ, được dùng để đặt bình nước  15-20L, máy lọc nước trong gia đình và văn phòng
Kích thước: 30cmx30cmx50cm";1140000;405/2025/252/CTTĐG-VNVIC;16/12/2025;…;Bùi Thị Trà Giang
1059;;Chăn hè;Cái ;"Tên sản phẩm: Chăn hè trẻ em đa sắc 
Chất liệu: Đũi
Kích thước: 100x140cm";380000;405/2025/252/CTTĐG-VNVIC;16/12/2025;…;Bùi Thị Trà Giang
1060;;Chăn đông;Cái ;"Chăn đông
 Kích thước: 800 x 1200 mm
 Chất liệu: Cotton sattin, thoáng mát thấm hút mồ hôi (gòn dày 200g)";1596000;405/2025/252/CTTĐG-VNVIC;16/12/2025;…;Bùi Thị Trà Giang
1061;;Gối ;Cái ;"Gối:
Kích thước: 300 x400 mm
Chất liệu: Vỏ gối làm bằng Cotton sattin, thoáng mát thấm hút mồ hôi, ruột gối là gòn xơ cao cấp
";596000;405/2025/252/CTTĐG-VNVIC;16/12/2025;…;Bùi Thị Trà Giang
1062;;Ghế sofa mini cho trẻ tại Góc Văn học;Bộ;"Ghế sofa mini cho trẻ tại góc văn học 
 Kich thước ghế: 43*52*52cm  Kiểu dáng lựa chọn, phù hợp với mầm non
 Chất liệu: Khung polywood gỗ dày dặn, mút cao cấp, bọc nỉ hoặc bọc da Bộ gồm 02 ghế Màu sắc phù hợp với lứa tuổi mầm non";5160000;405/2025/252/CTTĐG-VNVIC;16/12/2025;…;Bùi Thị Trà Giang
1063;;Băng ghế cho trẻ ngồi đọc sách (phía trên có đệm, phía dưới chia các ô, ngăn để đựng sách);Bộ;"Băng ghế để trẻ đọc sách
 Kích thước: 1200 x 300 x 300 mm
 Vật liệu: Gỗ cao su ghép thanh cao cấp loại 1 (AA) dày 18mm, được chứng nhận phù hợp TCVN 8575:2010, đã qua xử lý chống ẩm mốc, mối mọt, không cong vênh, sơn phủ bóng cao cấp đảm bảo tính thẩm mỹ bền đẹp của sản phẩm Ghế được thiết kế đa năng 2 trong 1 kết hợp giữa ghế ngồi có nệm bông ép bọc da 50mm và giá để sách 1 tầng với 3 khoang để sách truyện Sản phẩm được đăng ký nhãn hiệu và sản xuất bởi nhà sản xuất đạt tiêu chuẩn ISO 9001:2015, ISO 14001: 2015";7140000;405/2025/252/CTTĐG-VNVIC;16/12/2025;…;Bùi Thị Trà Giang
1064;;Thảm trải sàn các hình tròn;Cái;"Thảm trải sàn hình tròn
Kích thước: Đường kính 1,6m
Chất liệu: Bề mặt chất sợi nỉ lì, không bị xù lông, không bị phai màu Mặt dưới có các hạt cao su giúp tăng độ ma sát, bám dính xuống mặt sàn nhà chống trượt";2200000;405/2025/252/CTTĐG-VNVIC;16/12/2025;…;Bùi Thị Trà Giang
1065;;Thảm trải sàn các hình vuông;m2;"Kích thước tấm : 60 x 60 cm, dày khoảng 1cm
Chất liệu : Xốp EVA + mặt thảm nỉ cao cấp độ bền cao";309600;405/2025/252/CTTĐG-VNVIC;16/12/2025;…;Bùi Thị Trà Giang
1066;;Thảm trải sàn các hình elip;Cái;"Thảm trải sàn hình Elip
Kích thước: 1,6x2m
Chất liệu: Bề mặt chất sợi nỉ lì, không bị xù lông, không bị phai màu Mặt dưới có các hạt cao su giúp tăng độ ma sát, bám dính xuống mặt sàn nhà chống trượt";2200000;405/2025/252/CTTĐG-VNVIC;16/12/2025;…;Bùi Thị Trà Giang
1067;;Tủ đựng chất tẩy rửa;Cái ;"Thông số kĩ thuật : 
 Kích thước : 418x300x400mm
 Chất liệu : Nhựa tổng hợp,chịu lực chịu nước";3200000;405/2025/252/CTTĐG-VNVIC;16/12/2025;…;Bùi Thị Trà Giang
1068;;Bảng tương tác;Bộ;"Loại bảng: Bảng vách ngăn Scala một mặt ghim nỉ + 1 mặt từ trắng
Kích thước: D1200 x C1500 mm
Vật liệu: Bề mặt bảng: Mặt HQ trắng viết bút dạ; Bề mặt ghim kết hợp tiêu âm theo bộ sưu tập màu vải trang nhã mới Có thể kết hợp 2 bề mặt từ HQ + 1 mặt tiêu âm ghim có tác dụng ghim tài liệu đồng thời làm tiêu tiếng ồn và âm thanh Bảng được sử dụng cốt tiêu âm + cao su non 5mm dày 20 mm đảm bảo chắc chắn Bánh xe chuyên dụng có chốt hãm định vị Sản phẩm được sản xuất bởi Nhà sản xuất đạt tiêu chuẩn ISO 9001:2015; ISO 14001:2015
";27080000;405/2025/252/CTTĐG-VNVIC;16/12/2025;…;Bùi Thị Trà Giang
1069;;Ổ cắm kéo dài đa năng kết hợp 5 ổ;Cái ;"Ổ cắm kéo dài đa năng kết hợp 5 ổ
Ổ cắm điện có 5 lỗ 3 chấu, đa năng và có 5 công tắc đi kèm
Mỗi ổ cắm đều có nắp che, hạn chế tối đa bị phóng tia lửa điện, chống rò rỉ điện, chống giật hiệu quả, an toàn cho trẻ nhỏ
 Ổ cắm  được làm bằng hạt nhựa ABS nhập khẩu chịu nhiệt độ cao,chống cháy Chịu tải cao: Max 3200W, 2 lõi dây đồng : 2*1mm- Điện áp: 220V/ 50Hz";940000;405/2025/252/CTTĐG-VNVIC;16/12/2025;…;Bùi Thị Trà Giang
1070;;Tủ để đồ ;Cái;"Tủ để đồ:
- Kích thước: R1800xS350xC1220mm
- Hình dáng: Tủ chia làm 15 ô (chia 3 khoang ngang, mỗi khoang 5 ô) cánh mở tay khoét, bản lề giảm chấn, mở êm, kích thước mỗi ô chia đều khoảng D350xS350xC400mm, chân tủ cao 30-50mm, có bánh xe di chuyển
- Chất liệu bằng gỗ cao su loại AA đã qua xử lý chống mối mọt, ẩm mốc, cong vênh, sơn phủ PU cao cấp dày 18mm, lưng tủ dày 10mm đảm bảo độ bền, an toàn 
";22800000;405/2025/252/CTTĐG-VNVIC;16/12/2025;…;Bùi Thị Trà Giang
1071;;Giá để giày dép;Cái;"Giá để giày dép:
- Kích thước: R1200xS300xC800 mm (chiều cao tính cả bánh xe)
- Giá có thiết kế chia 4 đợt, các đợt bố trí đặt dốc 15 độ, phía ngoài có gờ đỡ Giá có hậu, hậu dày 10mmTrên các đợt bố trí các thanh gỗ R50xS18xD300mm chia ngăn để giầy, dép Chất liệu giá bằng gỗ cao su loại AA dày 18mm Gỗ đã qua xử lý chống ẩm mốc, mối mọt, không cong vênh, đảm bảo tính thẩm mỹ, bền đẹp của sản phẩm Giá để để vân gỗ tự nhiên, sơn PU bóng
- Giá thiết kế có bánh xe, có chốt phanh nên rất linh động trong việc di chuyển, thay đổi, sắp xếp đồ trong phòng
";4880000;405/2025/252/CTTĐG-VNVIC;16/12/2025;…;Bùi Thị Trà Giang
1072;;Băng ghế để trẻ thay giầy dép;Cái;"Băng ghế để trẻ đọc sách+thay giày dép
- Kích thước: D1200xR300xC350 mm (chiều cao tính đệm)
- Băng ghế được thiết kế có đệm bọc nỉ dày 50mm đặt trên mặt, có 2 gờ chặn 2 đầu Phía dưới băng ghế chia 3 ngăn để đồChất liệu khung ghế bằng gỗ cao su loại AA dày 18mmGỗ đã qua xử lý chống ẩm mốc, mối mọt, không cong vênh,đảm bảo tính thẩm mỹ, bền đẹp của sản phẩm Khung ghế để để vân gỗ tự nhiên, sơn PU bóng
";5400000;405/2025/252/CTTĐG-VNVIC;16/12/2025;…;Bùi Thị Trà Giang
1073;;Giá góc xây dựng;Cái;"Giá góc xây dựng :
- Kích thước: R1200xS300xC800 mm (chiều cao tính cả bánh xe)
-  Giá được thiết kế không có hậu ,để thông 02 mặt, gồm 3 tầng (4 đợt) Giá có 2 hồi có gờ cao lên 30 mm so với mặt giá và có khoét lỗ tay cầm hình tròn Chất liệu giá bằng gỗ cao su loại AA dày 18mm Gỗ đã qua xử lý chống ẩm mốc, mối mọt, không cong vênh,đảm bảo tính thẩm mỹ, bền đẹp của sản phẩm Giá để để vân gỗ tự nhiên, sơn PU bóng
- Giá thiết kế có bánh xe, có chốt phanh nên rất linh động trong việc di chuyển,thay đổi, sắp xếp đồ trong phòng";4480000;405/2025/252/CTTĐG-VNVIC;16/12/2025;…;Bùi Thị Trà Giang
1074;;Giá góc học tập ;Cái;"Giá góc học tập:
- Kích thước: R1200xS300xC800 mm (chiều cao tính cả bánh xe)
-  Giá được thiết kế không có hậu ,để thông 02 mặt, gồm 3 tầng (4 đợt) Giá có 2 hồi có gờ cao lên 30 mm so với mặt giá và có khoét lỗ tay cầm hình tròn Chất liệu giá bằng gỗ cao su loại AA dày 18mm Gỗ đã qua xử lý chống ẩm mốc, mối mọt, không cong vênh,đảm bảo tính thẩm mỹ, bền đẹp của sản phẩm Giá để để vân gỗ tự nhiên, sơn PU bóng
- Giá thiết kế có bánh xe, có chốt phanh nên rất linh động trong việc di chuyển, thay đổi, sắp xếp đồ trong phòng";4480000;405/2025/252/CTTĐG-VNVIC;16/12/2025;…;Bùi Thị Trà Giang
1075;;Giá góc nghệ thuật ;Cái;"Giá góc nghệ thuật :
- Kích thước: R1200xS300xC800 mm (chiều cao tính cả bánh xe)
-  Giá được thiết kế không có hậu, để thông 02 mặt, gồm 3 tầng (4 đợt) Giá có 2 hồi có gờ cao lên 30 mm so với mặt giá và có khoét lỗ tay cầm hình tròn Chất liệu giá bằng gỗ cao su loại AA dày 18mm Gỗ đã qua xử lý chống ẩm mốc, mối mọt, không cong vênh, đảm bảo tính thẩm mỹ, bền đẹp của sản phẩm Giá để để vân gỗ tự nhiên, sơn PU bóng
- Giá thiết kế có bánh xe, có chốt phanh nên rất linh động trong việc di chuyển, thay đổi, sắp xếp đồ trong phòng";4480000;405/2025/252/CTTĐG-VNVIC;16/12/2025;…;Bùi Thị Trà Giang
1076;;Giá góc thực hành cuộc sống ;Cái;"Giá góc thực hành cuộc sống  :
- Kích thước: R1200xS300xC800 mm (chiều cao tính cả bánh xe)
-  Giá được thiết kế không có hậu, để thông 02 mặt, gồm 3 tầng (4 đợt) Giá có 2 hồi có gờ cao lên 30 mm so với mặt giá và có khoét lỗ tay cầm hình tròn Chất liệu giá bằng gỗ cao su loại AA dày 18mm Gỗ đã qua xử lý chống ẩm mốc, mối mọt, không cong vênh, đảm bảo tính thẩm mỹ, bền đẹp của sản phẩm Giá để để vân gỗ tự nhiên ,sơn PU bóng
- Giá thiết kế có bánh xe, có chốt phanh nên rất linh động trong việc di chuyển, thay đổi, sắp xếp đồ trong phòng";4480000;405/2025/252/CTTĐG-VNVIC;16/12/2025;…;Bùi Thị Trà Giang
1077;;Giá góc ứng dụng các pp tiên tiến ;Cái;"Giá góc ứng dụng các pp tiên tiến  :
- Kích thước: R1200xS300xC800 mm (chiều cao tính cả bánh xe)
-  Giá được thiết kế không có hậu, để thông 02 mặt, gồm 3 tầng (4 đợt) Giá có 2 hồi có gờ cao lên 30 mm so với mặt giá và có khoét lỗ tay cầm hình tròn Chất liệu giá bằng gỗ cao su loại AA dày 18mm Gỗ đã qua xử lý chống ẩm mốc, mối mọt, không cong vênh, đảm bảo tính thẩm mỹ, bền đẹp của sản phẩm Giá để để vân gỗ tự nhiên ,sơn PU bóng
- Giá thiết kế có bánh xe, có chốt phanh nên rất linh động trong việc di chuyển,thay đổi,sắp xếp đồ trong phòng";4480000;405/2025/252/CTTĐG-VNVIC;16/12/2025;…;Bùi Thị Trà Giang
1078;;Giá góc bán hàng;Cái;"Giá góc bán hàng  :
-Thiết kế gồm 3 giá độc lập, có thể ghép thành khối  lại với nhau theo mục đích sử dụng :
Giá bán hàng : R600 x S300 x C1200mm ( có 2 giá )
Giá bày đồ :1200 x 300 x 800 mm ( có 1 giá )
- Giá bán hàng chia làm 4 ngăn, có hậu Tại các ngăn ,bố trí các đợt đặt chéo 15 độ, có gờ chắn cao 50 mm chặn phía trước để tránh rơi đồ Giá bày đồ chia làm 3 tầng, 2 tầng trên mỗi tầng chia đều 2 ô, tầng dưới cùng chia đều 3 ô để bày đồ chơi và học liệu Giá bán hàng không hậu để trẻ đứng bán hàng Chất liệu giá bằng gỗ cao su loại AA dày 18mm Gỗ đã qua xử lý chống ẩm mốc, mối mọt, không cong vênh, đảm bảo tính thẩm mỹ, bền đẹp của sản phẩm Giá để để vân gỗ tự nhiên, sơn PU bóng
- Giá thiết kế có bánh xe, có chốt phanh nên rất linh động trong việc di chuyển, thay đổi, sắp xếp đồ trong phòng";13140000;405/2025/252/CTTĐG-VNVIC;16/12/2025;…;Bùi Thị Trà Giang
1079;;Giá góc văn học ;Cái;"Giá góc văn học : 
- Kích thước: R1200xS300xC800 mm (chiều cao tính cả bánh xe)
- Giá được thiết kế chia làm 4 ngăn ,4 tầngHai hồi bên cạnh làm để văn gỗ ,các mặt của các ngăn sơn bệt màu trắng Chất liệu giá bằng gỗ cao su loại AA dày 18mmGỗ đã qua xử lý chống ẩm mốc, mối mọt, không cong vênh,đảm bảo tính thẩm mỹ ,bền đẹp của sản phẩm 
- Giá thiết kế có bánh xe ,có chốt phanh nên rất linh động trong việc di chuyển,thay đổi,sắp xếp đồ trong phòng ";5680000;405/2025/252/CTTĐG-VNVIC;16/12/2025;…;Bùi Thị Trà Giang
1080;;Tủ bếp,giá góc gia đình ;Cái;"Tủ đồ chơi chủ đề gia đình:
- Kích thước:
Tủ lạnh 2 cánh: D400 x R400 x C900mm
Bếp ga, máy giặt, chậu rửa, bàn chờ: D400 x R400 x 550 mm 
- Tủ đồ chơi bào gồm 1 tủ lạnh và các thiết bị bếp như: 1 bếp ga thiết kế có lò nướng phía dưới, 1 bàn chậu rửa có bồn inox và có vòi nhựa, 1 bàn chờ Tất cả đều là mô hình là mô hình mô phỏng các thiết bị quen thuộc trong gia đình để bé làm quen, phân biệt các thiết bị sử dụng hàng ngày Bên trong các ô tủ bố trí có đợt hoặc không có đợt để cất đồ dùng, đồ chơi Sản phẩm mang tính thẩm mỹ và giáo dục cao trong các tiết học của trẻ 
 -Vật liệu: Bằng gỗ cao su loại AA, dày 18mm không mắt đã qua xử lý chống ẩm mốc, mối mọt, không cong vênh, đảm bảo tính thẩm mỹ bền đẹp của sản phẩm
- Các khói tủ thiết kế có bánh xe, có chốt phanh nên rất linh động trong việc di chuyển, thay đổi, sắp xếp đồ trong phòng
";10400000;405/2025/252/CTTĐG-VNVIC;16/12/2025;…;Bùi Thị Trà Giang
1081;;Bộ bàn ghế ăn mi ni;Bộ ;"Bộ bàn ghế ăn mi ni
 Bộ bàn ghế gồm 1 bàn và 6 ghế Chất liệu là gỗ cao su ghép thanh cao cấp loại AA, đã qua xử lý chống ẩm mốc, mối mọt, không cong vênh, sơn phủ bóng cao cấp đảm bảo tính thẩm mỹ bền đẹp của sản phẩm Bàn hình elip,kích thước bàn : D120xR80 x C50 cm: Ghế gỗ cho trẻ có kích thước: mặt ghế R27xS25cm, cao 25cmMặt ghế sơn phủ pu bóng mờ các màu khác nhau (trắng,vàng nhạt,xanh lá nhạt) Khung ghế màu đồng màu với nội thất phòng ,đồng thời có thể xếp chồng lên nhau ";8440000;405/2025/252/CTTĐG-VNVIC;16/12/2025;…;Bùi Thị Trà Giang
1082;;Bàn cho trẻ ;Cái;"Bàn cho trẻ:
- KT: D900 x R500 x C520(mm)
- Mặt bàn bằng gỗ cao su loại AA đã qua tấm sấy, chống mối mọt, cong vênh, dày 18mm, sơn phủ PU bóng Chân bàn bằng thép ống Φ 22 sơn tĩnh điện, có núm bọc bằng cao su, có thể gấp lại dễ dàng, đảm bảo chắc chắn, an toàn Các góc cạnh gia công mép tròn, đảm bảo thẩm mỹ và an toàn khi sử dụng
";2200000;405/2025/252/CTTĐG-VNVIC;16/12/2025;…;Bùi Thị Trà Giang
1083;;Ghế cho trẻ;Cái;"Ghế cho trẻ
Kích thước: R280 x S290 mm x C280/560mm
Dung sai kích thước ± 5mm
Vật liệu: Gỗ cao su ghép thanh cao cấp loại 1 (AA) dày 18mm được chứng nhận phù hợp TCVN 8575:2010, đã qua xử lý chống ẩm mốc, mối mọt, không cong vênh, sơn phủ bóng cao cấp đảm bảo tính thẩm mỹ Chân gỗ tự nhiên 35 x 35mm, có giằng 50x 18mm quây xung quanh mặt ngồi đảm bảo chắc chắn Sản phẩm được đăng ký nhãn hiệu và sản xuất bởi nhà sản xuất đạt tiêu chuẩn ISO 9001:2015, ISO 14001: 2015
";1544000;405/2025/252/CTTĐG-VNVIC;16/12/2025;…;Bùi Thị Trà Giang
1084;;Ghế cho giáo viên;Cái;"Ghế cho giáo viên
Kích thước: R320 x S320 mm x C350/600 mm 
Vật liệu: Gỗ sao sughép thanh cao cấp loại 1 (AA) dày 18mm được chứng nhận phù hợp TCVN 8575:2010, đã qua xử lý chống ẩm mốc, mối mọt, không cong vênh, sơn phủ bóng cao cấp đảm bảo tính thẩm mỹ Chân gỗ tự nhiên 18 x 55 mm, có giằng 55 x 18mm quây xung quanh mặt ngồi và giằng chân 30 x 18mm đảm bảo chắc chắn Sản phẩm được đăng ký nhãn hiệu và sản xuất bởi nhà sản xuất đạt tiêu chuẩn ISO 9001:2015, ISO 14001: 2015
";1940000;405/2025/252/CTTĐG-VNVIC;16/12/2025;…;Bùi Thị Trà Giang
1085;;Bàn làm việc;Cái;"Bàn làm việc:
- Kích thước: R1200xS600xC750 mm
- Mô tả: Chất liệu bằng gỗ cao su loại AA đã qua xử lý chống mối mọt, ẩm mốc, cong vênh, sơn phủ PU cao cấp, mặt bàn dày 25mm, chân bàn dạng tấm dày 18mm, có đệm cao su tại chân bàn, phía trước là tấm quây dày 10mm, Bàn có 1 ngăn kéo, 1 kệ để CPU và 1 khay để bàn phím Bàn có hộc gỗ treo
Mặt bàn có lỗ đi dây điện tiện dụng";9800000;405/2025/252/CTTĐG-VNVIC;16/12/2025;…;Bùi Thị Trà Giang
1086;;Ghế làm việc;Cái;"Ghế gập: 
- Kích thước: R480xS515xC890 mm
- Mô tả: Kết cấu vững chắc với khung Inox D22, đệm tựa mút bọc PVC
- Ghế có thể gấp lại tiện dụng";1760000;405/2025/252/CTTĐG-VNVIC;16/12/2025;…;Bùi Thị Trà Giang
1087;;Loa vi tính;Bộ;" Loa máy vi tính:                                         
- Công suất  38W, 
- Số lượng kênh : 2,1 kênh
- Kết nối không dây: Bluetooth 50
- Kết nối khác: Đầu AUX IN; Thẻ nhớ SD; USB
- Phím điều khiển: Chỉnh Bass; Phát/dừng chơi nhạc; Tăng/giảm âm lượng
- Gồm 1 loa trầm và 2 loa vệ tinh";5060000;405/2025/252/CTTĐG-VNVIC;16/12/2025;…;Bùi Thị Trà Giang
1088;;"Tivi 65"" treo tường + giá treo";Cái;"Google Tivi Sony 4K KD-65X75K
Kích cỡ màn hình: 65 inch
Độ phân giải: 4K
Loại màn hình: Đèn nền: LED nền (Direct LED), 
Hệ điều hành: Google TV
Chất liệu chân đế, Chất liệu viền tivi: Nhựa
Công nghệ hình ảnh:
Công nghệ hình ảnh: Tăng cường tương phản Dynamic Contrast Enhancer, HLG, HDR10, Màu sắc sống động Live Colour, Nâng cấp hình ảnh 4K X-Reality PRO, Chuyển động mượt Motionflow XR 200
Bộ xử lý: Bộ xử lý X1 4K
Tần số quét thực: 60 Hz
Tiện ích:
Điều khiển tivi bằng điện thoại: Android TV
Điều khiển bằng giọng nói: Tìm kiếm giọng nói trên YouTube bằng tiếng Việt, Google Assistant có tiếng Việt
Chiếu hình từ điện thoại lên TV: Chromecast, AirPlay 2
Remote thông minh: Remote tích hợp micro tìm kiếm giọng nói (RMF-TX810V)
Ứng dụng phổ biến: YouTube, Netflix, Galaxy Play (Fim+), Clip TV, FPT Play, VTVcab ON, VieON
Tiện ích thông minh khác: Micro tích hợp trên TV điều khiển giọng nói rảnh tay
Công nghệ âm thanh:
Tổng công suất loa: 20W
Số lượng loa: 2 loa
Âm thanh vòm: Dolby Audio
Kết nối với loa tivi: Có
Các công nghệ khác: Bộ khuếch đại âm thanh S-Master Digital Amplifier, Loa X-Balanced tăng chất lượng âm thanh, Tùy chỉnh âm thanh theo môi trường Clear Phase
Cổng kết nối:
Kết nối Internet: Wi-Fi, Cổng mạng LAN
Kết nối không dây: Bluetooth (Kết nối loa, thiết bị di động)
USB A: 2 cổng USB A
Cổng nhận hình ảnh, âm thanh: 3 cổng HDMI có 1 cổng HDMI eARC (ARC), 1 cổng Composite
Cổng xuất âm thanh: 1 cổng 35 mm, 1 cổng Optical (Digital Audio), 1 cổng eARC (ARC)
Kích thước không chân, treo tường: Ngang ~1462 cm - Cao ~842 cm - Dày ~71 cm
Khối lượng không chân: ~204 Kg";64000000;405/2025/252/CTTĐG-VNVIC;16/12/2025;…;Bùi Thị Trà Giang
1089;;Tủ để cây ấm lạnh có giá  để cốc;Cái;"Tủ để cây ấm lạnh có giá để cốc :
- Kích thước tủ : R1100xS400xC1200mm
- Chất liệu bằng gỗ cao su AA đã qua tấm sấy, chống mối mọt, cong vênh, dày 18mm Toàn bộ khung tủ sơn pu bóng Tủ chia làm 2 khoang, 1 khoang để cây ấm lạnh, 1 khoang chia làm 2 ngăn Ngăn trên chia làm 2 đợt, có 2 cánh mở cắt họa tiết CNC hình bông hoa, sâu 250mm Ngăn dưới có 2 đợt giá nan inox 304 để cốc, phía dưới có khay hứng nước bằng inox, bên ngoài là 2 cánh mở tay nắm âm (móc vát) Ngăn tủ dưới sâu 400mm Các góc cạnh gia công mép tròn, đảm bảo thẩm mỹ và an toàn khi sử dụng";13000000;405/2025/252/CTTĐG-VNVIC;16/12/2025;…;Bùi Thị Trà Giang
1090;;Cây nước ấm lạnh ;Cái;"CÂY NƯỚC NÓNG LẠNH HÒA PHÁT HWP B2CI:
Loại: Nóng Ấm + Lạnh
Kiểu bình: Âm thân (hút bình)
Nhiệt độ nước nóng: 45 độ C, Lạnh: 10 độ C
Công nghệ làm lạnh: Block
Công suất làm nóng: 450 W Công suất làm lạnh: 
75 W
Gas sử dụng: R134a Nguồn điện áp: b220V/50Hz
Kích thước (Rộng x cao x sâu): 325 x 1055 x 310 
(mm)
Trọng lượng sản phẩm: 14kg
Xuất xứ thương hiệu: Việt Nam Sản xuất tại: 
Trung Quốc
Bảo hành: 28 tháng";15400000;405/2025/252/CTTĐG-VNVIC;16/12/2025;…;Bùi Thị Trà Giang
1091;;Cốc uống nước;Cái;"Cốc uống nước Inox:
- KT: Ø 7
- Vật liệu: Bằng  inox 304, miệng cốc không có viền, đảm bảo vệ sinh an toàn khi sử dụng";80000;405/2025/252/CTTĐG-VNVIC;16/12/2025;…;Bùi Thị Trà Giang
1092;;Tủ để chăn, gối, đệm;Cái;"Tủ để chăn, gối, đệm:
- Kích thước: R1650xS500xC1600mm
- Hình dáng: Tủ chia thành 2 khoang ngang
+ Khoang 1 cao 1200mm (đã gồm chân tủ cao 30-50mm, dưới chân có bánh xe di chuyển) chia thành 5 khoang đứng, 5 cánh mở êm bản lề giảm chấn, tay nắm âm, trong mỗi khoang đứng có 2 đợt ngang chia 1 khoang làm 3 ô, mỗi ô kích thước khoảng R300xS500xC350)
+ Khoang 2 cao 400mm nằm trên khoang 1 dạng hộp kích thước khoảng R1650xS500xC400, không cánh
- Chất liệu bằng gỗ cao su loại AA đã qua xử lý chống mối mọt, ẩm mốc, cong vênh, sơn phủ PU cao cấp dày 18mm, lưng tủ dày 10mm đảm bảo độ bền, an toàn";18000000;405/2025/252/CTTĐG-VNVIC;16/12/2025;…;Bùi Thị Trà Giang
1093;;Đệm ngủ;Cái;"Nệm ngủ 
Nệm mầm non cho bé mẫu giáo, nệm chần gòn có chống trượt vải cotton sattin thấm hút tốt kích thước 1200 x 700mm (gòn dầy 300g)";1156000;405/2025/252/CTTĐG-VNVIC;16/12/2025;…;Bùi Thị Trà Giang
1094;;Bàn chơi cho trẻ (Bàn Osin) vuông;Cái;"Bàn cho trẻ chơi ở các góc (Bàn osin):
- KT: 800 x 800 x 250 mm
- Chất liệu bằng gỗ cao su loại AA đã qua xử lý chống mối mọt, ẩm mốc, cong vênh, độ dày 18mm đã qua sử lý chống ẩm mốc, mối mọt, không cong vênh Sản phẩm thiết kế phù hợp các góc chơi của trẻ";4000000;405/2025/252/CTTĐG-VNVIC;16/12/2025;…;Bùi Thị Trà Giang
1095;;Bàn Ô sin hình Tròn;Chiếc;"Bàn Ô sin hình tròn
 Kích thước: Đường kính 800mm x cao 250 mm
 Vật liệu: Gỗ cao su ghép thanh cao cấp loại AA dày 18mm, đã qua xử lý chống ẩm mốc, mối mọt, không cong vênh, sơn phủ bóng cao cấp đảm bảo tính thẩm mỹ bền đẹp của sản phẩm Bàn hình tròn, các cạnh bàn được bo tròn để đảm bảo an toàn và thẩm mỹ";4000000;405/2025/252/CTTĐG-VNVIC;16/12/2025;…;Bùi Thị Trà Giang
1096;;Bàn chơi cho trẻ (Bàn Osin) Bán nguyệt;Cái;"Bàn cho trẻ chơi  (Bàn osin) bán nguyệt:
- Kích thước: mặt bàn bán nguyệt bán kính R600 x cao 250 mm
- Vật liệu: Vật liệu: Bằng gỗ cao su AA, mặt bàn dày 18 mm, chân 40x40mm đã qua xử lý chống ẩm mốc, mối mọt, không cong vênh, được sơn phủ PU bóng đảm bảo tính thẩm mỹ bền đẹp của sản phẩm Sản phẩm được tạo hình bán nguyệt";3400000;405/2025/252/CTTĐG-VNVIC;16/12/2025;…;Bùi Thị Trà Giang
1097;;Tủ quần áo;Cái;"Tủ để đồ giáo viên:
- Kích thước: R1200xS550xC1600mm
- Hình dáng: Tủ gồm 2 khoang đứng (vách ngăn gỗ ở giữa), 2 cánh mở bản lề giảm chấn, tay nắm âm, 2 khóa riêng biệt, 2 khoang ngang:
+ Khoang 1 cao 1200mm (đã gồm chân tủ cao 30-50mm) có suốt treo quần áo,
+ Khoang 2 cao 400mm,
- Chất liệu bằng gỗ cao su loại AA đã qua xử lý chống mối mọt, ẩm mốc, cong vênh, sơn phủ PU cao cấp dày 18mm, lưng tủ dày 10mm đảm bảo độ bền, an toàn";18800000;405/2025/252/CTTĐG-VNVIC;16/12/2025;…;Bùi Thị Trà Giang
1098;;Giá phơi khăn mặt;Cái;"Giá phơi khăn mặt:
KT:1000 x 450 x 1100 mm
Vật liệu: Toàn bộ làm bằng inox 304 không nhiễm từ Giá được chia làm 04 tầng phơi khăn, trong đó 04 tầng dưới phơi 02 mặt được làm bằng inox F12 và F16, với tổng số dây phơi là 09 Chiếc Chân và trụ của giá được làm bằng inox hộp vuông 20x20 và 25 x 25 Trên đỉnh 02 thanh trụ là 02 quả bóng inox F30 Hai bên giá tạo hình trái tim từ inox ống F12 Chân có bánh xe F50 giúp di chuyển dễ dàng Phơi được khoảng 40 khăn không chồng lên nhau, đảm bảo chắc chắn, an toàn Các mối hàn được thực hiện bằng công nghệ hàn TIG, có khí argon bảo vệ mối hàn tránh hiện tượng ô xi hóa";5400000;405/2025/252/CTTĐG-VNVIC;16/12/2025;…;Bùi Thị Trà Giang
1099;;Thùng rác;cái;"Thùng rác: 
Thùng rác được làm từ nhựa PP cao cấp, cho độ bền cao, khả năng chống lão hóa tốt 
Kích thước: 345 x 34 x 44 cm
";800000;405/2025/252/CTTĐG-VNVIC;16/12/2025;…;Bùi Thị Trà Giang
1100;;Máy sấy tay;Cái;"Máy sấy tay
Hệ thống sấy :Sấy nóng
Công suất: 1062W
Tốc độ gió: 75 m/giây
Độ ồn:60dB
Chất liệu: Nhựa cao cấp
Nguồn điện áp:220V - 240V / 50Hz - 60Hz
Kích thước:Rộng x sâu x cao (310mm x 255mm x 182mm)
Trọng lượng sản phẩm (tham khảo): 3,6kg
Hoạt động tự động bằng cảm ứng giúp tiết kiệm năng lượng";25200000;405/2025/252/CTTĐG-VNVIC;16/12/2025;…;Bùi Thị Trà Giang
1101;;Bảng quay hai mặt;Cái;"Bảng quay hai mặt:
- Kích thước mặt Bảng : W1200 x H800 (W chiều rộng - H chiều cao)
- Mặt bảng có độ bền cao Bảng di động trên khung với bánh xe có chốt hãm Khung chân bảng làm bằng thép hộp sơn tĩnh điện cao cấp Chân bảng có thể tháo lắp dễ dàng, thuận tiện cho việc vận chuyển Các góc bảng, chân bảng có đầu bịt bằng nhựa, tránh sắc nhọn, tạo tính thẩm mỹ
-Bảng có 2 mặt, 1 Mặt bảng màu xanh, sáng đẹp có dòng kẻ mờ 5 x 5cm (Dễ viết thẳng hàng) dễ đọc, không bị chói, bóng ở bất kỳ vị trí nào, 1 mặt bảng bằng nỉ
- Vật liệu ổn định trong mọi thời tiết Tạo cảm giác khi viết lên bảng như viết lên giấy Dễ dàng lau sạch sau khi viết Có thể viết ngay khi bảng còn ướt                              ";3724000;405/2025/252/CTTĐG-VNVIC;16/12/2025;…;Bùi Thị Trà Giang
1102;;Bộ mic trợ giảng;Bộ;"- Công suất Loa: 20-25W
- Kết nối không dây UHF, Có dây 35
- Màn hình LCD
- Chức năng: Bluetooth 50, TF, USB, Reg, FM
- Công kết nối: Mic 35mm, công sạc Type-C
- Thời gian sử dụng liên tục 8-10h, Micro 4-5h
- Thời gian sạc: 4-6h
- Trọng lượng: ~170g
- Kích thước: ~106x89x38cm";4400000;405/2025/252/CTTĐG-VNVIC;16/12/2025;…;Bùi Thị Trà Giang
1103;;Đồng hồ treo tường;Cái;Đồng hồ :- Kích thước: 370x360x50 mm- Mô tả: Chất liệu nhựa bền đẹp, chắc chắn;1400000;405/2025/252/CTTĐG-VNVIC;16/12/2025;…;Bùi Thị Trà Giang
1104;;Rèm cầu vồng ;m2;"Rèm cầu vồng  :
- Kích thước: R2400xC1900 mm,R1300xC1900mm,
- Mô tả: Vải sợi cơ bản polyester 100% với hai vân vải xen kẽ nhau và cách nhau khoảng 8-10cm Hai vân vải bao gồm: 1 vân vải chính và 1 vân vải voan được dệt mỏng Hộp rèm bao gồm tất cả các linh kiện hộp rèm phía trên, thanh ray trục xoay rèm Tất cả các bộ phận này đều được làm bằng hợp kim nhôm chống rỉ sét, có độ bền rất cao,";1720000;405/2025/252/CTTĐG-VNVIC;16/12/2025;…;Bùi Thị Trà Giang
1105;;Cốc xúc miệng nước muối;Chiếc;"Cốc xúc miệng:
- Cốc uống nước dung tích 250ml
- Chất liệu nhựa PP Nguyên sinh cao cấp
- Màu sắc: Xanh, trắng, Đen, Be (Kem)
- Thiết kế: Chống trơn trượt, nhỏ gọn, Thân cốc thiết kế vừa vặn với tay cầm
- Kích thước: Miệng 75cm cao 95cm
- An toàn, vệ sinh, chịu được nhiệt độ tới 120 độ C";28800;405/2025/252/CTTĐG-VNVIC;16/12/2025;…;Bùi Thị Trà Giang
1106;;Bình đựng nước muối;Cái; Bình nhựa tròn 15L sản xuất từ chất liệu nhựa PET chính phẩm cao cấp, an toàn Dùng để chứa các loại thức uống trong gia đình, giúp bảo quản thức uống lâu hơn;340000;405/2025/252/CTTĐG-VNVIC;16/12/2025;…;Bùi Thị Trà Giang
1107;;Xô hứng nước xúc miệng;Cái;"Xô hứng nước xúc miệng
Được làm từ nhựa PP nguyên sinh, không chứa chất độc hại, đảm bảo an toàn cho sức khỏe của người sử dụng và thân thiện với môi trường
Quai xách và hai bên có gờ nắm chắc chắn giúp việc vận chuyển xô nhựa được dễ dàng
Khung nhựa vững chắc, chịu va đập, chịu tải trọng tốt
-Có nắp đậy tiện dụng, bảo quản tốt
Kích thước (tham khảo): 34 x 31 x 29 cm
Dung tích: 14L";196000;405/2025/252/CTTĐG-VNVIC;16/12/2025;…;Bùi Thị Trà Giang
1108;;Giá để bình nước muối;Cái;"Giá để bình nước muối
Chân Bình Nước Inox  được làm từ chất liệu inox 304 sáng bóng, không gỉ, bền đẹp, chất lượng tốt Sản phẩm được thiết kế và sản xuất chắc chắn, bền bỉ, được dùng để đặt bình nước  15-20L, máy lọc nước trong gia đình và văn phòng
Kích thước: 30cmx30cmx50cm";1140000;405/2025/252/CTTĐG-VNVIC;16/12/2025;…;Bùi Thị Trà Giang
1109;;Chăn hè;Cái ;"Chăn hè
Kích thước: 800 x 1200 mm
Chất liệu: Cotton sattin, thoáng mát thấm hút mồ hôi (gòn mỏng 60g)
";1196000;405/2025/252/CTTĐG-VNVIC;16/12/2025;…;Bùi Thị Trà Giang
1110;;Chăn đông;Cái ;"Chăn đông
 Kích thước: 800 x 1200 mm
 Chất liệu: Cotton sattin, thoáng mát thấm hút mồ hôi (gòn dày 200g)";1596000;405/2025/252/CTTĐG-VNVIC;16/12/2025;…;Bùi Thị Trà Giang
1111;;Gối ;Cái ;"Gối:
Kích thước: 300 x400 mm
Chất liệu: Vỏ gối làm bằng Cotton sattin, thoáng mát thấm hút mồ hôi, ruột gối là gòn xơ cao cấp
";596000;405/2025/252/CTTĐG-VNVIC;16/12/2025;…;Bùi Thị Trà Giang
1112;;Ghế sofa mini cho trẻ tại Góc Gia đình;Bộ;"Ghế sofa mini cho trẻ tại góc văn học 
 Kich thước ghế: 43*52*52cm  Kiểu dáng lựa chọn, phù hợp với mầm non
 Chất liệu: Khung polywood gỗ dày dặn, mút cao cấp, bọc nỉ hoặc bọc da Bộ gồm 02 ghế Màu sắc phù hợp với lứa tuổi mầm non";5160000;405/2025/252/CTTĐG-VNVIC;16/12/2025;…;Bùi Thị Trà Giang
1113;;Băng ghế cho trẻ ngồi đọc sách ( phía trên có đệm, phía dưới chia các ô, ngăn để đựng sách);Bộ;Băng ghế cho trẻ ngồi đọc sách ( phía trên có đệm, phía dưới chia các ô, ngăn để đựng sách) đã qua xử lý chống ẩm mốc, mối mọt,băng ghế có đệm bọc nỉ dầy 50mm, đảm bảo tính thẩm mỹ bền đẹp của sản phẩm,  KT mặt ghế cao 450mm dài 2000mm, rộng 400 mm, không có tựa, phía dưới chía 5 ngăn để sách trong đó có 3 ngăn cánh mở 2 ngăn có 2 ngăn kéo 2 tầng;7140000;405/2025/252/CTTĐG-VNVIC;16/12/2025;…;Bùi Thị Trà Giang
1114;;Thảm trải sàn hình tròn;Cái;"Thảm trải sàn hình tròn
Kích thước: Đường kính 1,6m
Chất liệu: Bề mặt chất sợi nỉ lì, không bị xù lông, không bị phai màu Mặt dưới có các hạt cao su giúp tăng độ ma sát, bám dính xuống mặt sàn nhà chống trượt";2200000;405/2025/252/CTTĐG-VNVIC;16/12/2025;…;Bùi Thị Trà Giang
1115;;Thảm trải sàn các hình vuông;m2;"Kích thước tấm : 60 x 60 cm, dày khoảng 1cm
Chất liệu : Xốp EVA + mặt thảm nỉ cao cấp độ bền cao";309600;405/2025/252/CTTĐG-VNVIC;16/12/2025;…;Bùi Thị Trà Giang
1116;;Thảm trải sàn hình elip;Cái;"Thảm trải sàn hình Elip
Kích thước: 1,6x2m
Chất liệu: Bề mặt chất sợi nỉ lì, không bị xù lông, không bị phai màu Mặt dưới có các hạt cao su giúp tăng độ ma sát, bám dính xuống mặt sàn nhà chống trượt";2200000;405/2025/252/CTTĐG-VNVIC;16/12/2025;…;Bùi Thị Trà Giang
1117;;Tủ đựng chất tẩy rửa;Cái ;"Thông số kĩ thuật : 
 Kích thước : 418x300x400mm
 Chất liệu : Nhựa tổng hợp,chịu lực chịu nước";3200000;405/2025/252/CTTĐG-VNVIC;16/12/2025;…;Bùi Thị Trà Giang
1118;;Bảng tương tác;Bộ;"Loại bảng: Bảng vách ngăn Scala một mặt ghim nỉ + 1 mặt từ trắng
Kích thước: D1200 x C1500 mm
Vật liệu: Bề mặt bảng: Mặt HQ trắng viết bút dạ; Bề mặt ghim kết hợp tiêu âm theo bộ sưu tập màu vải trang nhã mới Có thể kết hợp 2 bề mặt từ HQ + 1 mặt tiêu âm ghim có tác dụng ghim tài liệu đồng thời làm tiêu tiếng ồn và âm thanh Bảng được sử dụng cốt tiêu âm + cao su non 5mm dày 20 mm đảm bảo chắc chắn Bánh xe chuyên dụng có chốt hãm định vị Sản phẩm được sản xuất bởi Nhà sản xuất đạt tiêu chuẩn ISO 9001:2015; ISO 14001:2015
";27080000;405/2025/252/CTTĐG-VNVIC;16/12/2025;…;Bùi Thị Trà Giang
1119;;Ổ cắm kéo dài đa năng kết hợp 5 ổ;Cái;"Ổ cắm kéo dài đa năng kết hợp 5 ổ
Ổ cắm điện có 5 lỗ 3 chấu, đa năng và có 5 công tắc đi kèm
Mỗi ổ cắm đều có nắp che, hạn chế tối đa bị phóng tia lửa điện, chống rò rỉ điện, chống giật hiệu quả, an toàn cho trẻ nhỏ
 Ổ cắm  được làm bằng hạt nhựa ABS nhập khẩu chịu nhiệt độ cao,chống cháy Chịu tải cao: Max 3200W, 2 lõi dây đồng : 2*1mm- Điện áp: 220V/ 50Hz";940000;405/2025/252/CTTĐG-VNVIC;16/12/2025;…;Bùi Thị Trà Giang
1120;;Tủ để đồ ;Cái;"Tủ để đồ:
- Kích thước: R1800xS350xC1220mm
- Hình dáng: Tủ chia làm 15 ô (chia 3 khoang ngang, mỗi khoang 5 ô) cánh mở tay khoét, bản lề giảm chấn, mở êm, kích thước mỗi ô chia đều khoảng D350xS350xC400mm, chân tủ cao 30-50mm, có bánh xe di chuyển
- Chất liệu bằng gỗ cao su loại AA đã qua xử lý chống mối mọt, ẩm mốc, cong vênh, sơn phủ PU cao cấp dày 18mm, lưng tủ dày 10mm đảm bảo độ bền, an toàn 
";22800000;405/2025/252/CTTĐG-VNVIC;16/12/2025;…;Bùi Thị Trà Giang
1121;;Giá để giày dép;Cái;"Giá để giày dép:
- Kích thước: R1200xS300xC800 mm (chiều cao tính cả bánh xe)
- Giá có thiết kế chia 4 đợt, các đợt bố trí đặt dốc 15 độ, phía ngoài có gờ đỡ Giá có hậu, hậu dày 10mmTrên các đợt bố trí các thanh gỗ R50xS18xD300mm chia ngăn để giầy, dép Chất liệu giá bằng gỗ cao su loại AA dày 18mm Gỗ đã qua xử lý chống ẩm mốc, mối mọt, không cong vênh, đảm bảo tính thẩm mỹ, bền đẹp của sản phẩm Giá để để vân gỗ tự nhiên, sơn PU bóng
- Giá thiết kế có bánh xe, có chốt phanh nên rất linh động trong việc di chuyển, thay đổi, sắp xếp đồ trong phòng
";4880000;405/2025/252/CTTĐG-VNVIC;16/12/2025;…;Bùi Thị Trà Giang
1122;;Băng ghế để trẻ thay giầy dép;Cái;"Băng ghế để trẻ đọc sách+thay giày dép
- Kích thước: D1200xR300xC350 mm (chiều cao tính đệm)
- Băng ghế được thiết kế có đệm bọc nỉ dày 50mm đặt trên mặt, có 2 gờ chặn 2 đầu Phía dưới băng ghế chia 3 ngăn để đồChất liệu khung ghế bằng gỗ cao su loại AA dày 18mmGỗ đã qua xử lý chống ẩm mốc, mối mọt, không cong vênh,đảm bảo tính thẩm mỹ, bền đẹp của sản phẩm Khung ghế để để vân gỗ tự nhiên, sơn PU bóng
";5400000;405/2025/252/CTTĐG-VNVIC;16/12/2025;…;Bùi Thị Trà Giang
1123;;Giá góc học tập ;Cái;"Giá góc học tập:
- Kích thước: R1200xS300xC800 mm (chiều cao tính cả bánh xe)
-  Giá được thiết kế không có hậu, để thông 02 mặt, gồm 3 tầng (4 đợt) Giá có 2 hồi có gờ cao lên 30 mm so với mặt giá và có khoét lỗ tay cầm hình tròn Chất liệu giá bằng gỗ cao su loại AA dày 18mm Gỗ đã qua xử lý chống ẩm mốc, mối mọt, không cong vênh,đảm bảo tính thẩm mỹ, bền đẹp của sản phẩm Giá để để vân gỗ tự nhiên, sơn PU bóng
- Giá thiết kế có bánh xe, có chốt phanh nên rất linh động trong việc di chuyển, thay đổi, sắp xếp đồ trong phòng";4480000;405/2025/252/CTTĐG-VNVIC;16/12/2025;…;Bùi Thị Trà Giang
1124;;Giá góc tạo hình ;Cái;"Giá góc tạo hình:
- Kích thước: R1200xS300xC800 mm (chiều cao tính cả bánh xe)
-  Giá được thiết kế không có hậu, để thông 02 mặt, gồm 3 tầng (4 đợt)Giá có 2 hồi có gờ cao lên 30 mm so với mặt giá và có khoét lỗ tay cầm hình tròn Chất liệu giá bằng gỗ cao su loại AA dày 18mmGỗ đã qua xử lý chống ẩm mốc, mối mọt, không cong vênh,đảm bảo tính thẩm mỹ ,bền đẹp của sản phẩm Giá để để vân gỗ tự nhiên ,sơn PU bóng
- Giá thiết kế có bánh xe ,có chốt phanh nên rất linh động trong việc di chuyển,thay đổi,sắp xếp đồ trong phòng ";4480000;405/2025/252/CTTĐG-VNVIC;16/12/2025;…;Bùi Thị Trà Giang
1125;;Giá góc âm nhạc ;Cái;"Giá góc âm nhạc :
- Kích thước: R1200xS300xC800 mm (chiều cao tính cả bánh xe)
-  Giá được thiết kế không có hậu, để thông 02 mặt, gồm 3 tầng (4 đợt) Giá có 2 hồi có gờ cao lên 30 mm so với mặt giá và có khoét lỗ tay cầm hình tròn Chất liệu giá bằng gỗ cao su loại AA dày 18mm Gỗ đã qua xử lý chống ẩm mốc, mối mọt, không cong vênh, đảm bảo tính thẩm mỹ, bền đẹp của sản phẩm Giá để để vân gỗ tự nhiên, sơn PU bóng
- Giá thiết kế có bánh xe, có chốt phanh nên rất linh động trong việc di chuyển, thay đổi, sắp xếp đồ trong phòng ";4480000;405/2025/252/CTTĐG-VNVIC;16/12/2025;…;Bùi Thị Trà Giang
1126;;Giá góc kể chuyện ;Cái;"Giá góc kể chuyện :
- Kích thước: R1200xS300xC800 mm (chiều cao tính cả bánh xe)
-  Giá được thiết kế không có hậu, để thông 02 mặt, gồm 3 tầng (4 đợt) Giá có 2 hồi có gờ cao lên 30 mm so với mặt giá và có khoét lỗ tay cầm hình tròn Chất liệu giá bằng gỗ cao su loại AA dày 18mm Gỗ đã qua xử lý chống ẩm mốc, mối mọt, không cong vênh, đảm bảo tính thẩm mỹ, bền đẹp của sản phẩm Giá để để vân gỗ tự nhiên, sơn PU bóng
- Giá thiết kế có bánh xe, có chốt phanh nên rất linh động trong việc di chuyển, thay đổi, sắp xếp đồ trong phòng ";4480000;405/2025/252/CTTĐG-VNVIC;16/12/2025;…;Bùi Thị Trà Giang
1127;;Giá góc bán hàng;Cái;"Giá góc bán hàng  :
-Thiết kế gồm 3 giá độc lập ,có thể ghép thành khối  lại với nhau theo mục đích sử dụng :
Giá bán hàng : R600 x S300 x C1200mm ( có 2 giá )
Giá bày đồ :1200 x 300 x 800 mm ( có 1 giá )
- Giá bán hàng chia làm 4 ngăn, có hậu Tại các ngăn, bố trí các đợt đặt chéo 15 độ, có gờ chắn cao 50 mm chặn phía trước để tránh rơi đồ Giá bày đồ chia làm 3 tầng, 2 tầng trên mỗi tầng chia đều 2 ô, tầng dưới cùng chia đều 3 ô để bày đồ chơi và học liệu Giá bán hàng không hậu để trẻ đứng bán hàng Chất liệu giá bằng gỗ cao su loại AA dày 18mm Gỗ đã qua xử lý chống ẩm mốc, mối mọt, không cong vênh, đảm bảo tính thẩm mỹ, bền đẹp của sản phẩm Giá để để vân gỗ tự nhiên, sơn PU bóng
- Giá thiết kế có bánh xe, có chốt phanh nên rất linh động trong việc di chuyển, thay đổi, sắp xếp đồ trong phòng ";13140000;405/2025/252/CTTĐG-VNVIC;16/12/2025;…;Bùi Thị Trà Giang
1128;;Giá góc văn học ;Cái;"Giá góc văn học : 
- Kích thước: R1200xS300xC800 mm (chiều cao tính cả bánh xe)
- Giá được thiết kế chia làm 4 ngăn ,4 tầngHai hồi bên cạnh làm để văn gỗ ,các mặt của các ngăn sơn bệt màu trắng Chất liệu giá bằng gỗ cao su loại AA dày 18mmGỗ đã qua xử lý chống ẩm mốc, mối mọt, không cong vênh,đảm bảo tính thẩm mỹ ,bền đẹp của sản phẩm 
- Giá thiết kế có bánh xe ,có chốt phanh nên rất linh động trong việc di chuyển,thay đổi,sắp xếp đồ trong phòng ";5680000;405/2025/252/CTTĐG-VNVIC;16/12/2025;…;Bùi Thị Trà Giang
1129;;Bộ bàn ăn Mini ;Bộ;"Bàn gỗ gấp mầm non cho bé
Kích thước: 90 x 45 x 45 / 48 / 51 cm 
Chất liệu: Mặt bàn bằng gỗ cao su ghép dày 17mm sơn PU 3 lớp Chân bằng sắt hộp 20x20mm dày 1mm sơn tĩnh điện";1720000;405/2025/252/CTTĐG-VNVIC;16/12/2025;…;Bùi Thị Trà Giang
1130;;Bàn cho trẻ ;Cái;"Bàn cho trẻ:
- KT: D900 x R500 x C520(mm)
- Mặt bàn bằng gỗ cao su loại AA đã qua tấm sấy, chống mối mọt, cong vênh, dày 18mm, sơn phủ PU bóng Chân bàn bằng thép ống Φ 22 sơn tĩnh điện, có núm bọc bằng cao su, có thể gấp lại dễ dàng, đảm bảo chắc chắn, an toàn Các góc cạnh gia công mép tròn, đảm bảo thẩm mỹ và an toàn khi sử dụng
";2200000;405/2025/252/CTTĐG-VNVIC;16/12/2025;…;Bùi Thị Trà Giang
1131;;Ghế  cho trẻ;Cái;"Ghế cho trẻ
Kích thước: R280 x S290 mm x C280/560mm
Dung sai kích thước ± 5mm
Vật liệu: Gỗ cao su ghép thanh cao cấp loại 1 (AA) dày 18mm được chứng nhận phù hợp TCVN 8575:2010, đã qua xử lý chống ẩm mốc, mối mọt, không cong vênh, sơn phủ bóng cao cấp đảm bảo tính thẩm mỹ Chân gỗ tự nhiên 35 x 35mm, có giằng 50x 18mm quây xung quanh mặt ngồi đảm bảo chắc chắn Sản phẩm được đăng ký nhãn hiệu và sản xuất bởi nhà sản xuất đạt tiêu chuẩn ISO 9001:2015, ISO 14001: 2015
";1544000;405/2025/252/CTTĐG-VNVIC;16/12/2025;…;Bùi Thị Trà Giang
1132;;Ghế cho giáo viên;Cái;"Ghế cho giáo viên
Kích thước: R320 x S320 mm x C350/600 mm 
Vật liệu: Gỗ sao sughép thanh cao cấp loại 1 (AA) dày 18mm được chứng nhận phù hợp TCVN 8575:2010, đã qua xử lý chống ẩm mốc, mối mọt, không cong vênh, sơn phủ bóng cao cấp đảm bảo tính thẩm mỹ Chân gỗ tự nhiên 18 x 55 mm, có giằng 55 x 18mm quây xung quanh mặt ngồi và giằng chân 30 x 18mm đảm bảo chắc chắn Sản phẩm được đăng ký nhãn hiệu và sản xuất bởi nhà sản xuất đạt tiêu chuẩn ISO 9001:2015, ISO 14001: 2015
";1940000;405/2025/252/CTTĐG-VNVIC;16/12/2025;…;Bùi Thị Trà Giang
1133;;Bàn làm việc;Cái;"Bàn làm việc:
- Kích thước: R1200xS600xC750 mm
- Mô tả: Chất liệu bằng gỗ cao su loại AA đã qua xử lý chống mối mọt, ẩm mốc, cong vênh, sơn phủ PU cao cấp, mặt bàn dày 25mm, chân bàn dạng tấm dày 18mm, có đệm cao su tại chân bàn, phía trước là tấm quây dày 10mm, Bàn có 1 ngăn kéo, 1 kệ để CPU và 1 khay để bàn phím Bàn có hộc gỗ treo
Mặt bàn có lỗ đi dây điện tiện dụng";9800000;405/2025/252/CTTĐG-VNVIC;16/12/2025;…;Bùi Thị Trà Giang
1134;;Ghế làm việc;Cái;"Ghế gập: 
- Kích thước: R480xS515xC890 mm
- Mô tả: Kết cấu vững chắc với khung Inox D22, đệm tựa mút bọc PVC
- Ghế có thể gấp lại tiện dụng
";1760000;405/2025/252/CTTĐG-VNVIC;16/12/2025;…;Bùi Thị Trà Giang
1135;;Loa vi tính;Bộ;" Loa máy vi tính:                                         
- Công suất  38W, 
- Số lượng kênh : 2,1 kênh
- Kết nối không dây: Bluetooth 50
- Kết nối khác: Đầu AUX IN; Thẻ nhớ SD; USB
- Phím điều khiển: Chỉnh Bass; Phát/dừng chơi nhạc; Tăng/giảm âm lượng
- Gồm 1 loa trầm và 2 loa vệ tinh";5060000;405/2025/252/CTTĐG-VNVIC;16/12/2025;…;Bùi Thị Trà Giang
1136;;"Tivi 65"" treo tường + giá treo";Cái;"Google Tivi Sony 4K KD-65X75K
Kích cỡ màn hình: 65 inch
Độ phân giải: 4K
Loại màn hình: Đèn nền: LED nền (Direct LED), 
Hệ điều hành: Google TV
Chất liệu chân đế, Chất liệu viền tivi: Nhựa
Công nghệ hình ảnh:
Công nghệ hình ảnh: Tăng cường tương phản Dynamic Contrast Enhancer, HLG, HDR10, Màu sắc sống động Live Colour, Nâng cấp hình ảnh 4K X-Reality PRO, Chuyển động mượt Motionflow XR 200
Bộ xử lý: Bộ xử lý X1 4K
Tần số quét thực: 60 Hz
Tiện ích:
Điều khiển tivi bằng điện thoại: Android TV
Điều khiển bằng giọng nói: Tìm kiếm giọng nói trên YouTube bằng tiếng Việt, Google Assistant có tiếng Việt
Chiếu hình từ điện thoại lên TV: Chromecast, AirPlay 2
Remote thông minh: Remote tích hợp micro tìm kiếm giọng nói (RMF-TX810V)
Ứng dụng phổ biến: YouTube, Netflix, Galaxy Play (Fim+), Clip TV, FPT Play, VTVcab ON, VieON
Tiện ích thông minh khác: Micro tích hợp trên TV điều khiển giọng nói rảnh tay
Công nghệ âm thanh:
Tổng công suất loa: 20W
Số lượng loa: 2 loa
Âm thanh vòm: Dolby Audio
Kết nối với loa tivi: Có
Các công nghệ khác: Bộ khuếch đại âm thanh S-Master Digital Amplifier, Loa X-Balanced tăng chất lượng âm thanh, Tùy chỉnh âm thanh theo môi trường Clear Phase
Cổng kết nối:
Kết nối Internet: Wi-Fi, Cổng mạng LAN
Kết nối không dây: Bluetooth (Kết nối loa, thiết bị di động)
USB A: 2 cổng USB A
Cổng nhận hình ảnh, âm thanh: 3 cổng HDMI có 1 cổng HDMI eARC (ARC), 1 cổng Composite
Cổng xuất âm thanh: 1 cổng 35 mm, 1 cổng Optical (Digital Audio), 1 cổng eARC (ARC)
Kích thước không chân, treo tường: Ngang ~1462 cm - Cao ~842 cm - Dày ~71 cm
Khối lượng không chân: ~204 Kg";64000000;405/2025/252/CTTĐG-VNVIC;16/12/2025;…;Bùi Thị Trà Giang
1137;;Tủ để cây ấm lạnh có giá  để cốc;Cái;"Tủ để cây ấm lạnh có giá để cốc :
- Kích thước tủ : R1100xS400xC1200mm
- Chất liệu bằng gỗ cao su AA đã qua tấm sấy, chống mối mọt, cong vênh, dày 18mm Toàn bộ khung tủ sơn pu bóng Tủ chia làm 2 khoang, 1 khoang để cây ấm lạnh, 1 khoang chia làm 2 ngăn Ngăn trên chia làm 2 đợt, có 2 cánh mở cắt họa tiết CNC hình bông hoa, sâu 250mm Ngăn dưới có 2 đợt giá nan inox 304 để cốc, phía dưới có khay hứng nước bằng inox, bên ngoài là 2 cánh mở tay nắm âm (móc vát) Ngăn tủ dưới sâu 400mm Các góc cạnh gia công mép tròn, đảm bảo thẩm mỹ và an toàn khi sử dụng";13000000;405/2025/252/CTTĐG-VNVIC;16/12/2025;…;Bùi Thị Trà Giang
1138;;Cây nước ấm lạnh ;Cái;"CÂY NƯỚC NÓNG LẠNH HÒA PHÁT HWP B2CI:
Loại: Nóng Ấm + Lạnh
Kiểu bình: Âm thân (hút bình)
Nhiệt độ nước nóng: 45 độ C, Lạnh: 10 độ C
Công nghệ làm lạnh: Block
Công suất làm nóng: 450 W Công suất làm lạnh: 
75 W
Gas sử dụng: R134a Nguồn điện áp: b220V/50Hz
Kích thước (Rộng x cao x sâu): 325 x 1055 x 310 
(mm)
Trọng lượng sản phẩm: 14kg
Xuất xứ thương hiệu: Việt Nam Sản xuất tại: 
Trung Quốc
Bảo hành: 28 tháng";15400000;405/2025/252/CTTĐG-VNVIC;16/12/2025;…;Bùi Thị Trà Giang
1139;;Cốc uống nước;Cái;"Cốc uống nước Inox:
- KT: Ø 7
- Vật liệu: Bằng  inox 304, miệng cốc không có viền, đảm bảo vệ sinh an toàn khi sử dụng";80000;405/2025/252/CTTĐG-VNVIC;16/12/2025;…;Bùi Thị Trà Giang
1140;;Tủ để chăn, gối, đệm;Cái;"Tủ để chăn, gối, đệm:
- Kích thước: R1650xS500xC1600mm
- Hình dáng: Tủ chia thành 2 khoang ngang
+ Khoang 1 cao 1200mm (đã gồm chân tủ cao 30-50mm, dưới chân có bánh xe di chuyển) chia thành 5 khoang đứng, 5 cánh mở êm bản lề giảm chấn, tay nắm âm, trong mỗi khoang đứng có 2 đợt ngang chia 1 khoang làm 3 ô, mỗi ô kích thước khoảng R300xS500xC350)
+ Khoang 2 cao 400mm nằm trên khoang 1 dạng hộp kích thước khoảng R1650xS500xC400, không cánh
- Chất liệu bằng gỗ cao su loại AA đã qua xử lý chống mối mọt, ẩm mốc, cong vênh, sơn phủ PU cao cấp dày 18mm, lưng tủ dày 10mm đảm bảo độ bền, an toàn";18000000;405/2025/252/CTTĐG-VNVIC;16/12/2025;…;Bùi Thị Trà Giang
1141;;Đệm ngủ;Cái;"Nệm ngủ 
Nệm mầm non cho bé mẫu giáo, nệm chần gòn có chống trượt vải cotton sattin thấm hút tốt kích thước 1200 x 700mm (gòn dầy 300g)
";1156000;405/2025/252/CTTĐG-VNVIC;16/12/2025;…;Bùi Thị Trà Giang
1142;;Bàn chơi cho trẻ (Bàn Osin) vuông;Cái;"Bàn cho trẻ chơi ở các góc (Bàn osin):
- KT: 800 x 800 x 250 mm
- Chất liệu bằng gỗ cao su loại AA đã qua xử lý chống mối mọt, ẩm mốc, cong vênh, độ dày 18mm đã qua sử lý chống ẩm mốc, mối mọt, không cong vênh Sản phẩm thiết kế phù hợp các góc chơi của trẻ";4000000;405/2025/252/CTTĐG-VNVIC;16/12/2025;…;Bùi Thị Trà Giang
1143;;Bàn Ô sin hình Tròn;Chiếc;"Bàn cho trẻ chơi ở các góc (Bàn osin):
- Chất liệu bằng gỗ cao su loại AA đã qua xử lý chống mối mọt, ẩm mốc, cong vênh, độ dày 18mm đã qua sử lý chống ẩm mốc, mối mọt, không cong vênh Sản phẩm thiết kế phù hợp các góc chơi của trẻ";4000000;405/2025/252/CTTĐG-VNVIC;16/12/2025;…;Bùi Thị Trà Giang
1144;;Bàn chơi cho trẻ (Bàn Osin) Bán nguyệt;Cái;"Bàn cho trẻ chơi  (Bàn osin) bán nguyệt:
- Kích thước: mặt bàn bán nguyệt bán kính R600 x cao 250 mm
- Vật liệu: Vật liệu: Bằng gỗ cao su AA, mặt bàn dày 18 mm, chân 40x40mm đã qua xử lý chống ẩm mốc, mối mọt, không cong vênh, được sơn phủ PU bóng đảm bảo tính thẩm mỹ bền đẹp của sản phẩm Sản phẩm được tạo hình bán nguyệt";3400000;405/2025/252/CTTĐG-VNVIC;16/12/2025;…;Bùi Thị Trà Giang
1145;;Tủ quần áo;Cái;"Tủ để đồ giáo viên:
- Kích thước: R1200xS550xC1600mm
- Hình dáng: Tủ gồm 2 khoang đứng (vách ngăn gỗ ở giữa), 2 cánh mở bản lề giảm chấn, tay nắm âm, 2 khóa riêng biệt, 2 khoang ngang:
+ Khoang 1 cao 1200mm (đã gồm chân tủ cao 30-50mm) có suốt treo quần áo,
+ Khoang 2 cao 400mm,
- Chất liệu bằng gỗ cao su loại AA đã qua xử lý chống mối mọt, ẩm mốc, cong vênh, sơn phủ PU cao cấp dày 18mm, lưng tủ dày 10mm đảm bảo độ bền, an toàn";18800000;405/2025/252/CTTĐG-VNVIC;16/12/2025;…;Bùi Thị Trà Giang
1146;;Giá phơi khăn mặt;Cái;"Giá phơi khăn mặt:
KT:1000 x 450 x 1100 mm
Vật liệu: Toàn bộ làm bằng inox 304 không nhiễm từ Giá được chia làm 04 tầng phơi khăn, trong đó 04 tầng dưới phơi 02 mặt được làm bằng inox F12 và F16, với tổng số dây phơi là 09 Chiếc Chân và trụ của giá được làm bằng inox hộp vuông 20x20 và 25 x 25 Trên đỉnh 02 thanh trụ là 02 quả bóng inox F30 Hai bên giá tạo hình trái tim từ inox ống F12 Chân có bánh xe F50 giúp di chuyển dễ dàng Phơi được khoảng 40 khăn không chồng lên nhau, đảm bảo chắc chắn, an toàn Các mối hàn được thực hiện bằng công nghệ hàn TIG, có khí argon bảo vệ mối hàn tránh hiện tượng ô xi hóa";5400000;405/2025/252/CTTĐG-VNVIC;16/12/2025;…;Bùi Thị Trà Giang
1147;;Thùng rác;cái;"Thùng rác: 
Thùng rác được làm từ nhựa PP cao cấp, cho độ bền cao, khả năng chống lão hóa tốt 
Kích thước: 345 x 34 x 44 cm
";800000;405/2025/252/CTTĐG-VNVIC;16/12/2025;…;Bùi Thị Trà Giang
1148;;Máy sấy tay;Cái;"Máy sấy tay
Hệ thống sấy: Sấy nóng
Công suất: 1062W
Tốc độ gió: 75 m/giây
Độ ồn:60dB
Chất liệu: Nhựa cao cấp
Nguồn điện áp:220V - 240V / 50Hz - 60Hz
Kích thước: Rộng x sâu x cao (310mm x 255mm x 182mm)
Trọng lượng sản phẩm (tham khảo): 3,6kg
Hoạt động tự động bằng cảm ứng giúp tiết kiệm năng lượng
";25200000;405/2025/252/CTTĐG-VNVIC;16/12/2025;…;Bùi Thị Trà Giang
1149;;Bảng quay hai mặt;Cái;"Bảng quay hai mặt:
- Kích thước mặt Bảng : W1200 x H800 (W chiều rộng - H chiều cao)
- Mặt bảng có độ bền cao Bảng di động trên khung với bánh xe có chốt hãm Khung chân bảng làm bằng thép hộp sơn tĩnh điện cao cấp Chân bảng có thể tháo lắp dễ dàng, thuận tiện cho việc vận chuyển Các góc bảng, chân bảng có đầu bịt bằng nhựa, tránh sắc nhọn, tạo tính thẩm mỹ
-Bảng có 2 mặt, 1 Mặt bảng màu xanh, sáng đẹp có dòng kẻ mờ 5 x 5cm (Dễ viết thẳng hàng) dễ đọc, không bị chói, bóng ở bất kỳ vị trí nào, 1 mặt bảng bằng nỉ
- Vật liệu ổn định trong mọi thời tiết Tạo cảm giác khi viết lên bảng như viết lên giấy Dễ dàng lau sạch sau khi viết Có thể viết ngay khi bảng còn ướt                              ";3724000;405/2025/252/CTTĐG-VNVIC;16/12/2025;…;Bùi Thị Trà Giang
1150;;Bộ mic trợ giảng;Bộ;"Bộ mic trợ giảng không dây:                                    
Công suất loa phát (với mic): RMS 15W
Công suất cực đại tối đa: PMPO 30W
Thời gian sạc: 6 giờ
Thời lượng pin (mic): ~4 giờ
Thời lượng pin máy: ~8 giờ
Kích thước thân máy: 13,5 (cao) x 11 (rộng) x 3,7 (dày)
Cổng sạc: DC5V/1A
Hỗ trợ kết nối: USB 20 / Bluetooth 50 / TF Card tối đa 32G / Aux 35 line inHỗ trợ chức năng:  USB, Ghi âm, FM, Thẻ nhớ, Bluetooth 50
Phụ kiện đi kèm: 1 Micro ko dây, kẹp đế,  dây sạc,  dây 35mm, dây đeo
";5200000;405/2025/252/CTTĐG-VNVIC;16/12/2025;…;Bùi Thị Trà Giang
1151;;Đồng hồ treo tường;Cái;Đồng hồ :- Kích thước: 370x360x50 mm- Mô tả: Chất liệu nhựa bền đẹp, chắc chắn;1400000;405/2025/252/CTTĐG-VNVIC;16/12/2025;…;Bùi Thị Trà Giang
1152;;Rèm cầu vồng ;m2;"Rèm cầu vồng  :
- Kích thước: R2400xC1900 mm,R1300xC1900mm,
- Mô tả: Vải sợi cơ bản polyester 100% với hai vân vải xen kẽ nhau và cách nhau khoảng 8-10cm Hai vân vải bao gồm: 1 vân vải chính và 1 vân vải voan được dệt mỏng Hộp rèm bao gồm tất cả các linh kiện hộp rèm phía trên, thanh ray trục xoay rèm Tất cả các bộ phận này đều được làm bằng hợp kim nhôm chống rỉ sét, có độ bền rất cao,";1720000;405/2025/252/CTTĐG-VNVIC;16/12/2025;…;Bùi Thị Trà Giang
1153;;Cốc xúc miệng nước muối;Chiếc;"Cốc xúc miệng:
- Cốc uống nước dung tích 250ml
- Chất liệu nhựa PP Nguyên sinh cao cấp
- Màu sắc: Xanh, trắng, Đen, Be (Kem)
- Thiết kế: Chống trơn trượt, nhỏ gọn, Thân cốc thiết kế vừa vặn với tay cầm
- Kích thước: Miệng 75cm cao 95cm
- An toàn, vệ sinh, chịu được nhiệt độ tới 120 độ C";28800;405/2025/252/CTTĐG-VNVIC;16/12/2025;…;Bùi Thị Trà Giang
1154;;Bình đựng nước muối;Cái; Bình nhựa tròn 15L sản xuất từ chất liệu nhựa PET chính phẩm cao cấp, an toàn Dùng để chứa các loại thức uống trong gia đình, giúp bảo quản thức uống lâu hơn;340000;405/2025/252/CTTĐG-VNVIC;16/12/2025;…;Bùi Thị Trà Giang
1155;;Xô hứng nước xúc miệng;Cái;"Xô hứng nước xúc miệng
Được làm từ nhựa PP nguyên sinh, không chứa chất độc hại, đảm bảo an toàn cho sức khỏe của người sử dụng và thân thiện với môi trường
Quai xách và hai bên có gờ nắm chắc chắn giúp việc vận chuyển xô nhựa được dễ dàng
Khung nhựa vững chắc, chịu va đập, chịu tải trọng tốt
-Có nắp đậy tiện dụng, bảo quản tốt
Kích thước (tham khảo): 34 x 31 x 29 cm
Dung tích: 14L";196000;405/2025/252/CTTĐG-VNVIC;16/12/2025;…;Bùi Thị Trà Giang
1156;;Giá để bình nước muối;Cái;"Giá để bình nước muối
Chân Bình Nước Inox  được làm từ chất liệu inox 304 sáng bóng, không gỉ, bền đẹp, chất lượng tốt Sản phẩm được thiết kế và sản xuất chắc chắn, bền bỉ, được dùng để đặt bình nước  15-20L, máy lọc nước trong gia đình và văn phòng
Kích thước: 30cmx30cmx50cm";1140000;405/2025/252/CTTĐG-VNVIC;16/12/2025;…;Bùi Thị Trà Giang
1157;;Chăn hè;Cái ;"Tên sản phẩm: Chăn hè trẻ em đa sắc 
Chất liệu: Đũi
Kích thước: 100x140cm";380000;405/2025/252/CTTĐG-VNVIC;16/12/2025;…;Bùi Thị Trà Giang
1158;;Chăn đông;Cái ;"Chăn đông
 Kích thước: 800 x 1200 mm
 Chất liệu: Cotton sattin, thoáng mát thấm hút mồ hôi (gòn dày 200g)";1596000;405/2025/252/CTTĐG-VNVIC;16/12/2025;…;Bùi Thị Trà Giang
1159;;Gối ;Cái ;"Gối:
Kích thước: 300 x400 mm
Chất liệu: Vỏ gối làm bằng Cotton sattin, thoáng mát thấm hút mồ hôi, ruột gối là gòn xơ cao cấp
";596000;405/2025/252/CTTĐG-VNVIC;16/12/2025;…;Bùi Thị Trà Giang
1160;;Ghế sofa mini cho trẻ tại Góc chơi;Bộ;"Ghế sofa mini cho trẻ tại góc văn học 
 Kich thước ghế: 43*52*52cm  Kiểu dáng lựa chọn, phù hợp với mầm non
 Chất liệu: Khung polywood gỗ dày dặn, mút cao cấp, bọc nỉ hoặc bọc da Bộ gồm 02 ghế Màu sắc phù hợp với lứa tuổi mầm non";5160000;405/2025/252/CTTĐG-VNVIC;16/12/2025;…;Bùi Thị Trà Giang
1161;;Băng ghế cho trẻ ngồi đọc sách ( phía trên có đệm, phía dưới chia các ô, ngăn để đựng sách);Bộ;"Băng ghế để trẻ đọc sách
 Kích thước: 1200 x 300 x 300 mm
 Vật liệu: Gỗ cao su ghép thanh cao cấp loại 1 (AA) dày 18mm, được chứng nhận phù hợp TCVN 8575:2010, đã qua xử lý chống ẩm mốc, mối mọt, không cong vênh, sơn phủ bóng cao cấp đảm bảo tính thẩm mỹ bền đẹp của sản phẩm Ghế được thiết kế đa năng 2 trong 1 kết hợp giữa ghế ngồi có nệm bông ép bọc da 50mm và giá để sách 1 tầng với 3 khoang để sách truyện Sản phẩm được đăng ký nhãn hiệu và sản xuất bởi nhà sản xuất đạt tiêu chuẩn ISO 9001:2015, ISO 14001: 2015";7140000;405/2025/252/CTTĐG-VNVIC;16/12/2025;…;Bùi Thị Trà Giang
1162;;Thảm trải sàn hình tròn;Cái;"Thảm trải sàn hình tròn
Kích thước: Đường kính 1,6m
Chất liệu: Bề mặt chất sợi nỉ lì, không bị xù lông, không bị phai màu Mặt dưới có các hạt cao su giúp tăng độ ma sát, bám dính xuống mặt sàn nhà chống trượt";2200000;405/2025/252/CTTĐG-VNVIC;16/12/2025;…;Bùi Thị Trà Giang
1163;;Thảm trải sàn các hình vuông;m2;"Kích thước tấm : 60 x 60 cm, dày khoảng 1cm
Chất liệu : Xốp EVA + mặt thảm nỉ cao cấp độ bền cao";309600;405/2025/252/CTTĐG-VNVIC;16/12/2025;…;Bùi Thị Trà Giang
1164;;Thảm trải sàn các hình elip;Cái;"Thảm trải sàn hình Elip
Kích thước: 1,6x2m
Chất liệu: Bề mặt chất sợi nỉ lì, không bị xù lông, không bị phai màu Mặt dưới có các hạt cao su giúp tăng độ ma sát, bám dính xuống mặt sàn nhà chống trượt";2200000;405/2025/252/CTTĐG-VNVIC;16/12/2025;…;Bùi Thị Trà Giang
1165;;Tủ đựng chất tẩy rửa;Cái ;"Thông số kĩ thuật : 
 Kích thước : 418x300x400mm
 Chất liệu : Nhựa tổng hợp,chịu lực chịu nước";3200000;405/2025/252/CTTĐG-VNVIC;16/12/2025;…;Bùi Thị Trà Giang
1166;;Bảng tương tác;Bộ;"Loại bảng: Bảng vách ngăn Scala một mặt ghim nỉ + 1 mặt từ trắng
Kích thước: D1200 x C1500 mm
Vật liệu: Bề mặt bảng: Mặt HQ trắng viết bút dạ; Bề mặt ghim kết hợp tiêu âm theo bộ sưu tập màu vải trang nhã mới Có thể kết hợp 2 bề mặt từ HQ + 1 mặt tiêu âm ghim có tác dụng ghim tài liệu đồng thời làm tiêu tiếng ồn và âm thanh Bảng được sử dụng cốt tiêu âm + cao su non 5mm dày 20 mm đảm bảo chắc chắn Bánh xe chuyên dụng có chốt hãm định vị Sản phẩm được sản xuất bởi Nhà sản xuất đạt tiêu chuẩn ISO 9001:2015; ISO 14001:2015
";27080000;405/2025/252/CTTĐG-VNVIC;16/12/2025;…;Bùi Thị Trà Giang
1167;;Ổ cắm kéo dài đa năng kết hợp 5 ổ;Cái;"Ổ cắm kéo dài đa năng kết hợp 5 ổ
Ổ cắm điện có 5 lỗ 3 chấu, đa năng và có 5 công tắc đi kèm
Mỗi ổ cắm đều có nắp che, hạn chế tối đa bị phóng tia lửa điện, chống rò rỉ điện, chống giật hiệu quả, an toàn cho trẻ nhỏ
 Ổ cắm  được làm bằng hạt nhựa ABS nhập khẩu chịu nhiệt độ cao,chống cháy Chịu tải cao: Max 3200W, 2 lõi dây đồng : 2*1mm- Điện áp: 220V/ 50Hz";940000;405/2025/252/CTTĐG-VNVIC;16/12/2025;…;Bùi Thị Trà Giang
1168;;Tủ để đồ ;Cái;"Tủ để đồ:
- Kích thước: R1800xS350xC1220mm
- Hình dáng: Tủ chia làm 15 ô (chia 3 khoang ngang, mỗi khoang 5 ô) cánh mở tay khoét, bản lề giảm chấn, mở êm, kích thước mỗi ô chia đều khoảng D350xS350xC400mm, chân tủ cao 30-50mm, có bánh xe di chuyển
- Chất liệu bằng gỗ cao su loại AA đã qua xử lý chống mối mọt, ẩm mốc, cong vênh, sơn phủ PU cao cấp dày 18mm, lưng tủ dày 10mm đảm bảo độ bền, an toàn 
";22800000;405/2025/252/CTTĐG-VNVIC;16/12/2025;…;Bùi Thị Trà Giang
1169;;Giá để giày dép;Cái;"Giá để giày dép:
- Kích thước: R1200xS300xC800 mm (chiều cao tính cả bánh xe)
- Giá có thiết kế chia 4 đợt, các đợt bố trí đặt dốc 15 độ, phía ngoài có gờ đỡ Giá có hậu, hậu dày 10mmTrên các đợt bố trí các thanh gỗ R50xS18xD300mm chia ngăn để giầy, dép Chất liệu giá bằng gỗ cao su loại AA dày 18mm Gỗ đã qua xử lý chống ẩm mốc, mối mọt, không cong vênh, đảm bảo tính thẩm mỹ, bền đẹp của sản phẩm Giá để để vân gỗ tự nhiên, sơn PU bóng
- Giá thiết kế có bánh xe, có chốt phanh nên rất linh động trong việc di chuyển, thay đổi, sắp xếp đồ trong phòng
";4880000;405/2025/252/CTTĐG-VNVIC;16/12/2025;…;Bùi Thị Trà Giang
1170;;Băng ghế để trẻ thay giầy dép;Cái;"Băng ghế để trẻ đọc sách+thay giày dép
- Kích thước: D1200xR300xC350 mm (chiều cao tính đệm)
- Băng ghế được thiết kế có đệm bọc nỉ dày 50mm đặt trên mặt, có 2 gờ chặn 2 đầu Phía dưới băng ghế chia 3 ngăn để đồChất liệu khung ghế bằng gỗ cao su loại AA dày 18mmGỗ đã qua xử lý chống ẩm mốc, mối mọt, không cong vênh,đảm bảo tính thẩm mỹ, bền đẹp của sản phẩm Khung ghế để để vân gỗ tự nhiên, sơn PU bóng
";5400000;405/2025/252/CTTĐG-VNVIC;16/12/2025;…;Bùi Thị Trà Giang
1171;;Giá góc hoạt động với đồ vật;Cái;"Giá góc hoạt động với đồ vật:
 - Kích thước: R1200xS300xC800 mm (chiều cao tính cả bánh xe)
 - Giá được thiết kế không có hậu, để thông 02 mặt, gồm 3 tầng (4 đợt)Giá có 2 hồi có gờ cao lên 30 mm so với mặt giá và có khoét lỗ tay cầm hình tròn Chất liệu giá bằng gỗ cao su loại AA dày 18mm Gỗ đã qua xử lý chống ẩm mốc, mối mọt, không cong vênh, đảm bảo tính thẩm mỹ, bền đẹp của sản phẩm Giá để để vân gỗ tự nhiên, sơn PU bóng
 - Giá thiết kế có bánh xe, có chốt phanh nên rất linh động trong việc di chuyển, thay đổi, sắp xếp đồ trong phòng";4480000;405/2025/252/CTTĐG-VNVIC;16/12/2025;…;Bùi Thị Trà Giang
1172;;Giá góc âm nhạc ;Cái;"Giá góc âm nhạc: 
 
  - Kích thước: R1200xS300xC800 mm (chiều cao tính cả bánh xe)
 
  - Giá được thiết kế không có hậu, để thông 02 mặt, gồm 3 tầng (4 đợt) Giá có 2 hồi có gờ cao lên 30 mm so với mặt giá và có khoét lỗ tay cầm hình tròn Chất liệu giá bằng gỗ cao su loại AA dày 18mmGỗ đã qua xử lý chống ẩm mốc, mối mọt, không cong vênh,đảm bảo tính thẩm mỹ, bền đẹp của sản phẩm Giá để để vân gỗ tự nhiên, sơn PU bóng
 - Giá thiết kế có bánh xe, có chốt phanh nên rất linh động trong việc di chuyển, thay đổi, sắp xếp đồ trong phòng";4480000;405/2025/252/CTTĐG-VNVIC;16/12/2025;…;Bùi Thị Trà Giang
1173;;Kệ để đồ chơi chủ đề âm nhạc ;Cái;"Kích thước: 1000 x 300 x 800 mm
Vật liệu: Gỗ cao su ghép thanh cao cấp loại 1 (AA) dày 18mm, được chứng nhận phù hợp TCVN 8575:2010, đã qua xử lý chống ẩm mốc, mối mọt, không cong vênh, sơn phủ bóng cao cấp đảm bảo tính thẩm mỹ bền đẹp của sản phẩm Giá được thiết kế không hậu, gồm 02 tầng: tầng dưới chia 02 khoang; tầng trên không chia khoang có đợt nóc dốc 15 độ, chạy gờ 30mm và chia 03 ô ô để trẻ bày bán đồ hàng, có bánh xe di chuyển Sản phẩm được đăng ký nhãn hiệu và sản xuất bởi nhà sản xuất đạt tiêu chuẩn ISO 9001:2015, ISO 14001: 2015
";5000000;405/2025/252/CTTĐG-VNVIC;16/12/2025;…;Bùi Thị Trà Giang
1174;;Giá góc bế em;Cái;"Giá góc bế em:
 - Kích thước: R1200xS300xC1000-1200 mm (chiều cao tính cả bánh xe)
 - Giá có thiết kế để thông 2 mặt, có 3 tầng (4 đợt), mỗi đợt chia làm 2 ngăn, 1 ngăn bé và 1 ngăn to Đợt trên cùng, vị trí ngăn bé có tạo hình mái nhà Chất liệu giá bằng gỗ cao su loại AA dày 18mm Gỗ đã qua xử lý chống ẩm mốc, mối mọt, không cong vênh, đảm bảo tính thẩm mỹ, bền đẹp của sản phẩm Giá để để vân gỗ tự nhiên, sơn PU bóng
 - Giá thiết kế có bánh xe, có chốt phanh nên rất linh động trong việc di chuyển, thay đổi, sắp xếp đồ trong phòng";4480000;405/2025/252/CTTĐG-VNVIC;16/12/2025;…;Bùi Thị Trà Giang
1175;;Giá góc vận động ;Cái;"Giá góc vận động:
 - Kích thước: R1200xS300xC800 mm (chiều cao tính cả bánh xe)
 - Giá được thiết kế không có hậu, để thông 02 mặt, gồm 3 tầng (4 đợt) Giá có 2 hồi có gờ cao lên 30 mm so với mặt giá và có khoét lỗ tay cầm hình tròn Chất liệu giá bằng gỗ cao su loại AA dày 18mm Gỗ đã qua xử lý chống ẩm mốc, mối mọt, không cong vênh, đảm bảo tính thẩm mỹ, bền đẹp của sản phẩm Giá để để vân gỗ tự nhiên, sơn PU bóng
 - Giá thiết kế có bánh xe, có chốt phanh nên rất linh động trong việc di chuyển, thay đổi, sắp xếp đồ trong phòng";4480000;405/2025/252/CTTĐG-VNVIC;16/12/2025;…;Bùi Thị Trà Giang
1176;;Giá góc bé chơi với hình và mầu ;Cái;"Giá góc bé chơi với hình và mầu:
 - Kích thước: R1200xS300xC800 mm (chiều cao tính cả bánh xe)
 - Giá được thiết kế không có hậu, để thông 02 mặt, gồm 3 tầng (4 đợt) Giá có 2 hồi có gờ cao lên 30 mm so với mặt giá và có khoét lỗ tay cầm hình tròn Chất liệu giá bằng gỗ cao su loại AA dày 18mm Gỗ đã qua xử lý chống ẩm mốc, mối mọt, không cong vênh, đảm bảo tính thẩm mỹ, bền đẹp của sản phẩm Giá để để vân gỗ tự nhiên, sơn PU bóng
 - Giá thiết kế có bánh xe, có chốt phanh nên rất linh động trong việc di chuyển, thay đổi, sắp xếp đồ trong phòng";4480000;405/2025/252/CTTĐG-VNVIC;16/12/2025;…;Bùi Thị Trà Giang
1177;;Giá góc văn học ;Cái;"Giá góc văn học:  
 
 - Kích thước: R1200xS300xC800 mm (chiều cao tính cả bánh xe)
 
  - Giá được thiết kế chia làm 4 ngăn, 4 tầng Hai hồi bên cạnh làm để văn gỗ, các mặt của các ngăn sơn bệt màu trắng Chất liệu giá bằng gỗ cao su loại AA dày 18mm Gỗ đã qua xử lý chống ẩm mốc, mối mọt, không cong vênh, đảm bảo tính thẩm mỹ, bền đẹp của sản phẩm 
 
  - Giá thiết kế có bánh xe, có chốt phanh nên rất linh động trong việc di chuyển, thay đổi, sắp xếp đồ trong phòng";5680000;405/2025/252/CTTĐG-VNVIC;16/12/2025;…;Bùi Thị Trà Giang
1178;;Giá góc thực hành cuộc sống ;Cái;"Giá góc thực hành cuộc sống:
 - Kích thước: R1200xS300xC800 mm (chiều cao tính cả bánh xe)
 - Giá được thiết kế không có hậu, để thông 02 mặt, gồm 3 tầng (4 đợt) Giá có 2 hồi có gờ cao lên 30 mm so với mặt giá và có khoét lỗ tay cầm hình tròn Chất liệu giá bằng gỗ cao su loại AA dày 18mm Gỗ đã qua xử lý chống ẩm mốc, mối mọt, không cong vênh, đảm bảo tính thẩm mỹ, bền đẹp của sản phẩm Giá để để vân gỗ tự nhiên, sơn PU bóng
 - Giá thiết kế có bánh xe, có chốt phanh nên rất linh động trong việc di chuyển, thay đổi, sắp xếp đồ trong phòng";4480000;405/2025/252/CTTĐG-VNVIC;16/12/2025;…;Bùi Thị Trà Giang
1179;;Bàn cho trẻ ;Cái;"Bàn cho trẻ:
- KT: D900 x R500 x C520(mm)
- Mặt bàn bằng gỗ cao su loại AA đã qua tấm sấy, chống mối mọt, cong vênh, dày 18mm, sơn phủ PU bóng Chân bàn bằng thép ống Φ 22 sơn tĩnh điện, có núm bọc bằng cao su, có thể gấp lại dễ dàng, đảm bảo chắc chắn, an toàn Các góc cạnh gia công mép tròn, đảm bảo thẩm mỹ và an toàn khi sử dụng
";2200000;405/2025/252/CTTĐG-VNVIC;16/12/2025;…;Bùi Thị Trà Giang
1180;;Ghế cho trẻ;Cái;"Ghế cho trẻ
Kích thước: R280 x S290 mm x C280/560mm
Dung sai kích thước ± 5mm
Vật liệu: Gỗ cao su ghép thanh cao cấp loại 1 (AA) dày 18mm được chứng nhận phù hợp TCVN 8575:2010, đã qua xử lý chống ẩm mốc, mối mọt, không cong vênh, sơn phủ bóng cao cấp đảm bảo tính thẩm mỹ Chân gỗ tự nhiên 35 x 35mm, có giằng 50x 18mm quây xung quanh mặt ngồi đảm bảo chắc chắn Sản phẩm được đăng ký nhãn hiệu và sản xuất bởi nhà sản xuất đạt tiêu chuẩn ISO 9001:2015, ISO 14001: 2015
";1544000;405/2025/252/CTTĐG-VNVIC;16/12/2025;…;Bùi Thị Trà Giang
1181;;Ghế cho giáo viên;Cái;"Ghế cho giáo viên
Kích thước: R320 x S320 mm x C350/600 mm 
Vật liệu: Gỗ sao sughép thanh cao cấp loại 1 (AA) dày 18mm được chứng nhận phù hợp TCVN 8575:2010, đã qua xử lý chống ẩm mốc, mối mọt, không cong vênh, sơn phủ bóng cao cấp đảm bảo tính thẩm mỹ Chân gỗ tự nhiên 18 x 55 mm, có giằng 55 x 18mm quây xung quanh mặt ngồi và giằng chân 30 x 18mm đảm bảo chắc chắn Sản phẩm được đăng ký nhãn hiệu và sản xuất bởi nhà sản xuất đạt tiêu chuẩn ISO 9001:2015, ISO 14001: 2015
";1940000;405/2025/252/CTTĐG-VNVIC;16/12/2025;…;Bùi Thị Trà Giang
1182;;Bàn làm việc;Cái;"Bàn giáo viên: 
- Kích thước: R1200xS600xC750 mm
- Mô tả: Bàn sử dụng chất liệu bằng gỗ cao su loại AA đã qua tấm sấy, chống mối mọt, cong vênh, dày 18mm, sơn phủ pu bóng Bàn có ngăn hộc dài sát đất bao gồm 1 ngăn kéo + 1 cánh tủ có khóa an toàn; có 1 khay để bàn phím và 1 kệ CPU; ngăn bàn các tấm chắn làm bằng gỗ dày 18mm
";9800000;405/2025/252/CTTĐG-VNVIC;16/12/2025;…;Bùi Thị Trà Giang
1183;;Ghế làm việc;Cái;"Ghế gập: 
- Kích thước: R460xS515xC890 mm
- Mô tả: Kết cấu vững chắc với khung Inox D22, đệm tựa mút bọc PVC
- Ghế có thể gấp lại tiện dụng
";1760000;405/2025/252/CTTĐG-VNVIC;16/12/2025;…;Bùi Thị Trà Giang
1184;;Loa vi tính;Bộ;" Loa máy vi tính:                                         
- Công suất  38W, 
- Số lượng kênh : 2,1 kênh
- Kết nối không dây: Bluetooth 50
- Kết nối khác: Đầu AUX IN; Thẻ nhớ SD; USB
- Phím điều khiển: Chỉnh Bass; Phát/dừng chơi nhạc; Tăng/giảm âm lượng
- Gồm 1 loa trầm và 2 loa vệ tinh";5060000;405/2025/252/CTTĐG-VNVIC;16/12/2025;…;Bùi Thị Trà Giang
1185;;"Tivi 65"" treo tường + giá treo";Cái;"Google Tivi Sony 4K KD-65X75K
Kích cỡ màn hình: 65 inch
Độ phân giải: 4K
Loại màn hình: Đèn nền: LED nền (Direct LED), 
Hệ điều hành: Google TV
Chất liệu chân đế, Chất liệu viền tivi: Nhựa
Công nghệ hình ảnh:
Công nghệ hình ảnh: Tăng cường tương phản Dynamic Contrast Enhancer, HLG, HDR10, Màu sắc sống động Live Colour, Nâng cấp hình ảnh 4K X-Reality PRO, Chuyển động mượt Motionflow XR 200
Bộ xử lý: Bộ xử lý X1 4K
Tần số quét thực: 60 Hz
Tiện ích:
Điều khiển tivi bằng điện thoại: Android TV
Điều khiển bằng giọng nói: Tìm kiếm giọng nói trên YouTube bằng tiếng Việt, Google Assistant có tiếng Việt
Chiếu hình từ điện thoại lên TV: Chromecast, AirPlay 2
Remote thông minh: Remote tích hợp micro tìm kiếm giọng nói (RMF-TX810V)
Ứng dụng phổ biến: YouTube, Netflix, Galaxy Play (Fim+), Clip TV, FPT Play, VTVcab ON, VieON
Tiện ích thông minh khác: Micro tích hợp trên TV điều khiển giọng nói rảnh tay
Công nghệ âm thanh:
Tổng công suất loa: 20W
Số lượng loa: 2 loa
Âm thanh vòm: Dolby Audio
Kết nối với loa tivi: Có
Các công nghệ khác: Bộ khuếch đại âm thanh S-Master Digital Amplifier, Loa X-Balanced tăng chất lượng âm thanh, Tùy chỉnh âm thanh theo môi trường Clear Phase
Cổng kết nối:
Kết nối Internet: Wi-Fi, Cổng mạng LAN
Kết nối không dây: Bluetooth (Kết nối loa, thiết bị di động)
USB A: 2 cổng USB A
Cổng nhận hình ảnh, âm thanh: 3 cổng HDMI có 1 cổng HDMI eARC (ARC), 1 cổng Composite
Cổng xuất âm thanh: 1 cổng 35 mm, 1 cổng Optical (Digital Audio), 1 cổng eARC (ARC)
Kích thước không chân, treo tường: Ngang ~1462 cm - Cao ~842 cm - Dày ~71 cm
Khối lượng không chân: ~204 Kg";64000000;405/2025/252/CTTĐG-VNVIC;16/12/2025;…;Bùi Thị Trà Giang
1186;;Tủ để cây ấm lạnh có giá  để cốc;Cái;"Tủ để cây ấm lạnh có giá để cốc: 
- Kích thước tủ:  R1100xS400xC1200mm
- Chất liệu bằng gỗ cao su AA đã qua tấm sấy, chống mối mọt, cong vênh, dày 18mm Toàn bộ khung tủ sơn pu bóng Tủ chia làm 2 khoang, 1 khoang để cây ấm lạnh, 1 khoang chia làm 2 ngăn Ngăn trên chia làm 2 đợt, có 2 cánh mở cắt họa tiết CNC hình bông hoa, sâu 250mm Ngăn dưới có 2 đợt giá nan inox 304 để cốc, phía dưới có khay hứng nước bằng inox, bên ngoài là 2 cánh mở tay nắm âm (móc vát) Ngăn tủ dưới sâu 400mm Các góc cạnh gia công mép tròn, đảm bảo thẩm mỹ và an toàn khi sử dụng
";13000000;405/2025/252/CTTĐG-VNVIC;16/12/2025;…;Bùi Thị Trà Giang
1187;;Cây nước ấm lạnh ;Cái;"CÂY NƯỚC NÓNG LẠNH HÒA PHÁT HWP B2CI:
Loại: Nóng Ấm + Lạnh
Kiểu bình: Âm thân (hút bình)
Nhiệt độ nước nóng: 45 độ C, Lạnh: 10 độ C
Công nghệ làm lạnh: Block
Công suất làm nóng: 450 W Công suất làm lạnh: 
75 W
Gas sử dụng: R134a Nguồn điện áp: b220V/50Hz
Kích thước (Rộng x cao x sâu): 325 x 1055 x 310 
(mm)
Trọng lượng sản phẩm: 14kg
Xuất xứ thương hiệu: Việt Nam Sản xuất tại: 
Trung Quốc
Bảo hành: 28 tháng";15400000;405/2025/252/CTTĐG-VNVIC;16/12/2025;…;Bùi Thị Trà Giang
1188;;Cốc uống nước;Cái;"Cốc uống nước:
- Kích thước:  70mm
- Mô tả: Vật liệu inox 304, miệng cốc không viền, đảm bảo an toàn vệ sinh khi sử dụng
";80000;405/2025/252/CTTĐG-VNVIC;16/12/2025;…;Bùi Thị Trà Giang
1189;;Tủ để chăn, gối, đệm;Cái;"Tủ để chăn, gối, đệm:
- Kích thước: R1650xS500xC1600mm
- Hình dáng: Tủ chia thành 2 khoang ngang
+ Khoang 1 cao 1200mm (đã gồm chân tủ cao 30-50mm, dưới chân có bánh xe di chuyển) chia thành 5 khoang đứng, 5 cánh mở êm bản lề giảm chấn, tay nắm âm, trong mỗi khoang đứng có 2 đợt ngang chia 1 khoang làm 3 ô, mỗi ô kích thước khoảng R300xS500xC350)
+ Khoang 2 cao 400mm nằm trên khoang 1 dạng hộp kích thước khoảng R1650xS500xC400, không cánh
- Chất liệu bằng gỗ cao su loại AA đã qua xử lý chống mối mọt, ẩm mốc, cong vênh, sơn phủ PU cao cấp dày 18mm, lưng tủ dày 10mm đảm bảo độ bền, an toàn";18000000;405/2025/252/CTTĐG-VNVIC;16/12/2025;…;Bùi Thị Trà Giang
1190;;Nệm ngủ ;Cái;"Nệm ngủ 
 Nệm mầm non cho bé mẫu giáo, nệm chần gòn có chống trượt vải cotton sattin thấm hút tốt kích thước 1200 x 700mm (gòn dầy 300g)";1156000;405/2025/252/CTTĐG-VNVIC;16/12/2025;…;Bùi Thị Trà Giang
1191;;Bàn chơi cho trẻ (Bàn Osin) vuông;Cái;"Bàn Ô sin hình vuông
 Kích thước: 800 x 800 x 250 mm
 Vật liệu: Gỗ cao su ghép thanh cao cấp loại AA dày 18mm, đã qua xử lý chống ẩm mốc, mối mọt, không cong vênh, sơn phủ bóng cao cấp đảm bảo tính thẩm mỹ bền đẹp của sản phẩm Bàn hình vuông, các cạnh và góc bàn được bo tròn để đảm bảo an toàn và thẩm mỹ";4000000;405/2025/252/CTTĐG-VNVIC;16/12/2025;…;Bùi Thị Trà Giang
1192;;Bàn chơi cho trẻ (Bàn Osin) Bán nguyệt;Cái;"Bàn cho trẻ chơi (Bàn osin) bán nguyệt:
 - Kích thước: mặt bàn bán nguyệt bán kính R400 x cao 250 mm
 - Vật liệu: Bằng gỗ cao su AA, mặt bàn dày 18 mm, đã qua xử lý chống ẩm mốc, mối mọt, không cong vênh, được sơn phủ PU bóng đảm bảo tính thẩm mỹ bền đẹp của sản phẩm Sản phẩm được tạo hình bán nguyệt, các cạnh và góc bàn được bo tròn để đảm bảo an toàn và thẩm mỹ";3400000;405/2025/252/CTTĐG-VNVIC;16/12/2025;…;Bùi Thị Trà Giang
1193;;Bàn Ô sin hình Tròn;Chiếc;"Bàn Ô sin hình tròn
 Kích thước: Đường kính 800mm x cao 250 mm
 Vật liệu: Gỗ cao su ghép thanh cao cấp loại AA dày 18mm, đã qua xử lý chống ẩm mốc, mối mọt, không cong vênh, sơn phủ bóng cao cấp đảm bảo tính thẩm mỹ bền đẹp của sản phẩm Bàn hình tròn, các cạnh bàn được bo tròn để đảm bảo an toàn và thẩm mỹ";4000000;405/2025/252/CTTĐG-VNVIC;16/12/2025;…;Bùi Thị Trà Giang
1194;;Tủ quần áo;Cái;"Tủ để đồ giáo viên:
- Kích thước: R1200xS550xC1600mm
- Hình dáng: Tủ gồm 2 khoang đứng (vách ngăn gỗ ở giữa), 2 cánh mở bản lề giảm chấn, tay nắm âm, 2 khóa riêng biệt, 2 khoang ngang:
+ Khoang 1 cao 1200mm (đã gồm chân tủ cao 30-50mm) có suốt treo quần áo,
+ Khoang 2 cao 400mm,
- Chất liệu bằng gỗ cao su loại AA đã qua xử lý chống mối mọt, ẩm mốc, cong vênh, sơn phủ PU cao cấp dày 18mm, lưng tủ dày 10mm đảm bảo độ bền, an toàn";18800000;405/2025/252/CTTĐG-VNVIC;16/12/2025;…;Bùi Thị Trà Giang
1195;;Giá phơi khăn mặt;Cái;"Giá phơi khăn mặt:
 KT:1000 x 450 x 1100 mm
 Vật liệu: Toàn bộ làm bằng inox 304 không nhiễm từ Giá được chia làm 04 tầng phơi khăn, trong đó 04 tầng dưới phơi 02 mặt được làm bằng inox F12 và F16, với tổng số dây phơi là 09 Chiếc Chân và trụ của giá được làm bằng inox hộp vuông 20x20 và 25 x 25 Trên đỉnh 02 thanh trụ là 02 quả bóng inox F30 Hai bên giá tạo hình trái tim từ inox ống F12 Chân có bánh xe F50 giúp di chuyển dễ dàng Phơi được khoảng 40 khăn không chồng lên nhau, đảm bảo chắc chắn, an toàn Các mối hàn được thực hiện bằng công nghệ hàn TIG, có khí argon bảo vệ mối hàn tránh hiện tượng ô xi hóa";5400000;405/2025/252/CTTĐG-VNVIC;16/12/2025;…;Bùi Thị Trà Giang
1196;;Thùng rác;cái;Thùng rác: Thùng rác được làm từ nhựa PP cao cấp, cho độ bền cao, khả năng chống lão hóa tốtKích thước: 345 x 34 x 44 cm;800000;405/2025/252/CTTĐG-VNVIC;16/12/2025;…;Bùi Thị Trà Giang
1197;;Máy sấy tay;Cái;"Máy sấy tay
 Hệ thống sấy: Sấy nóng
 Công suất: 1062W
 Tốc độ gió: 75 m/giây
 Độ ồn:60dB
 Chất liệu: Nhựa cao cấp
 Nguồn điện áp:220V - 240V / 50Hz - 60Hz
 Kích thước: Rộng x sâu x cao (310mm x 255mm x 182mm)
 Trọng lượng sản phẩm (tham khảo): 3,6kg
 Hoạt động tự động bằng cảm ứng giúp tiết kiệm năng lượng";25200000;405/2025/252/CTTĐG-VNVIC;16/12/2025;…;Bùi Thị Trà Giang
1198;;Bảng quay hai mặt;Cái;"Bảng quay hai mặt:
 - Kích thước mặt Bảng:  W1200mm x H800mm (W chiều rộng - H chiều cao)
 - Mặt bảng có độ bền cao Bảng di động trên khung với bánh xe có chốt hãm Khung chân bảng làm bằng thép hộp sơn tĩnh điện cao cấp Chân bảng có thể tháo lắp dễ dàng, thuận tiện cho việc vận chuyển Các góc bảng, chân bảng có đầu bịt bằng nhựa, tránh sắc nhọn, tạo tính thẩm mỹ
 -Bảng có 2 mặt, 1 Mặt bảng màu xanh, sáng đẹp có dòng kẻ mờ 5 x 5cm (Dễ viết thẳng hàng) dễ đọc, không bị chói, bóng ở bất kỳ vị trí nào, 1 mặt bảng bằng nỉ
 - Vật liệu ổn định trong mọi thời tiết Tạo cảm giác khi viết lên bảng như viết lên giấy Dễ dàng lau sạch sau khi viết Có thể viết ngay khi bảng còn ướt";3724000;405/2025/252/CTTĐG-VNVIC;16/12/2025;…;Bùi Thị Trà Giang
1199;;Bộ mic trợ giảng;Bộ;"Bộ mic trợ giảng không dây:                                    
Công suất loa phát (với mic): RMS 15W
Công suất cực đại tối đa: PMPO 30W
Thời gian sạc: 6 giờ
Thời lượng pin (mic): ~4 giờ
Thời lượng pin máy: ~8 giờ
Kích thước thân máy: 13,5 (cao) x 11 (rộng) x 3,7 (dày)
Cổng sạc: DC5V/1A
Hỗ trợ kết nối: USB 20 / Bluetooth 50 / TF Card tối đa 32G / Aux 35 line inHỗ trợ chức năng:  USB, Ghi âm, FM, Thẻ nhớ, Bluetooth 50
Phụ kiện đi kèm: 1 Micro ko dây, kẹp đế,  dây sạc,  dây 35mm, dây đeo
";5200000;405/2025/252/CTTĐG-VNVIC;16/12/2025;…;Bùi Thị Trà Giang
1200;;Đồng hồ treo tường;Cái;Đồng hồ :- Kích thước: 370x360x50 mm- Mô tả: Chất liệu nhựa bền đẹp, chắc chắn;1400000;405/2025/252/CTTĐG-VNVIC;16/12/2025;…;Bùi Thị Trà Giang
1201;;Rèm cầu vồng ;m2;"Rèm cầu vồng:  
- Kích thước: R1200xC1900 mm,R1300xC1900mm
- Mô tả: Vải sợi cơ bản polyester 100% với hai vân vải xen kẽ nhau và cách nhau khoảng 8-10cm Hai vân vải bao gồm: 1 vân vải chính và 1 vân vải voan được dệt mỏng Hộp rèm bao gồm tất cả các linh kiện hộp rèm phía trên, thanh ray trục xoay rèm Tất cả các bộ phận này đều được làm bằng hợp kim nhôm chống rỉ sét, có độ bền rất cao,
";1720000;405/2025/252/CTTĐG-VNVIC;16/12/2025;…;Bùi Thị Trà Giang
1202;;Cốc xúc miệng nước muối;Chiếc;"Cốc xúc miệng:
- Cốc uống nước dung tích 250ml
- Chất liệu nhựa PP Nguyên sinh cao cấp
- Màu sắc: Xanh, trắng, Đen, Be (Kem)
- Thiết kế: Chống trơn trượt, nhỏ gọn, Thân cốc thiết kế vừa vặn với tay cầm
- Kích thước: Miệng 75cm cao 95cm
- An toàn, vệ sinh, chịu được nhiệt độ tới 120 độ C
";28800;405/2025/252/CTTĐG-VNVIC;16/12/2025;…;Bùi Thị Trà Giang
1203;;Bình đựng nước muối;Cái;"Bình đựng nước muối 
 
  Bình nhựa tròn 15L sản xuất từ chất liệu nhựa PET, không chứa BPA, chính phẩm cao cấp, an toàn Dùng để chứa các loại thức uống trong gia đình, giúp bảo quản thức uống lâu hơn Kích thước (Đường kính) x (Chiều Cao): Ø 23,9 x 42,2 cm";340000;405/2025/252/CTTĐG-VNVIC;16/12/2025;…;Bùi Thị Trà Giang
1204;;Xô hứng nước xúc miệng;Cái;"Xô hứng nước xúc miệng
 Được làm từ nhựa PP nguyên sinh, không chứa chất độc hại, đảm bảo an toàn cho sức khỏe của người sử dụng và thân thiện với môi trường
 Quai xách và hai bên có gờ nắm chắc chắn giúp việc vận chuyển xô nhựa được dễ dàng
 Khung nhựa vững chắc, chịu va đập, chịu tải trọng tốt
 -Có nắp đậy tiện dụng, bảo quản tốt
 Kích thước (tham khảo): 34 x 31 x 29 cm
 Dung tích: 14L";196000;405/2025/252/CTTĐG-VNVIC;16/12/2025;…;Bùi Thị Trà Giang
1205;;Giá để bình nước muối;Cái;"Giá để bình nước muối
 Chân Bình Nước Inox được làm từ chất liệu inox 304 sáng bóng, không gỉ, bền đẹp, chất lượng tốt Sản phẩm được thiết kế và sản xuất chắc chắn, bền bỉ, được dùng để đặt bình nước 15-20L, máy lọc nước trong gia đình và văn phòng
 Kích thước: 30cmx30cmx50cm";1140000;405/2025/252/CTTĐG-VNVIC;16/12/2025;…;Bùi Thị Trà Giang
1206;;Chăn hè;Cái ;"Chăn hè
Kích thước: 1400 x 1000 mm
Chất liệu: Cotton trần bông 3oz mềm mại, thoáng mát thấm hút mồ hôi với nhiều hình dáng ngộ nghĩnh Họa tiết dễ dương, nhiều màu sắc lựa chọn Một cháu/chăn";1196000;405/2025/252/CTTĐG-VNVIC;16/12/2025;…;Bùi Thị Trà Giang
1207;;Chăn đông;Cái ;"Chăn đông
Kích thước: 1400 x 1000 mm
Chất liệu: Cotton trần bông 6oz mềm mại, thoáng khí, giữ ấm tốt, thấm hút mồ hôi với nhiều hình dáng ngộ nghĩnh Họa tiết dễ dương, nhiều màu sắc lựa chọn Một cháu/chăn";1860000;405/2025/252/CTTĐG-VNVIC;16/12/2025;…;Bùi Thị Trà Giang
1208;;Gối ;Cái ;"Gối cá nhân
Chất liệu bằng cao su non, vỏ vải cotton ";596000;405/2025/252/CTTĐG-VNVIC;16/12/2025;…;Bùi Thị Trà Giang
1209;;Ghế sofa mini cho trẻ tại Góc văn học;Bộ;"Ghế sofa mini cho trẻ tại góc văn học 
 Kich thước ghế: 43*52*52cm  Kiểu dáng lựa chọn, phù hợp với mầm non
 Chất liệu: Khung polywood gỗ dày dặn, mút cao cấp, bọc nỉ hoặc bọc da Bộ gồm 02 ghế Màu sắc phù hợp với lứa tuổi mầm non";5160000;405/2025/252/CTTĐG-VNVIC;16/12/2025;…;Bùi Thị Trà Giang
1210;;Băng ghế cho trẻ ngồi đọc sách ( phía trên có đệm, phía dưới chia các ô, ngăn để đựng sách);Bộ;"Băng ghế để trẻ đọc sách
 Kích thước: 1200 x 300 x 300 mm
 Vật liệu: Gỗ cao su ghép thanh cao cấp loại 1 (AA) dày 18mm, được chứng nhận phù hợp TCVN 8575:2010, đã qua xử lý chống ẩm mốc, mối mọt, không cong vênh, sơn phủ bóng cao cấp đảm bảo tính thẩm mỹ bền đẹp của sản phẩm Ghế được thiết kế đa năng 2 trong 1 kết hợp giữa ghế ngồi có nệm bông ép bọc da 50mm và giá để sách 1 tầng với 3 khoang để sách truyện Sản phẩm được đăng ký nhãn hiệu và sản xuất bởi nhà sản xuất đạt tiêu chuẩn ISO 9001:2015, ISO 14001: 2015";7140000;405/2025/252/CTTĐG-VNVIC;16/12/2025;…;Bùi Thị Trà Giang
1211;;Thảm trải sàn hình tròn;Cái;"Thảm trải sàn hình tròn
Kích thước: Đường kính 1,6m
Chất liệu: Bề mặt chất sợi nỉ lì, không bị xù lông, không bị phai màu Mặt dưới có các hạt cao su giúp tăng độ ma sát, bám dính xuống mặt sàn nhà chống trượt";2200000;405/2025/252/CTTĐG-VNVIC;16/12/2025;…;Bùi Thị Trà Giang
1212;;Thảm trải sàn các hình vuông;m2;"Kích thước tấm : 60 x 60 cm, dày khoảng 1cm
Chất liệu : Xốp EVA + mặt thảm nỉ cao cấp độ bền cao";309600;405/2025/252/CTTĐG-VNVIC;16/12/2025;…;Bùi Thị Trà Giang
1213;;Thảm trải sàn các hình elip;Cái;"Thảm trải sàn hình Elip
Kích thước: 1,6x2m
Chất liệu: Bề mặt chất sợi nỉ lì, không bị xù lông, không bị phai màu Mặt dưới có các hạt cao su giúp tăng độ ma sát, bám dính xuống mặt sàn nhà chống trượt";2200000;405/2025/252/CTTĐG-VNVIC;16/12/2025;…;Bùi Thị Trà Giang
1214;;Tủ đựng chất tẩy rửa;Cái ;"Thông số kĩ thuật : 
 Kích thước : 418x300x400mm
 Chất liệu : Nhựa tổng hợp,chịu lực chịu nước";3200000;405/2025/252/CTTĐG-VNVIC;16/12/2025;…;Bùi Thị Trà Giang
1215;;Bảng tương tác;Bộ;"Loại bảng: Bảng vách ngăn Scala một mặt ghim nỉ + 1 mặt từ trắng
Kích thước: D1200 x C1500 mm
Vật liệu: Bề mặt bảng: Mặt HQ trắng viết bút dạ; Bề mặt ghim kết hợp tiêu âm theo bộ sưu tập màu vải trang nhã mới Có thể kết hợp 2 bề mặt từ HQ + 1 mặt tiêu âm ghim có tác dụng ghim tài liệu đồng thời làm tiêu tiếng ồn và âm thanh Bảng được sử dụng cốt tiêu âm + cao su non 5mm dày 20 mm đảm bảo chắc chắn Bánh xe chuyên dụng có chốt hãm định vị Sản phẩm được sản xuất bởi Nhà sản xuất đạt tiêu chuẩn ISO 9001:2015; ISO 14001:2015
";27080000;405/2025/252/CTTĐG-VNVIC;16/12/2025;…;Bùi Thị Trà Giang
1216;;Ổ cắm kéo dài đa năng kết hợp 5 ổ;Cái;"Ổ cắm kéo dài đa năng kết hợp 5 ổ
Ổ cắm điện có 5 lỗ 3 chấu, đa năng và có 5 công tắc đi kèm
Mỗi ổ cắm đều có nắp che, hạn chế tối đa bị phóng tia lửa điện, chống rò rỉ điện, chống giật hiệu quả, an toàn cho trẻ nhỏ
Ổ cắm được làm bằng hạt nhựa ABS nhập khẩu chịu nhiệt độ cao,chống cháy Chịu tải cao: Max 3200W, 2 lõi dây đồng:  2*1mm
- Điện áp: 220V/ 50Hz
";940000;405/2025/252/CTTĐG-VNVIC;16/12/2025;…;Bùi Thị Trà Giang
1217;;Giá treo yếm ;Chiếc;"Giá treo yếm:
 
 KT: 1000 x 450 x 1100 mm
 
  Vật liệu: Toàn bộ làm bằng inox 304 không nhiễm từ Giá được chia làm 04 hàng, mỗi hàng 12 móc treo Các móc treo được hàn quả bóng inox đảm bảo không rơi khăn và an toàn trong quá trình sử dụng Chân và trụ của giá được làm bằng inox hộp vuông 20x20 và 25 x 25 Chân có bánh xe F50 giúp di chuyển dễ dàng, Các mối hàn được thực hiện bằng công nghệ hàn TIG, có khí argon bảo vệ mối hàn tránh hiện tượng ô xi hóa, có phụ kiện kẹp để kẹp yếm";5000000;405/2025/252/CTTĐG-VNVIC;16/12/2025;…;Bùi Thị Trà Giang
1218;;Giường mini cho trẻ;Bộ;"Giường mini cho trẻ:
 Chất liệu bằng gỗ cao su loại AA đã qua xử lý chống mối mọt, ẩm mốc, cong vênh dày 18mm Các cạnh gỗ được chau chuốt mềm mại tránh sự va chạm gây tổn thương cho người sử dụng Giường có thành xung quanh nhô lên 8 cm so với mặt đệm Giường có đệm bọc vải dày 3cm, có khóa kéo, kích thước đệm có thể thay đổi theo kích thước giường Giường có 4 bánh xe cao su, có chốt phanh để tiện cho việc di chuyển Kích thước giường: R600xD1200xC280mm";7808000;405/2025/252/CTTĐG-VNVIC;16/12/2025;…;Bùi Thị Trà Giang
1219;;Tủ quần áo  mini;Bộ;"Tủ quần áo mini cho trẻ:
  - Cánh cửa có bản lề chính hãng giảm chấn, mở nhẹ nhàng trơn chu
  - Ngăn kéo được thiết kế có ray trượt
  - Tủ có chiều sâu lớn, rộng rãi, hợp lý, phù hợp với các loại mắc treo quần áo 
  - Có thanh suốt treo quần áo bằng kim loại, chắc chắn, bền đẹp theo thời gian
  - Kích thước: Rộng 600 x Sâu 450 x Cao 1200 (mm)
  - Màu sắc: Trắng, vân gỗ
  - Chất liệu: Gỗ cao su loại AA 18mm, sơn phủ PU bề mặt,cánh sơn bệt màu trắng";10151120;405/2025/252/CTTĐG-VNVIC;16/12/2025;…;Bùi Thị Trà Giang
1220;;Gíá để sách thư viện1;Cái;"TBĐC1500-400-1200/VP
Kích thước: D1500xS320xC1200mm
 - Chất liệu bằng cốt gỗ mdf phủ laminate dày 18mm (tham khảo chất lượng gỗ mdf An Cường) Giá chia nhiều ngăn để sách, tài liệu với điểm nhấn là ngăn để đồ hình tròn Các góc cạnh gia công mép tròn, đảm bảo thẩm mỹ và an toàn khi sử dụng 
 Sản phẩm sản xuất trên dây chuyền công nghệ được chứng nhận quản lý chất lượng theo tiêu chuẩn: ISO 9001:2015; ISO 14001:2015; ISO 45001:2018";3240000;405/2025/252/CTTĐG-VNVIC;16/12/2025;…;Bùi Thị Trà Giang
1221;;Gía để sách thư viện 2;Cái;"GĐTV1570-320-1200/VP
Kích thước: D1570xS320xC1200mm
 - Chất liệu bằng cốt gỗ mdf phủ laminate dày 18mm (tham khảo chất lượng gỗ mdf An Cường) Giá chia nhiều ngăn để sách,tài liệu với điểm nhấn là ngăn để đồ hình tròn Các góc cạnh gia công mép tròn, đảm bảo thẩm mỹ và an toàn khi sử dụng Sản phẩm sản xuất trên dây chuyền công nghệ được chứng nhận quản lý chất lượng theo tiêu chuẩn: ISO 9001:2015; ISO 14001:2015; ISO 45001:2018";3391000;405/2025/252/CTTĐG-VNVIC;16/12/2025;…;Bùi Thị Trà Giang
1222;;Gía để sách thư viện 3;Cái;"GĐSTV1120-320-1200/VP
Kích thước: D1120xS320xC1200mm
 - Chất liệu bằng cốt gỗ mdf phủ laminate (tham khảo chất lượng gỗ mdf An Cường) dày 18mm Giá chia nhiều ngăn để sách, tài liệu với điểm nhấn là ngăn để đồ hình tròn Các góc cạnh gia công mép tròn, đảm bảo thẩm mỹ và an toàn khi sử dụng Sản phẩm sản xuất trên dây chuyền công nghệ được chứng nhận quản lý chất lượng theo tiêu chuẩn: ISO 9001:2015; ISO 14001:2015; ISO 45001:2018";2419000;405/2025/252/CTTĐG-VNVIC;16/12/2025;…;Bùi Thị Trà Giang
1223;;Gía để sách thư viện 4;Cái;"GĐSTV1120-320-800/VP
Kích thước: D1200xS320xC800mm
 - Chất liệu bằng cốt gỗ mdf lõi xanh chống ẩm phủ laminate dày 18mm (tham khảo chất lượng gỗ mdf An Cường) Giá chia nhiều ngăn để sách, tài liệu Các góc cạnh gia công mép tròn, đảm bảo thẩm mỹ và an toàn khi sử dụngGiá có 4 bánh xe cao su có chốt phanh để tiện cho việc di chuyển Sản phẩm sản xuất trên dây chuyền công nghệ được chứng nhận quản lý chất lượng theo tiêu chuẩn: ISO 9001:2015; ISO 14001:2015; ISO 45001:2018";1613000;405/2025/252/CTTĐG-VNVIC;16/12/2025;…;Bùi Thị Trà Giang
1224;;"Tủ để cây ấm lạnh +
 để cốc";Bộ;"TĐCN1080-400-1200/VP
- Kích thước tủ: R1080xS400xC1200mm
 - Chất liệu bằng cốt gỗ mdf lõi xanh chống ẩm phủ laminate dày 18mm (tham khảo chất lượng gỗ mdf An Cường) Tủ chia làm 2 khoang, 1khoang để cây ấm lạnh, 1 khoang chia làm 2 ngăn Ngăn trên chia làm 2 đợt có 2 cánh mở cắt họa tiết cnc hình bông hoa, sơn bệt màu trắng Ngăn dưới có 2 đợt giá nan inox 304 để cốc ,phía dưới có khay hứng nước, bên ngoài là 2 cánh mở tay nắm âm (móc vát)
 Sản phẩm sản xuất trên dây chuyền công nghệ được chứng nhận quản lý chất lượng theo tiêu chuẩn: ISO 9001:2015; ISO 14001:2015; ISO 45001:2018";2333000;405/2025/252/CTTĐG-VNVIC;16/12/2025;…;Bùi Thị Trà Giang
1225;;Ghế ngồi thay giày dép;Cái;"GNTGD1250-300-300/VP
- Kích thước: D1250xS300xC300mm
 - Chất liệu bằng cốt gỗ mdf phủ laminate (tham khảo chất lượng gỗ mdf An Cường) Băng ghế có đệm bọc nỉ nhung dày 50 Ghế để vân gỗ Các góc cạnh gia công mép tròn, đảm bảo thẩm mỹ và an toàn khi sử dụng Sản phẩm sản xuất trên dây chuyền công nghệ được chứng nhận quản lý chất lượng theo tiêu chuẩn: ISO 9001:2015; ISO 14001:2015; ISO 45001:2018";675000;405/2025/252/CTTĐG-VNVIC;16/12/2025;…;Bùi Thị Trà Giang
1226;;Giá để giày dép;Cái;"GGD1000-300-700-04/VP
- Kích thước: D1000xS300xC700mm
 - Chất liệu bằng cốt gỗ mdf phủ laminate dày 18mm Giá có 4 tầng, chia làm các ô nhỏ để giầy dép cho bé Giá để vân gỗ Các góc cạnh gia công mép tròn, đảm bảo thẩm mỹ và an toàn khi sử dụng Sản phẩm sản xuất trên dây chuyền công nghệ được chứng nhận quản lý chất lượng theo tiêu chuẩn: ISO 9001:2015; ISO 14001:2015; ISO 45001:2018";1050000;405/2025/252/CTTĐG-VNVIC;16/12/2025;…;Bùi Thị Trà Giang
1227;;Kệ thấp kết hợp ghế ngồi 1;Cái;"KTKHGN1500-300-320/VP
- Kích thước: D1500xS300xC320mm
 - Chất liệu bằng cốt gỗ mdf lõi xanh chống ẩm phủ laminate dày 18mm (tham khảo chất lượng gỗ mdf An Cường) Phía dưới mặt chia ô để đồ Ghế để vân gỗ Sản phẩm sản xuất trên dây chuyền công nghệ được chứng nhận quản lý chất lượng theo tiêu chuẩn: ISO 9001:2015; ISO 14001:2015; ISO 45001:2018";960000;405/2025/252/CTTĐG-VNVIC;16/12/2025;…;Bùi Thị Trà Giang
1228;;Kệ thấp kết hợp ghế ngồi 2;Cái;"KTKHGN1650-300-320/VP
- Kích thước: D1650xS300xC320mm
 - Chất liệu bằng cốt gỗ mdf phủ laminate dày 18mm (tham khảo chất lượng gỗ mdf An Cường) Phía dưới mặt chia ô để đồ Ghế để vân gỗ Sản phẩm sản xuất trên dây chuyền công nghệ được chứng nhận quản lý chất lượng theo tiêu chuẩn: ISO 9001:2015; ISO 14001:2015; ISO 45001:2018";1056000;405/2025/252/CTTĐG-VNVIC;16/12/2025;…;Bùi Thị Trà Giang
1229;;Kệ thấp kết hợp ghế ngồi 3;Cái;"KTKHGN1700-300-320/VP
- Kích thước: D1700xS300xC320mm
 - Chất liệu bằng cốt gỗ mdf phủ laminate (tham khảo chất lượng gỗ mdf An Cường) dày 18mm Phía dưới mặt chia ô để đồ Ghế để vân gỗ Sản phẩm sản xuất trên dây chuyền công nghệ được chứng nhận quản lý chất lượng theo tiêu chuẩn: ISO 9001:2015; ISO 14001:2015; ISO 45001:2018";1088000;405/2025/252/CTTĐG-VNVIC;16/12/2025;…;Bùi Thị Trà Giang
1230;;Bàn máy tính + tủ để đồ giáo viên;Cái;"BMT13000-400-700/VP
- Kích thước: R1300xS400xC700mm
 - Chất liệu bằng cốt gỗ mdf phủ laminate dày 18mm (tham khảo chất lượng gỗ mdf An Cường) Bàn có 1 hộc tủ để cây máy tính (nếu có), có các ngăn để đồ dùng giáo viên Trên mặt bàn khoét lỗ luôn dây phi 6 Các mặt cánh cắt họa tiết cnc hình bông hoa, sơn bệt các màu như ảnh Mặt khung bàn để vân gỗ, sơn bóng Phụ kiện bản lề giảm chấn Các góc cạnh gia công mép tròn, đảm bảo thẩm mỹ và an toàn khi sử dụng Tủ có 4 bánh xe cao su có chốt phanh để tiện cho việc di chuyển
 Sản phẩm sản xuất trên dây chuyền công nghệ được chứng nhận quản lý chất lượng theo tiêu chuẩn: ISO 9001:2015; ISO 14001:2015; ISO 45001:2018";1820000;405/2025/252/CTTĐG-VNVIC;16/12/2025;…;Bùi Thị Trà Giang
1231;;Bàn làm việc cho thủ thư;Cái;"BLVCTT-VP
Kích thước: R1400xS600xC750mm
 - Chất liệu bằng cốt gỗ mdf phủ laminate dày 18mm (tham khảo chất lượng gỗ mdf An Cường) Bàn có hậu cắt họa tiết cnc trang trí Bàn có hộc đồ để tài liệu
 Sản phẩm sản xuất trên dây chuyền công nghệ được chứng nhận quản lý chất lượng theo tiêu chuẩn: ISO 9001:2015; ISO 14001:2015; ISO 45001:2018";2409000;405/2025/252/CTTĐG-VNVIC;16/12/2025;…;Bùi Thị Trà Giang
1232;;Bàn bán nguyệt cho trẻ;Cái;"BBNCT900-VP
- Kích thước: D900xR400xC500mm
 - Bàn để màu đồng màu với nội thất trong phòng Các góc cạnh gia công mép tròn, đảm bảo thẩm mỹ và an toàn khi sử dụng Chất liệu làm bằng gỗ cao su đã qua xử lí chống mối mọt, cong vênh
 Sản phẩm sản xuất trên dây chuyền công nghệ được chứng nhận quản lý chất lượng theo tiêu chuẩn: ISO 9001:2015; ISO 14001:2015; ISO 45001:2018";1000000;405/2025/252/CTTĐG-VNVIC;16/12/2025;…;Bùi Thị Trà Giang
1233;;Ghế cho trẻ;Cái;"GCT300-VP
Chất liệu gỗ cao su đã qua xử lí, chống mối mọt, cong vênh
 - Nệm mút: D300 có độ bền cao
 - Chân: gỗ cao su tự nhiên
 - Chất liệu: Vải Nỉ cao cấp nhập khẩu (màu sắc có thể thay đổi) Kích thước D300,cao đến mặt đệm nỉ 300 Sản phẩm sản xuất trên dây chuyền công nghệ được chứng nhận quản lý chất lượng theo tiêu chuẩn: ISO 9001:2015; ISO 14001:2015; ISO 45001:2018";450000;405/2025/252/CTTĐG-VNVIC;16/12/2025;…;Bùi Thị Trà Giang
1234;;Cây ấm lạnh;Cái;"DK900(A)
- Điện áp: 220V-50/60Hz
 Công suất nóng: 550W - Công suất lạnh: 100W Công suất làm nóng: 5L/h - Nhiệt độ nóng: ~45oC
 Công suất làm lạnh: 2L/h - Nhiệt độ lạnh: ~10oC Kích thước: 39,5x37,5x108,5 cm
 Hệ thống role tự ngắt khi hết nước: có";3850000;405/2025/252/CTTĐG-VNVIC;16/12/2025;…;Bùi Thị Trà Giang
1235;;Rèm cầu vồng;m2;"RCV-VP03
- Mô tả: Rèm cầu vồng là dòng rèm cuốn nhưng có thiết kế đặc biệt hơn Có cấu tạo từ 2 đến 3 lớp, một lớp vải và một lớp lưới Nhờ cấu tạo xen kẽ giữa 2 lớp đặc biệt này người dùng có thể dễ dàng điều chỉnh ánh sáng tuỳ ý Lớp vải với chất vải tổng hợp polyeste cho khả năng chắn sáng 80- 100%, lớp lưới với các lỗ lưới được nghiên cứu để ngăn chặn côn trùng nhưng vẫn chống đứt gãy hiệu quả Sản phẩm sản xuất trên dây chuyền công nghệ được chứng nhận quản lý chất lượng theo tiêu chuẩn: ISO 9001:2015; ISO
 14001:2015; ISO 45001:2018";430000;405/2025/252/CTTĐG-VNVIC;16/12/2025;…;Bùi Thị Trà Giang
1236;;Đồng hồ treo tường;Cái;"K0710
- Kích thước: 340x40 mm
 - Mô tả: Chất liệu nhựa bền đẹp, chắc chắn Kiểu dáng ngộ nghĩnh, trẻ con, màu sắc phong phú";350000;405/2025/252/CTTĐG-VNVIC;16/12/2025;…;Bùi Thị Trà Giang
1237;;Thùng rác;Cái;"No0218
Thùng rác được làm từ nhựa PP cao cấp, cho độ bền cao, khả năng chống lão hóa tốt Kích thước: 395 x 35 x 44 cm";200000;405/2025/252/CTTĐG-VNVIC;16/12/2025;…;Bùi Thị Trà Giang
1238;;Máy trợ giảng;Cái;"V-809
- Kích thước: 73x 48x118 mm
 - Pin lithium 74V (1000mA)
 - Đáp ứng tần số 50Hz - 17Hz
 - Chức năng: USB, thẻ nhớ, ghi âm
 Sản phẩm sản xuất trên dây chuyền công nghệ được chứng nhận quản lý chất lượng theo tiêu chuẩn: ISO 9001:2015; ISO 14001:2015";3500000;405/2025/252/CTTĐG-VNVIC;16/12/2025;…;Bùi Thị Trà Giang
1239;;Cốc uống nước;Cái;"CUN70-VP
- Kích thước: Ф 70mm
 - Mô tả: Vật liệu inox 304, miệng cốc không viền, đảm bảo an toàn vệ sinh khi sử dụng
 Sản phẩm sản xuất trên dây chuyền công nghệ được chứng nhận quản lý chất lượng theo tiêu chuẩn: ISO 9001:2015; ISO 14001:2015; ISO 45001:2018";38500;405/2025/252/CTTĐG-VNVIC;16/12/2025;…;Bùi Thị Trà Giang
1240;;Ghế xoay giáo viên;cái;"GL212
Khung sử dụng hệ thống thép mạ Ni-Cr bóng đẹp đỡ phần lưng da simili cao cấp
 Tay ghế Tay ghế được làm từ chất liệu thép mạ Ni-Cr bọc da simili, chống han gỉ và móp méo
 Chân ghế Chân sao 5 cạnh mạ Crom sáng bóng, chịu lực tốt Cần gạt dùng để điều chỉnh trục Piston di chuyển lên xuống giúp thay đổi độ cao
 Bánh xe bọc PU chịu lực ma sát cao và giảm thiếu tối đa phát tiếng ồn khi di chuyển
 Kích thước :R520xS635XC860mm
 Sản phẩm sản xuất trên dây chuyền công nghệ được chứng nhận quản lý chất lượng theo tiêu chuẩn: ISO 9001:2015; ISO 14001:2015; ISO 45001:2018";2050000;405/2025/252/CTTĐG-VNVIC;16/12/2025;…;Bùi Thị Trà Giang
1241;;"Ổ cắm kéo dài đa
 năng kết hợp 6 ổ";Cái;"3D3S52
Ổ cắm kéo dài đa năng kết hợp 6 ổ dài 5m";235000;405/2025/252/CTTĐG-VNVIC;16/12/2025;…;Bùi Thị Trà Giang
1242;;Màn hình tương tác thông minh 65'';Cái;"DT-I653S
Thông số kỹ thuật Màn hình tương tác Lenovo DT-I653S thiết kế viền siêu mỏng, hệ điều hành Android 80

Kích Thước:  65 inch
 Đèn nền:  D-LED
Độ Phân Giải : 4K (3840*2160 )
Điểm chạm:  20
Độ Sáng:  ≥350cd/㎡
Độ tương phản:  6000：1
Thời gian đáp ứng:  6ms
Tốc độ:  60Hz
Góc nhìn:  178°
Khu vực : 142848 (H)×80352 (V)
Màu sắc : 8 bit/107 Billion
Tuổi thọ :  ≥30000 hrs
Chipset:  MSD8386
Loa : 10W*2
Cổng kết nối:  “LAN *2, VGA in *1, PC-AUDIO IN*1,YPBPR*1, AV IN*1, AV OUT*1, Earphone OUT*1, RF-IN*1, SPDIF*1, HDMI IN*2, Touch*1, RS-232*1, USB20*2, HDMI OUT*1”
HỆ THỐNG

 Android : Android 80
CPU:  CA53*2+CA73*2
Tốc độ CPU : 15 GHz
CPU:  Core Quad-core
GPU:  G51MP2
 RAM / ROM:  2G/16 GB (3G/32G optional)
Hệ thống TV

TV ATV (PAL,SECAM) DTV (DTMB)”
Video Giảm nhiễu chuyển động hình ảnh, thích ứng chuyển động
Bộ nhớ kênh:  200
Âm thanh vòm
THÔNG SỐ CẢM ỨNG

Loại cảm ứng:  TR
Kích cảm ứng
Kính cường lực chống nổ:  4mm
Thời gian đáp ứng:  <5ms
Độ chính xác cảm ứng : ±1mm
Phương pháp cảm ứng:  Bằng tay & Bút
Số lần chạm Không giới hạn
Optional: OPS, Bút thông minh,  Bộ Kết nối không dây

OPS: i3 2310M/4G/128G
OPS: i5 2450M/4G/128G
OPS: i7 4600M/4G/128
Bút thông minh : Chức năng chuột / laser / đánh dấu, Công cụ xóa lối tắt,Màn hình PPT và lật trang, Chức năng bút mực văn phòng, Phần mềm bảng trắng chạy một phím
Bộ kết nối không dây: Truyền tải không dây nhanh chóng 5G, Hỗ trợ Windows, Mac OS, Linux, Kết nối USB hoặc HDMI, Một cú nhấp chuột để chia sẻ";26000000;405/2025/252/CTTĐG-VNVIC;16/12/2025;…;Bùi Thị Trà Giang
1243;;Mini PC (Slot In PC) (Option);Cái;"OPS-I5
Bộ xử lý dữ liệu tự động OPS CPU model Intel® Core i5-6400 Chipset intel® H310 Express RAM: 1 x SODIMMs DDR4 8 GB
Card đồ họa bộ xử lý: Integrated Intel® HD Graphics 530 Total Available Graphics Memory: 64GB
Max Resolution up to
Bộ nhớ: SSD 128 GB (up to 512GB)
Capacity: 8GB (up to 16GB) Card mạng – băng tần kép 5G:
Hỗ trợ: 24G & 5G Gigabit LAN controller
Bảo hành: Thiết bị được bảo hành 12 tháng với các lỗi về kỹ thuật của nhà sản xuất";9500000;405/2025/252/CTTĐG-VNVIC;16/12/2025;…;Bùi Thị Trà Giang
1244;;Bàn làm việc;Cái;"Bàn giáo viên: 
- Kích thước: R1200xS600xC750 mm
- Mô tả: Bàn sử dụng chất liệu bằng gỗ cao su loại AA đã qua tấm sấy, chống mối mọt, cong vênh, dày 18mm, sơn phủ pu bóng Bàn có ngăn hộc dài sát đất bao gồm 1 ngăn kéo + 1 cánh tủ có khóa an toàn; có 1 khay để bàn phím và 1 kệ CPU; ngăn bàn các tấm chắn làm bằng gỗ dày 18mm
";2450000;405/2025/252/CTTĐG-VNVIC;16/12/2025;…;Bùi Thị Trà Giang
1245;;Ghế gập;cái;"Ghế gập: 
- Kích thước: R460xS515xC890 mm
- Mô tả: Kết cấu vững chắc với khung Inox D22, đệm tựa mút bọc PVC
- Ghế có thể gấp lại tiện dụng
";440000;405/2025/252/CTTĐG-VNVIC;16/12/2025;…;Bùi Thị Trà Giang
1246;;Ghế cho giáo viên;Cái;"Ghế cho giáo viên
Kích thước: R320 x S320 mm x C350/600 mm 
Vật liệu: Gỗ sao sughép thanh cao cấp loại 1 (AA) dày 18mm được chứng nhận phù hợp TCVN 8575:2010, đã qua xử lý chống ẩm mốc, mối mọt, không cong vênh, sơn phủ bóng cao cấp đảm bảo tính thẩm mỹ Chân gỗ tự nhiên 18 x 55 mm, có giằng 55 x 18mm quây xung quanh mặt ngồi và giằng chân 30 x 18mm đảm bảo chắc chắn Sản phẩm được đăng ký nhãn hiệu và sản xuất bởi nhà sản xuất đạt tiêu chuẩn ISO 9001:2015, ISO 14001: 2015
";485000;405/2025/252/CTTĐG-VNVIC;16/12/2025;…;Bùi Thị Trà Giang
1247;;Giá để giày dép;Cái;"Giá để giày dép:
- Kích thước: R1200xS300xC800 mm (chiều cao tính cả bánh xe)
- Giá có thiết kế chia 4 đợt, các đợt bố trí đặt dốc 15 độ, phía ngoài có gờ đỡ Giá có hậu, hậu dày 10mmTrên các đợt bố trí các thanh gỗ R50xS18xD300mm chia ngăn để giầy, dép Chất liệu giá bằng gỗ cao su loại AA dày 18mm Gỗ đã qua xử lý chống ẩm mốc, mối mọt, không cong vênh, đảm bảo tính thẩm mỹ, bền đẹp của sản phẩm Giá để để vân gỗ tự nhiên, sơn PU bóng
- Giá thiết kế có bánh xe, có chốt phanh nên rất linh động trong việc di chuyển, thay đổi, sắp xếp đồ trong phòng
";1220000;405/2025/252/CTTĐG-VNVIC;16/12/2025;…;Bùi Thị Trà Giang
1248;;Băng ghế để trẻ thay giầy dép;Cái;"Băng ghế để trẻ đọc sách+thay giày dép
- Kích thước: D1200xR300xC350 mm (chiều cao tính đệm)
- Băng ghế được thiết kế có đệm bọc nỉ dày 50mm đặt trên mặt, có 2 gờ chặn 2 đầu Phía dưới băng ghế chia 3 ngăn để đồChất liệu khung ghế bằng gỗ cao su loại AA dày 18mmGỗ đã qua xử lý chống ẩm mốc, mối mọt, không cong vênh,đảm bảo tính thẩm mỹ, bền đẹp của sản phẩm Khung ghế để để vân gỗ tự nhiên, sơn PU bóng
";1350000;405/2025/252/CTTĐG-VNVIC;16/12/2025;…;Bùi Thị Trà Giang
1249;;Cây nước ấm lạnh ;Cái;"CÂY NƯỚC NÓNG LẠNH HÒA PHÁT HWP B2CI:
Loại: Nóng Ấm + Lạnh
Kiểu bình: Âm thân (hút bình)
Nhiệt độ nước nóng: 45 độ C, Lạnh: 10 độ C
Công nghệ làm lạnh: Block
Công suất làm nóng: 450 W Công suất làm lạnh: 
75 W
Gas sử dụng: R134a Nguồn điện áp: b220V/50Hz
Kích thước (Rộng x cao x sâu): 325 x 1055 x 310 
(mm)
Trọng lượng sản phẩm: 14kg
Xuất xứ thương hiệu: Việt Nam Sản xuất tại: 
Trung Quốc
Bảo hành: 28 tháng";3850000;405/2025/252/CTTĐG-VNVIC;16/12/2025;…;Bùi Thị Trà Giang
1250;;Tủ để cây ấm lạnh có giá  để cốc;Cái;"Tủ để cây ấm lạnh có giá để cốc: 
- Kích thước tủ:  R1100xS400xC1200mm
- Chất liệu bằng gỗ cao su AA đã qua tấm sấy, chống mối mọt, cong vênh, dày 18mm Toàn bộ khung tủ sơn pu bóng Tủ chia làm 2 khoang, 1 khoang để cây ấm lạnh, 1 khoang chia làm 2 ngăn Ngăn trên chia làm 2 đợt, có 2 cánh mở cắt họa tiết CNC hình bông hoa, sâu 250mm Ngăn dưới có 2 đợt giá nan inox 304 để cốc, phía dưới có khay hứng nước bằng inox, bên ngoài là 2 cánh mở tay nắm âm (móc vát) Ngăn tủ dưới sâu 400mm Các góc cạnh gia công mép tròn, đảm bảo thẩm mỹ và an toàn khi sử dụng
";3250000;405/2025/252/CTTĐG-VNVIC;16/12/2025;…;Bùi Thị Trà Giang
1251;;Cốc uống nước;Cái;"Cốc uống nước:
- Kích thước:  70mm
- Mô tả: Vật liệu inox 304, miệng cốc không viền, đảm bảo an toàn vệ sinh khi sử dụng
";20000;405/2025/252/CTTĐG-VNVIC;16/12/2025;…;Bùi Thị Trà Giang
1252;;Thùng rác;Cái;Thùng rác: Thùng rác được làm từ nhựa PP cao cấp, cho độ bền cao, khả năng chống lão hóa tốtKích thước: 345 x 34 x 44 cm;200000;405/2025/252/CTTĐG-VNVIC;16/12/2025;…;Bùi Thị Trà Giang
1253;;Bộ mic trợ giảng ;Bộ;"- Công suất Loa: 20-25W
- Kết nối không dây UHF, Có dây 35
- Màn hình LCD
- Chức năng: Bluetooth 50, TF, USB, Reg, FM
- Công kết nối: Mic 35mm, công sạc Type-C
- Thời gian sử dụng liên tục 8-10h, Micro 4-5h
- Thời gian sạc: 4-6h
- Trọng lượng: ~170g
- Kích thước: ~106x89x38cm";1100000;405/2025/252/CTTĐG-VNVIC;16/12/2025;…;Bùi Thị Trà Giang
1254;;Rèm cầu vồng ;m2;"Rèm cầu vồng: 
 - Kích thước: R2400xC1900 mm
 - Mô tả: Vải sợi cơ bản polyester 100% với hai vân vải xen kẽ nhau và cách nhau khoảng 8-10cm Hai vân vải bao gồm: 1 vân vải chính và 1 vân vải voan được dệt mỏng Hộp rèm bao gồm tất cả các linh kiện hộp rèm phía trên, thanh ray trục xoay rèm Tất cả các bộ phận này đều được làm bằng hợp kim nhôm chống rỉ sét, có độ bền rất cao,";430000;405/2025/252/CTTĐG-VNVIC;16/12/2025;…;Bùi Thị Trà Giang
1255;;Đồng hồ treo tường;Cái;"Đồng hồ: 
- Kích thước: 350x350 mm
- Mô tả: Chất liệu nhựa bền đẹp, chắc chắn Mặt dồng hồ in hình họa tiết ngộ nghĩnh, màu sắc phong phú
";350000;405/2025/252/CTTĐG-VNVIC;16/12/2025;…;Bùi Thị Trà Giang
1256;;Âm ly;cái ;"Âm ly
 Nguồn điện: 220-240V AC hoặc 24V DC
 Công Suất ra: 120W
 Đáp tuyến tần số: 50-20,000Hz
 Độ méo tiếng: Dưới 1%
 Ngõ vào: Mic 1-3: -60dB 600Ω Cân bằng
 AUX 1,2: -20dB, 10kΩ không cân bằng, CRA
 Ngõ ra
 Trở kháng cao: 83Ω
 Trở kháng thấp: 4Ω (22V)
 Ngõ ra âm thanh: 0 dB(10mA), 600Ω, không cân bằng, Jắc cắm hoa sen(RCA)
 Nguồn Phantom: Mic1
 Điều chỉnh âm sắc: Bass/Treble
 Thành phẩm 
 Mặt trước: Nhựa ABS, màu đen/Vỏ: Thép, Sơn màu đen
 Kích thước: 420(R)x 1009(C)x 3603(S)mm";5100000;405/2025/252/CTTĐG-VNVIC;16/12/2025;…;Bùi Thị Trà Giang
1257;;Micro không dây;Bộ (2 micro);"Dải tần số 690-865MHz, UHF
Loại micro Micro tụ điện
Thời gian dùng Pin 10giờ(alkaline)
Thành phẩm Thép, xám đậm
Kích thước Ø50 ×2352mm
Số kênh lựa chọn 16 kênh
Pin sử dụng LR6(AA×1)";3990000;405/2025/252/CTTĐG-VNVIC;16/12/2025;…;Bùi Thị Trà Giang
1258;;Loa công  suất;cái;"Công suất định mức: 60 W
 Công suất tối đa: 180W
 Trở kháng: 8Ohms
 Độ nhạy: 92 dB (1W, 1m)
 Đáp tuyến tần số: 65Hz~20KHz
 Tần số cắt: 25KHz
 Củ loa bass: 204mm
 Củ loa treble: 254mm
 Vỏ: nhựa HIPS, trắng, đen
 Kích thước: 244 x 373 x 235mm
 Trọng lượng: 65 kg";3500000;405/2025/252/CTTĐG-VNVIC;16/12/2025;…;Bùi Thị Trà Giang
1259;;Dây loa;m;"Dây loa 
 - Có 2 lớp bọc chống thông khí
 - Chất liệu bằng đồng nguyên chất sợi đồng sáng và mềm
 - Lõi đốt không đen
 - Chất âm trong, mạnh mẽ và mịn màng";25000;405/2025/252/CTTĐG-VNVIC;16/12/2025;…;Bùi Thị Trà Giang
1260;;Phụ kiện lắp đặt hệ thống âm thanh;Bộ;"Phụ kiện lắp đặt 
 Giá treo loa + (Dây Điện, dây loa, ghen điện, Jack kết nối, băng keo, đinh vít)";1450000;405/2025/252/CTTĐG-VNVIC;16/12/2025;…;Bùi Thị Trà Giang
1261;;Tivi thông minh 65inch+ giá treo và phụ kiện ;Cái;"Smart Tivi QLED Samsung 4K 65 inch QA65Q65D
Loại Tivi:Smart Tivi QLED
Kích cỡ màn hình:65 inch
Độ phân giải:4K (Ultra HD)
Loại màn hình:Đèn nền: LED viền kết hợp Dual LED, Tấm nền: Hãng không công bố
Hệ điều hành:Tizen™
Chất liệu chân đế:Nhựa
Chất liệu viền tivi:Nhựa
Nơi sản xuất:Việt Nam
Năm ra mắt: 2024
Công nghệ hình ảnh:
Supreme UHD Dimming
Quantum HDR
Quantum Dot
Dual LED
4K Upscaling
Chuyển động mượt Motion Xcelerator
Super Ultra Wide Game View & Game Bar
Giảm độ trễ chơi game Auto Low Latency Mode (ALLM)
Căn chỉnh hình ảnh tự động bảo vệ mắt EyeComfort
Chế độ Game Motion Plus
Ambient Mode
Bộ xử lý:Bộ xử lý Quantum 4K Lite
Tần số quét thực: 60 Hz
Điều khiển tivi bằng điện thoại:
SmartThings
Điều khiển bằng giọng nói:
Tìm kiếm giọng nói trên YouTube bằng tiếng Việt
Bixby có tiếng Việt
Chiếu hình từ điện thoại lên TV:
Tap View
Screen Mirroring
AirPlay 2
Remote thông minh:
Điều khiển One Remote Control tích hợp Solar Cell Remote
Kết nối ứng dụng các thiết bị trong nhà:
SmartThings
Ứng dụng phổ biến:
YouTube
Netflix
Clip TV
FPT Play
MyTV
VieON
Spotify
Trình duyệt web
Amazon Prime video
Apple TV
Tiện ích thông minh khác:
Built in IoT Hub kết nối các thiết bị IoT mà không cần dongle
Multi View chia nhỏ màn hình tivi (có thể kết nối camera gắn rời)
Samsung Daily+ quản lý hoạt động mỗi ngày
Bản đồ 3D các thiết bị kết nối sống động
Công nghệ âm thanh
Tổng công suất loa:
20W
Số lượng loa:
Hãng không công bố
Âm thanh vòm:
Âm thanh chuyển động theo hình ảnh OTS Lite
Các công nghệ khác:
Q-Symphony Next kết hợp loa tivi với loa thanh
Adaptive Sound 
Cổng kết nối
Kết nối Internet:Wi-FiCổng mạng LAN
Kết nối không dây:Bluetooth (Kết nối bàn phím, chuột)
USB2 cổng USB A
Cổng nhận hình ảnh, âm thanh:3 cổng HDMI có 1 cổng HDMI eARC (ARC)
Cổng xuất âm thanh:1 cổng Optical (Digital Audio), 1 cổng eARC (ARC)
Thông tin lắp đặt
Kích thước có chân, đặt bàn:Ngang 145 cm - Cao 8971 cm - Dày 2902 cm
Khối lượng có chân:218 Kg
Kích thước không chân, treo tường:Ngang 145 cm - Cao 8314 cm - Dày 257 cm
Khối lượng không chân:209 Kg
Hãng:Samsung ";16000000;405/2025/252/CTTĐG-VNVIC;16/12/2025;…;Bùi Thị Trà Giang
1262;;Ổ cắm kéo dài đa năng kết hợp 5 ổ;Cái;"Ổ cắm kéo dài đa năng kết hợp 5 ổ
Ổ cắm điện có 5 lỗ 3 chấu, đa năng và có 5 công tắc đi kèm
Mỗi ổ cắm đều có nắp che, hạn chế tối đa bị phóng tia lửa điện, chống rò rỉ điện, chống giật hiệu quả, an toàn cho trẻ nhỏ
Ổ cắm được làm bằng hạt nhựa ABS nhập khẩu chịu nhiệt độ cao,chống cháy Chịu tải cao: Max 3200W, 2 lõi dây đồng:  2*1mm
- Điện áp: 220V/ 50Hz
";235000;405/2025/252/CTTĐG-VNVIC;16/12/2025;…;Bùi Thị Trà Giang
1263;;Bàn làm việc;Cái;"Bàn giáo viên: 
- Kích thước: R1200xS600xC750 mm
- Mô tả: Bàn sử dụng chất liệu bằng gỗ cao su loại AA đã qua tấm sấy, chống mối mọt, cong vênh, dày 18mm, sơn phủ pu bóng Bàn có ngăn hộc dài sát đất bao gồm 1 ngăn kéo + 1 cánh tủ có khóa an toàn; có 1 khay để bàn phím và 1 kệ CPU; ngăn bàn các tấm chắn làm bằng gỗ dày 18mm
";2450000;405/2025/252/CTTĐG-VNVIC;16/12/2025;…;Bùi Thị Trà Giang
1264;;Ghế gập;cái;"Ghế gập: 
- Kích thước: R460xS515xC890 mm
- Mô tả: Kết cấu vững chắc với khung Inox D22, đệm tựa mút bọc PVC
- Ghế có thể gấp lại tiện dụng
";440000;405/2025/252/CTTĐG-VNVIC;16/12/2025;…;Bùi Thị Trà Giang
1265;;Ghế  cho giáo viên;Cái;"Ghế cho giáo viên
Kích thước: R320 x S320 mm x C350/600 mm 
Vật liệu: Gỗ sao sughép thanh cao cấp loại 1 (AA) dày 18mm được chứng nhận phù hợp TCVN 8575:2010, đã qua xử lý chống ẩm mốc, mối mọt, không cong vênh, sơn phủ bóng cao cấp đảm bảo tính thẩm mỹ Chân gỗ tự nhiên 18 x 55 mm, có giằng 55 x 18mm quây xung quanh mặt ngồi và giằng chân 30 x 18mm đảm bảo chắc chắn Sản phẩm được đăng ký nhãn hiệu và sản xuất bởi nhà sản xuất đạt tiêu chuẩn ISO 9001:2015, ISO 14001: 2015
";485000;405/2025/252/CTTĐG-VNVIC;16/12/2025;…;Bùi Thị Trà Giang
1266;;Ghế cho trẻ;Cái;"Ghế cho trẻ
Kích thước: R280 x S290 mm x C280/560mm
Dung sai kích thước ± 5mm
Vật liệu: Gỗ cao su ghép thanh cao cấp loại 1 (AA) dày 18mm được chứng nhận phù hợp TCVN 8575:2010, đã qua xử lý chống ẩm mốc, mối mọt, không cong vênh, sơn phủ bóng cao cấp đảm bảo tính thẩm mỹ Chân gỗ tự nhiên 35 x 35mm, có giằng 50x 18mm quây xung quanh mặt ngồi đảm bảo chắc chắn Sản phẩm được đăng ký nhãn hiệu và sản xuất bởi nhà sản xuất đạt tiêu chuẩn ISO 9001:2015, ISO 14001: 2015
";386000;405/2025/252/CTTĐG-VNVIC;16/12/2025;…;Bùi Thị Trà Giang
1267;;Tủ để trang phục biểu diễn;Cái;"Tủ đựng trang phục múa
 KT tủ:  1200 mm x 500 mmx 1500 mm
 Vật liệu: Bằng gỗ cao su loại 1 (AA) dày 18mm, lưng tủ dày 10mm, không mắt đã qua xử lý chống ẩm mốc, mối mọt, không cong vênh,đảm bảo tính thẩm mỹ bền đẹp của sản phẩmTủ có cánh gỗ kết hợp với mica dày 5mm, có suốt inox treo trang phục,";4320000;405/2025/252/CTTĐG-VNVIC;16/12/2025;…;Bùi Thị Trà Giang
1268;;Gương múa;m2;"Gương ốp tường:
- Kích thước: R8900xC2000mm
- Gương tấm khổ lớn mài vát cạnh, dày 5 mm, bắt cố định vào tường bằng keo công nghiệp kết hợp với kẹp, vít chuyên dụng, xung quanh hệ gương được nẹp sập nhôm trắng sứ nhằm tăng độ liên kết và tạo thẩm mỹ
";600000;405/2025/252/CTTĐG-VNVIC;16/12/2025;…;Bùi Thị Trà Giang
1269;;Gióng múa cho trẻ;m;"Tay vịn gỗ:
- Tay vịn làm bằng gỗ D42, cách sàn 600mm, làm chân đỡ tay vịn, chân làm bằng inox D38, vít chặt xuống sàn";400000;405/2025/252/CTTĐG-VNVIC;16/12/2025;…;Bùi Thị Trà Giang
1270;;Gióng múa cho cô;m;"Tay vịn gỗ:
- Tay vịn làm bằng gỗ D60, cách sàn 1000mm, làm chân đỡ tay vịn, chân làm bằng inox D38, vít chặt xuống sàn";400000;405/2025/252/CTTĐG-VNVIC;16/12/2025;…;Bùi Thị Trà Giang
1271;;Bảng từ đa năng;Cái;"Bảng từ đa năng
 
  Bảng từ xanh viết bằng phấn dễ dàng, khả năng bám phấn tốt, ít bụi
 
  Bảng có chân di dộng giúp dễ dàng di chuyển từ nơi này sang nơi khác
 
  Mặt bảng có từ tính, có thể đính tài liệu, thông báo, biểu đồ bằng nam châm
 
 Bảng có khả năng chống lóa tốt, đảm bảo nhìn rõ chữ dù ngồi xa hay nhìn nghiêng
 Kt bảng: 800x1200mm";750000;405/2025/252/CTTĐG-VNVIC;16/12/2025;…;Bùi Thị Trà Giang
1272;;Đàn organ điện tử dùng cho giáo viên;Cái;"Đàn piano dùng cho giáo viên
 Rộng:1357 mm x Cao:815 mm x Sâu:422 mm 
 Số phím: 88
 Công nghệ phím: GH3 keyboard with synthetic ivory key tops Mặt phím trắng Ngà Voi tổng hợp
 Độ nhạy phím: Hard / Medium / Soft / Fixed - Mạnh /Vừa /Nhẹ /Tắt
 Pedal 
 Số pedal: 3
 Haft Pedal: Có 
 - Pedal có độ nhạy rất cao tương đương piano cơ
 Chức năng pedal: Damper, Sostenuto, Soft
 Ngôn ngữ: Tiếng Anh
 Nắp che phím: Sliding - Kiểu trượt
 Giá để bản nhạc: Có
 Voice 
 - Âm sắc 
 Âm thanh Piano: Lấy mẫu 88 phím Reverb 
 - Âm vang: Có
  Polyphony 
 - Độ phân giải: 192 nốt
 Số tiếng: 10
 Reverb: 4 mẫu âm vang
 Kiểm soát âm thanh thông minh (IAC): Có 
 - Stereophonic Optimizer: Có 
 - Âm thanh Stereo 
 Damper Resonance: Có 
 - Âm thanh cộng hưởng
 String Resonance: Có 
 - Cộng hưởng dây 
 Smooth Release: Có 
 - Nhả phím nhẹ 
 Key-Off Samples: Có 
 - Âm thanh nhấc phím cơ
 Function 
 - Chức năng
  Layer: Có 
 - Ghép 2 tiếng
 Duo: Có 
 - Đàn 2 người 
 Metronome: 5 – 280 / Máy đếm nhịp
 Transpose: -6 – 0 – +6
 Tuner: 4148 – 4400 – 4668 Hz
 Thu âm
 Thu âm: Có
 App thông minh
 Smart Pianist: Chỉ tương tích YDP 105-144 -164";21500000;405/2025/252/CTTĐG-VNVIC;16/12/2025;…;Bùi Thị Trà Giang
1273;;Đàn Organ điện tử dùng cho học sinh + chân đàn ;Cái;"Đàn Organ điện tử dùng cho học sinh:
 61 phím kích thước như Piano, có hỗ trợ Velocity sensitive
 48-note polyphony
 600 Tones
 100 Arpeggiators
 195 Nhịp điệu tự động đệm
 161 bài hát tích hợp
 Hiệu ứng kỹ thuật số nâng cao mới
 Màn hình LCD lớn hơn mới
 32 - thiết lập bộ nhớ đăng ký
 Hệ thống bài học nâng cấp
 5 bài hát, 6-track ghi
 Sustain pedal jack
 Đầu vào âm thanh để kết nối thiết bị bên ngoài
 Cổng USB-MIDI tương thích với lớp học, kết nối với mọi thiết bị Mac, PC, Android hoặc iOS (không cần trình điều khiển hoặc cài đặt)
 Hoạt động bằng pin hoặc bộ chuyển đổi AC đi kèm Bộ sản phẩm gồm bao da, phụ kiện và chân đế đàn đôi bằng thép sơn tĩnh điện màu đen";4750000;405/2025/252/CTTĐG-VNVIC;16/12/2025;…;Bùi Thị Trà Giang
1274;;Ghế ngồi đàn;Cái;"Ghế ngồi đàn:  
 - Kích thước: 300x600mm Làm bằng sắt sơn tĩnh điện màu đen, mặt ngồi là đệm bọc da";580000;405/2025/252/CTTĐG-VNVIC;16/12/2025;…;Bùi Thị Trà Giang
1275;;Micro không dây;Bộ (2 micro);"Micro
- Dải tần lựa chọn: 740MHz – 820MHz
- Dải tần số lựa chọn băng thông: 80MHz
- Chế độ điều chỉnh: FM
- Tần số đáp ứng: 50Hz ~ 18kHz
- Số lượng kênh điều chỉnh: 500/1000
- Độ nhạy đầu vào thực tế: >15dB
- Khoảng cách hoạt động ổn định: <100 mét
- THD: <05% (@1KHz)
- Tỷ số S / N> 80dB
- Công suất: ≦ 50mW
- Nguồn điện: DC 12-16V,  1200mA
- Màn hình: LCD + màn hình backlit nhiều màu
";4675000;405/2025/252/CTTĐG-VNVIC;16/12/2025;…;Bùi Thị Trà Giang
1276;;Ampli;Cái;"Âm ly
  Nguồn điện 220-240V AC hoặc 24V DC
Công Suất ra    120W
Đáp tuyến tần số    50-20,000Hz
Độ méo tiếng    Dưới 1%
Ngõ vào    Mic 1-3: -60dB 600Ω Cân bằng
AUX 1,2: -20dB, 10kΩ không cân bằng, CRA
Ngõ ra    -
Trở kháng cao    83Ω
Trở kháng thấp    4Ω (22V)
Ngõ ra âm thanh    0 dB(10mA), 600Ω, không cân bằng, Jắc cắm hoa sen(RCA)
Nguồn Phantom    Mic1
Điều chỉnh âm sắc    Bass/Treble
Thành phẩm    Mặt trước: Nhựa ABS, màu đen/Vỏ: Thép, Sơn màu đen
Kích thước    420(R)x 1009© 3603(S)mm
";5100000;405/2025/252/CTTĐG-VNVIC;16/12/2025;…;Bùi Thị Trà Giang
1277;;Loa hộp;Cái;"Loa hộp:
 Công suất định mức: 60 W
 Công suất tối đa: 180W
 Trở kháng: 8Ohms
 Độ nhạy: 92 dB (1W, 1m)
 Đáp tuyến tần số: 65Hz~20KHz
 Tần số cắt: 25KHz
 Củ loa bass: 204mm
 Củ loa treble: 254mm
 Vỏ: nhựa HIPS,trắng,  đen
 Kích thước: 244 x 373 x 235mm
 Trọng lượng: 65 kg";3500000;405/2025/252/CTTĐG-VNVIC;16/12/2025;…;Bùi Thị Trà Giang
1278;;Dây loa ;m;"Dây loa 
- Có 2 lớp bọc chống thông khí
- Chất liệu bằng đồng nguyên chất sợi đồng sáng và mềm
- Lõi đốt không đen
- Chất âm trong, mạnh mẽ và mịn màng
";25000;405/2025/252/CTTĐG-VNVIC;16/12/2025;…;Bùi Thị Trà Giang
1279;;Giá treo loa và phụ kiện;Cái;"Phụ kiện lắp đặt
Giá treo loa +(Dây Điện, dây loa,ghen điện, Jack kết nối, băng keo, đinh vít) 
";1450000;405/2025/252/CTTĐG-VNVIC;16/12/2025;…;Bùi Thị Trà Giang
1280;;Tủ đựng thiết bị âm thanh (Tủ rack 8U);Cái;"Tủ đựng thiết bị âm thanh:
- Tủ gỗ 8U có ngăn để mixer
- Kích thước: ~64 x 419 x 5461 cm";1350000;405/2025/252/CTTĐG-VNVIC;16/12/2025;…;Bùi Thị Trà Giang
1281;;Tivi thông minh 65inch+ giá treo và phụ kiện ;Cái;"Smart Tivi QLED Samsung 4K 65 inch QA65Q65D
Loại Tivi:Smart Tivi QLED
Kích cỡ màn hình:65 inch
Độ phân giải:4K (Ultra HD)
Loại màn hình:Đèn nền: LED viền kết hợp Dual LED, Tấm nền: Hãng không công bố
Hệ điều hành:Tizen™
Chất liệu chân đế:Nhựa
Chất liệu viền tivi:Nhựa
Nơi sản xuất:Việt Nam
Năm ra mắt: 2024
Công nghệ hình ảnh:
Supreme UHD Dimming
Quantum HDR
Quantum Dot
Dual LED
4K Upscaling
Chuyển động mượt Motion Xcelerator
Super Ultra Wide Game View & Game Bar
Giảm độ trễ chơi game Auto Low Latency Mode (ALLM)
Căn chỉnh hình ảnh tự động bảo vệ mắt EyeComfort
Chế độ Game Motion Plus
Ambient Mode
Bộ xử lý:Bộ xử lý Quantum 4K Lite
Tần số quét thực: 60 Hz
Điều khiển tivi bằng điện thoại:
SmartThings
Điều khiển bằng giọng nói:
Tìm kiếm giọng nói trên YouTube bằng tiếng Việt
Bixby có tiếng Việt
Chiếu hình từ điện thoại lên TV:
Tap View
Screen Mirroring
AirPlay 2
Remote thông minh:
Điều khiển One Remote Control tích hợp Solar Cell Remote
Kết nối ứng dụng các thiết bị trong nhà:
SmartThings
Ứng dụng phổ biến:
YouTube
Netflix
Clip TV
FPT Play
MyTV
VieON
Spotify
Trình duyệt web
Amazon Prime video
Apple TV
Tiện ích thông minh khác:
Built in IoT Hub kết nối các thiết bị IoT mà không cần dongle
Multi View chia nhỏ màn hình tivi (có thể kết nối camera gắn rời)
Samsung Daily+ quản lý hoạt động mỗi ngày
Bản đồ 3D các thiết bị kết nối sống động
Công nghệ âm thanh
Tổng công suất loa:
20W
Số lượng loa:
Hãng không công bố
Âm thanh vòm:
Âm thanh chuyển động theo hình ảnh OTS Lite
Các công nghệ khác:
Q-Symphony Next kết hợp loa tivi với loa thanh
Adaptive Sound 
Cổng kết nối
Kết nối Internet:Wi-FiCổng mạng LAN
Kết nối không dây:Bluetooth (Kết nối bàn phím, chuột)
USB2 cổng USB A
Cổng nhận hình ảnh, âm thanh:3 cổng HDMI có 1 cổng HDMI eARC (ARC)
Cổng xuất âm thanh:1 cổng Optical (Digital Audio), 1 cổng eARC (ARC)
Thông tin lắp đặt
Kích thước có chân, đặt bàn:Ngang 145 cm - Cao 8971 cm - Dày 2902 cm
Khối lượng có chân:218 Kg
Kích thước không chân, treo tường:Ngang 145 cm - Cao 8314 cm - Dày 257 cm
Khối lượng không chân:209 Kg
Hãng:Samsung ";16000000;405/2025/252/CTTĐG-VNVIC;16/12/2025;…;Bùi Thị Trà Giang
1282;;Giá để giày dép;Cái;"Giá để giày dép:
- Kích thước: R1200xS300xC800 mm (chiều cao tính cả bánh xe)
- Giá có thiết kế chia 4 đợt, các đợt bố trí đặt dốc 15 độ, phía ngoài có gờ đỡ Giá có hậu, hậu dày 10mmTrên các đợt bố trí các thanh gỗ R50xS18xD300mm chia ngăn để giầy, dép Chất liệu giá bằng gỗ cao su loại AA dày 18mm Gỗ đã qua xử lý chống ẩm mốc, mối mọt, không cong vênh, đảm bảo tính thẩm mỹ, bền đẹp của sản phẩm Giá để để vân gỗ tự nhiên,  sơn PU bóng
- Giá thiết kế có bánh xe, có chốt phanh nên rất linh động trong việc di chuyển, thay đổi, sắp xếp đồ trong phòng 
";1220000;405/2025/252/CTTĐG-VNVIC;16/12/2025;…;Bùi Thị Trà Giang
1283;;Băng ghế để trẻ thay giầy dép;Cái;"Băng ghế để trẻ đọc sách+thay giày dép
 - Kích thước: D1200xR300xC350 mm (chiều cao tính đệm)
 - Băng ghế được thiết kế có đệm bọc nỉ dày 50mm đặt trên mặt, có 2 gờ chặn 2 đầu Phía dưới băng ghế chia 3 ngăn để đồChất liệu khung ghế bằng gỗ cao su loại AA dày 18mmGỗ đã qua xử lý chống ẩm mốc, mối mọt, không cong vênh,đảm bảo tính thẩm mỹ, bền đẹp của sản phẩm Khung ghế để để vân gỗ tự nhiên, sơn PU bóng";1350000;405/2025/252/CTTĐG-VNVIC;16/12/2025;…;Bùi Thị Trà Giang
1284;;Cây nước ấm lạnh ;Cái;"CÂY NƯỚC NÓNG LẠNH HÒA PHÁT HWP B2CI:
Loại: Nóng Ấm + Lạnh
Kiểu bình: Âm thân (hút bình)
Nhiệt độ nước nóng: 45 độ C, Lạnh: 10 độ C
Công nghệ làm lạnh: Block
Công suất làm nóng: 450 W Công suất làm lạnh: 
75 W
Gas sử dụng: R134a Nguồn điện áp: b220V/50Hz
Kích thước (Rộng x cao x sâu): 325 x 1055 x 310 
(mm)
Trọng lượng sản phẩm: 14kg
Xuất xứ thương hiệu: Việt Nam Sản xuất tại: 
Trung Quốc
Bảo hành: 28 tháng";3850000;405/2025/252/CTTĐG-VNVIC;16/12/2025;…;Bùi Thị Trà Giang
1285;;Tủ để cây ấm lạnh có giá  để cốc;Cái;"Tủ để cây ấm lạnh có giá để cốc: 
- Kích thước tủ:  R1100xS400xC1200mm
- Chất liệu bằng gỗ cao su AA đã qua tấm sấy, chống mối mọt, cong vênh, dày 18mm Toàn bộ khung tủ sơn pu bóng Tủ chia làm 2 khoang, 1 khoang để cây ấm lạnh, 1 khoang chia làm 2 ngăn Ngăn trên chia làm 2 đợt, có 2 cánh mở cắt họa tiết CNC hình bông hoa, sâu 250mm Ngăn dưới có 2 đợt giá nan inox 304 để cốc, phía dưới có khay hứng nước bằng inox, bên ngoài là 2 cánh mở tay nắm âm (móc vát) Ngăn tủ dưới sâu 400mm Các góc cạnh gia công mép tròn, đảm bảo thẩm mỹ và an toàn khi sử dụng
";3250000;405/2025/252/CTTĐG-VNVIC;16/12/2025;…;Bùi Thị Trà Giang
1286;;Thùng rác;Cái;Thùng rác: Thùng rác được làm từ nhựa PP cao cấp, cho độ bền cao, khả năng chống lão hóa tốtKích thước: 345 x 34 x 44 cm;200000;405/2025/252/CTTĐG-VNVIC;16/12/2025;…;Bùi Thị Trà Giang
1287;;Đồng hồ treo tường;Cái;Đồng hồ :- Kích thước: 370x360x50 mm- Mô tả: Chất liệu nhựa bền đẹp, chắc chắn;350000;405/2025/252/CTTĐG-VNVIC;16/12/2025;…;Bùi Thị Trà Giang
1288;;Cốc uống nước;Cái;"Cốc uống nước:
- Kích thước:  70mm
- Mô tả: Vật liệu inox 304, miệng cốc không viền, đảm bảo an toàn vệ sinh khi sử dụng
";20000;405/2025/252/CTTĐG-VNVIC;16/12/2025;…;Bùi Thị Trà Giang
1289;;Ổ cắm kéo dài đa năng kết hợp 5 ổ;Cái;"Ổ cắm kéo dài đa năng kết hợp 5 ổ
Ổ cắm điện có 5 lỗ 3 chấu, đa năng và có 5 công tắc đi kèm
Mỗi ổ cắm đều có nắp che, hạn chế tối đa bị phóng tia lửa điện, chống rò rỉ điện, chống giật hiệu quả, an toàn cho trẻ nhỏ
Ổ cắm được làm bằng hạt nhựa ABS nhập khẩu chịu nhiệt độ cao,chống cháy Chịu tải cao: Max 3200W, 2 lõi dây đồng:  2*1mm
- Điện áp: 220V/ 50Hz
";235000;405/2025/252/CTTĐG-VNVIC;16/12/2025;…;Bùi Thị Trà Giang
1290;;Rèm cầu vồng ;m2;"Rèm cầu vồng: 
 - Kích thước: R2400xC1900 mm
 - Mô tả: Vải sợi cơ bản polyester 100% với hai vân vải xen kẽ nhau và cách nhau khoảng 8-10cm Hai vân vải bao gồm: 1 vân vải chính và 1 vân vải voan được dệt mỏng Hộp rèm bao gồm tất cả các linh kiện hộp rèm phía trên, thanh ray trục xoay rèm Tất cả các bộ phận này đều được làm bằng hợp kim nhôm chống rỉ sét, có độ bền rất cao,";430000;405/2025/252/CTTĐG-VNVIC;16/12/2025;…;Bùi Thị Trà Giang
1291;;Kệ để đồ chơi đa năng ;Cái;"Giá để đồ chơi đa năng
 - Kích thước: R1200xS300xC800 mm (chiều cao tính cả bánh xe)
 - Giá được thiết kế không có hậu, để thông 02 mặt, gồm 3 tầng (4 đợt) Giá có 2 hồi có gờ cao lên 30 mm so với mặt giá và có khoét lỗ tay cầm hình tròn Chất liệu giá bằng gỗ cao su loại AA dày 18mm Gỗ đã qua xử lý chống ẩm mốc, mối mọt, không cong vênh,đảm bảo tính thẩm mỹ, bền đẹp của sản phẩm Giá để để vân gỗ tự nhiên, sơn PU bóng
 - Giá thiết kế có bánh xe, có chốt phanh nên rất linh động trong việc di chuyển, thay đổi, sắp xếp đồ trong phòng";1120000;405/2025/252/CTTĐG-VNVIC;16/12/2025;…;Bùi Thị Trà Giang
1292;;Bàn lục giác;Cái;"Chất liệu sử dụng: Gỗ cao su tự nhiên tiêu chuẩn AA dày 18mm xử lý và hoàn thiện chống thấm nước Chân sắt Oval 30x60mm loại dày 12mm sơn tĩnh điện
 Màu sắc: Gỗ sơn màu tự nhiên Chân sắt sơn tĩnh điện trắng hoặc đen
 Kích thước phủ bì (DxR): 100x866x52(cm)
 Phụ kiện: Chân có tán nhựa điều chỉnh chiều chiều cao";1587667;405/2025/252/CTTĐG-VNVIC;16/12/2025;…;Bùi Thị Trà Giang
1293;;Loa âm trần;cái ;;2785000;405/2025/252/CTTĐG-VNVIC;16/12/2025;…;Bùi Thị Trà Giang
1294;;Máy trợ giảng;Cái;"Bộ mic trợ giảng không dây:                                    
Công suất loa phát (với mic): RMS 15W
Công suất cực đại tối đa: PMPO 30W
Thời gian sạc: 6 giờ
Thời lượng pin (mic): ~4 giờ
Thời lượng pin máy: ~8 giờ
Kích thước thân máy: 13,5 (cao) x 11 (rộng) x 3,7 (dày)
Cổng sạc: DC5V/1A
Hỗ trợ kết nối: USB 20 / Bluetooth 50 / TF Card tối đa 32G / Aux 35 line inHỗ trợ chức năng:  USB, Ghi âm, FM, Thẻ nhớ, Bluetooth 50
Phụ kiện đi kèm: 1 Micro ko dây, kẹp đế,  dây sạc,  dây 35mm, dây đeo
";1300000;405/2025/252/CTTĐG-VNVIC;16/12/2025;…;Bùi Thị Trà Giang
1295;;Bộ đồ chơi cảm thụ âm nhạc cho trẻ các lứa tuổi;Bộ;"Đồ Chơi Peek A Boo Bộ 6 Nhạc Cụ  Cho Bé PAB015
*Sản phẩm tích hợp những nhạc cụ cơ bản thường gặp giúp bé phát triển khả năng âm nhạc từ bé
*Sản phẩm gồm: đàn ukulele, trống littedrum,microphone,timbrels,xylophone,sand hammer Giúp các bé phát triển trí trí tạo,và cả kỹ năng mềm";699000;405/2025/252/CTTĐG-VNVIC;16/12/2025;…;Bùi Thị Trà Giang
1296;;Bàn làm việc;Cái;"Bàn giáo viên: 
- Kích thước: R1200xS600xC750 mm
- Mô tả: Bàn sử dụng chất liệu bằng gỗ cao su loại AA đã qua tấm sấy, chống mối mọt, cong vênh, dày 18mm, sơn phủ pu bóng Bàn có ngăn hộc dài sát đất bao gồm 1 ngăn kéo + 1 cánh tủ có khóa an toàn; có 1 khay để bàn phím và 1 kệ CPU; ngăn bàn các tấm chắn làm bằng gỗ dày 18mm
";2450000;405/2025/252/CTTĐG-VNVIC;16/12/2025;…;Bùi Thị Trà Giang
1297;;Ghế gập;cái;"Ghế gập: 
- Kích thước: R460xS515xC890 mm
- Mô tả: Kết cấu vững chắc với khung Inox D22, đệm tựa mút bọc PVC
- Ghế có thể gấp lại tiện dụng
";440000;405/2025/252/CTTĐG-VNVIC;16/12/2025;…;Bùi Thị Trà Giang
1298;;Bàn cho trẻ;Cái;"Bàn cho trẻ:
- KT: D900 x R500 x C520(mm)
- Mặt bàn bằng gỗ cao su loại AA đã qua tấm sấy, chống mối mọt, cong vênh, dày 18mm, sơn phủ PU bóng Chân bàn bằng thép ống Φ 22 sơn tĩnh điện, có núm bọc bằng cao su, có thể gấp lại dễ dàng, đảm bảo chắc chắn, an toàn Các góc cạnh gia công mép tròn, đảm bảo thẩm mỹ và an toàn khi sử dụng
";550000;405/2025/252/CTTĐG-VNVIC;16/12/2025;…;Bùi Thị Trà Giang
1299;;Ghế nhựa cho trẻ;Cái;"Ghế cho trẻ
Kích thước: R280 x S290 mm x C280/560mm
Dung sai kích thước ± 5mm
Vật liệu: Gỗ cao su ghép thanh cao cấp loại 1 (AA) dày 18mm được chứng nhận phù hợp TCVN 8575:2010, đã qua xử lý chống ẩm mốc, mối mọt, không cong vênh, sơn phủ bóng cao cấp đảm bảo tính thẩm mỹ Chân gỗ tự nhiên 35 x 35mm, có giằng 50x 18mm quây xung quanh mặt ngồi đảm bảo chắc chắn Sản phẩm được đăng ký nhãn hiệu và sản xuất bởi nhà sản xuất đạt tiêu chuẩn ISO 9001:2015, ISO 14001: 2015
";386000;405/2025/252/CTTĐG-VNVIC;16/12/2025;…;Bùi Thị Trà Giang
1300;;Ghế nhựa cho giáo viên;Cái;"Ghế cho giáo viên
Kích thước: R320 x S320 mm x C350/600 mm 
Vật liệu: Gỗ sao sughép thanh cao cấp loại 1 (AA) dày 18mm được chứng nhận phù hợp TCVN 8575:2010, đã qua xử lý chống ẩm mốc, mối mọt, không cong vênh, sơn phủ bóng cao cấp đảm bảo tính thẩm mỹ Chân gỗ tự nhiên 18 x 55 mm, có giằng 55 x 18mm quây xung quanh mặt ngồi và giằng chân 30 x 18mm đảm bảo chắc chắn Sản phẩm được đăng ký nhãn hiệu và sản xuất bởi nhà sản xuất đạt tiêu chuẩn ISO 9001:2015, ISO 14001: 2015
";485000;405/2025/252/CTTĐG-VNVIC;16/12/2025;…;Bùi Thị Trà Giang
1301;;Kệ để đồ chơi đa năng;Cái;"Giá để đồ chơi đa năng
 - Kích thước: R1200xS300xC800 mm (chiều cao tính cả bánh xe)
 - Giá được thiết kế không có hậu, để thông 02 mặt, gồm 3 tầng (4 đợt) Giá có 2 hồi có gờ cao lên 30 mm so với mặt giá và có khoét lỗ tay cầm hình tròn Chất liệu giá bằng gỗ cao su loại AA dày 18mm Gỗ đã qua xử lý chống ẩm mốc, mối mọt, không cong vênh,đảm bảo tính thẩm mỹ, bền đẹp của sản phẩm Giá để để vân gỗ tự nhiên, sơn PU bóng
 - Giá thiết kế có bánh xe, có chốt phanh nên rất linh động trong việc di chuyển, thay đổi, sắp xếp đồ trong phòng";1120000;405/2025/252/CTTĐG-VNVIC;16/12/2025;…;Bùi Thị Trà Giang
1302;;Tivi thông minh 65inch+ giá treo và phụ kiện ;Cái;"Smart Tivi QLED Samsung 4K 65 inch QA65Q65D
Loại Tivi:Smart Tivi QLED
Kích cỡ màn hình:65 inch
Độ phân giải:4K (Ultra HD)
Loại màn hình:Đèn nền: LED viền kết hợp Dual LED, Tấm nền: Hãng không công bố
Hệ điều hành:Tizen™
Chất liệu chân đế:Nhựa
Chất liệu viền tivi:Nhựa
Nơi sản xuất:Việt Nam
Năm ra mắt: 2024
Công nghệ hình ảnh:
Supreme UHD Dimming
Quantum HDR
Quantum Dot
Dual LED
4K Upscaling
Chuyển động mượt Motion Xcelerator
Super Ultra Wide Game View & Game Bar
Giảm độ trễ chơi game Auto Low Latency Mode (ALLM)
Căn chỉnh hình ảnh tự động bảo vệ mắt EyeComfort
Chế độ Game Motion Plus
Ambient Mode
Bộ xử lý:Bộ xử lý Quantum 4K Lite
Tần số quét thực: 60 Hz
Điều khiển tivi bằng điện thoại:
SmartThings
Điều khiển bằng giọng nói:
Tìm kiếm giọng nói trên YouTube bằng tiếng Việt
Bixby có tiếng Việt
Chiếu hình từ điện thoại lên TV:
Tap View
Screen Mirroring
AirPlay 2
Remote thông minh:
Điều khiển One Remote Control tích hợp Solar Cell Remote
Kết nối ứng dụng các thiết bị trong nhà:
SmartThings
Ứng dụng phổ biến:
YouTube
Netflix
Clip TV
FPT Play
MyTV
VieON
Spotify
Trình duyệt web
Amazon Prime video
Apple TV
Tiện ích thông minh khác:
Built in IoT Hub kết nối các thiết bị IoT mà không cần dongle
Multi View chia nhỏ màn hình tivi (có thể kết nối camera gắn rời)
Samsung Daily+ quản lý hoạt động mỗi ngày
Bản đồ 3D các thiết bị kết nối sống động
Công nghệ âm thanh
Tổng công suất loa:
20W
Số lượng loa:
Hãng không công bố
Âm thanh vòm:
Âm thanh chuyển động theo hình ảnh OTS Lite
Các công nghệ khác:
Q-Symphony Next kết hợp loa tivi với loa thanh
Adaptive Sound 
Cổng kết nối
Kết nối Internet:Wi-FiCổng mạng LAN
Kết nối không dây:Bluetooth (Kết nối bàn phím, chuột)
USB2 cổng USB A
Cổng nhận hình ảnh, âm thanh:3 cổng HDMI có 1 cổng HDMI eARC (ARC)
Cổng xuất âm thanh:1 cổng Optical (Digital Audio), 1 cổng eARC (ARC)
Thông tin lắp đặt
Kích thước có chân, đặt bàn:Ngang 145 cm - Cao 8971 cm - Dày 2902 cm
Khối lượng có chân:218 Kg
Kích thước không chân, treo tường:Ngang 145 cm - Cao 8314 cm - Dày 257 cm
Khối lượng không chân:209 Kg
Hãng:Samsung ";16000000;405/2025/252/CTTĐG-VNVIC;16/12/2025;…;Bùi Thị Trà Giang
1303;;Bộ mic trợ giảng không dây;Bộ;"Bộ mic trợ giảng không dây:                                    
Công suất loa phát (với mic): RMS 15W
Công suất cực đại tối đa: PMPO 30W
Thời gian sạc: 6 giờ
Thời lượng pin (mic): ~4 giờ
Thời lượng pin máy: ~8 giờ
Kích thước thân máy: 13,5 (cao) x 11 (rộng) x 3,7 (dày)
Cổng sạc: DC5V/1A
Hỗ trợ kết nối: USB 20 / Bluetooth 50 / TF Card tối đa 32G / Aux 35 line inHỗ trợ chức năng:  USB, Ghi âm, FM, Thẻ nhớ, Bluetooth 50
Phụ kiện đi kèm: 1 Micro ko dây, kẹp đế,  dây sạc,  dây 35mm, dây đeo
";1300000;405/2025/252/CTTĐG-VNVIC;16/12/2025;…;Bùi Thị Trà Giang
1304;;Ampli;Cái;"Âm ly
  Nguồn điện 220-240V AC hoặc 24V DC
Công Suất ra    120W
Đáp tuyến tần số    50-20,000Hz
Độ méo tiếng    Dưới 1%
Ngõ vào    Mic 1-3: -60dB 600Ω Cân bằng
AUX 1,2: -20dB, 10kΩ không cân bằng, CRA
Ngõ ra    -
Trở kháng cao    83Ω
Trở kháng thấp    4Ω (22V)
Ngõ ra âm thanh    0 dB(10mA), 600Ω, không cân bằng, Jắc cắm hoa sen(RCA)
Nguồn Phantom    Mic1
Điều chỉnh âm sắc    Bass/Treble
Thành phẩm    Mặt trước: Nhựa ABS, màu đen/Vỏ: Thép, Sơn màu đen
Kích thước    420(R)x 1009© 3603(S)mm
";5100000;405/2025/252/CTTĐG-VNVIC;16/12/2025;…;Bùi Thị Trà Giang
1305;;Loa hộp;Cái;"Công suất định mức: 60 W
Công suất tối đa: 180W
Trở kháng: 8Ohms
Độ nhạy: 92 dB (1W, 1m)
Đáp tuyến tần số: 65Hz~20KHz
Tần số cắt: 25KHz
Củ loa bass: 204mm
Củ loa treble: 254mm
Vỏ: nhựa HIPS, trắng, đen
Kích thước: 244 x 373 x 235mm
Trọng lượng: 65 kg
";3500000;405/2025/252/CTTĐG-VNVIC;16/12/2025;…;Bùi Thị Trà Giang
1306;;Dây loa ;m;"Dây loa 
- Có 2 lớp bọc chống thông khí
- Chất liệu bằng đồng nguyên chất sợi đồng sáng và mềm
- Lõi đốt không đen
- Chất âm trong, mạnh mẽ và mịn màng
";25000;405/2025/252/CTTĐG-VNVIC;16/12/2025;…;Bùi Thị Trà Giang
1307;;Giá treo loa và phụ kiện;Cái;"Phụ kiện lắp đặt
Giá treo loa +(Dây Điện, dây loa,ghen điện, Jack kết nối, băng keo, đinh vít) 
";1450000;405/2025/252/CTTĐG-VNVIC;16/12/2025;…;Bùi Thị Trà Giang
1308;;Micro không dây ;Bộ (2 micro);"Micro
- Dải tần lựa chọn: 740MHz – 820MHz
- Dải tần số lựa chọn băng thông: 80MHz
- Chế độ điều chỉnh: FM
- Tần số đáp ứng: 50Hz ~ 18kHz
- Số lượng kênh điều chỉnh: 500/1000
- Độ nhạy đầu vào thực tế: >15dB
- Khoảng cách hoạt động ổn định: <100 mét
- THD: <05% (@1KHz)
- Tỷ số S / N> 80dB
- Công suất: ≦ 50mW
- Nguồn điện: DC 12-16V,  1200mA
- Màn hình: LCD + màn hình backlit nhiều màu
";4675000;405/2025/252/CTTĐG-VNVIC;16/12/2025;…;Bùi Thị Trà Giang
1309;;Tủ đựng thiết bị âm thanh (Tủ rack 8U);Cái;"Tủ đựng thiết bị âm thanh:
- Tủ gỗ 8U có ngăn để mixer
- Kích thước: ~64 x 419 x 5461 cm";1350000;405/2025/252/CTTĐG-VNVIC;16/12/2025;…;Bùi Thị Trà Giang
1310;;Bảng từ đa năng;Cái;"Bảng từ đa năng
Bảng từ xanh viết bằng phấn dễ dàng, khả năng bám phấn tốt, ít bụi
Bảng có chân di dộng giúp dễ dàng di chuyển từ nơi này sang nơi khác
Mặ bảng có từ tính, có thể đính tài liệu, thông báo, biểu đồ bằng nam châm
Bảng có khả năng chống lóa tốt, đảm bảo nhìn rõ chữ dù ngồi xa hay nhìn nghiêng, 
Kt bảng: 800x1200mm
";750000;405/2025/252/CTTĐG-VNVIC;16/12/2025;…;Bùi Thị Trà Giang
1311;;Giá để giày dép;Cái;"Giá để giày dép:
- Kích thước: R1200xS300xC800 mm (chiều cao tính cả bánh xe)
- Giá có thiết kế chia 4 đợt, các đợt bố trí đặt dốc 15 độ, phía ngoài có gờ đỡ Giá có hậu, hậu dày 10mmTrên các đợt bố trí các thanh gỗ R50xS18xD300mm chia ngăn để giầy, dép Chất liệu giá bằng gỗ cao su loại AA dày 18mm Gỗ đã qua xử lý chống ẩm mốc, mối mọt, không cong vênh, đảm bảo tính thẩm mỹ, bền đẹp của sản phẩm Giá để để vân gỗ tự nhiên,  sơn PU bóng
- Giá thiết kế có bánh xe, có chốt phanh nên rất linh động trong việc di chuyển, thay đổi, sắp xếp đồ trong phòng 
";1220000;405/2025/252/CTTĐG-VNVIC;16/12/2025;…;Bùi Thị Trà Giang
1312;;Băng ghế để trẻ thay giầy dép;Cái;"Ghế băng trẻ ngồi cởi và đi giày dép
- Kích thước: D1200xR300xC350 mm (chiều cao tính đệm)
- Băng ghế được thiết kế có đệm bọc nỉ dày 50mm đặt trên mặt, có 2 gờ chặn 2 đầu Phía dưới băng ghế chia 3 ngăn để đồChất liệu khung ghế bằng gỗ cao su loại AA dày 18mmGỗ đã qua xử lý chống ẩm mốc, mối mọt, không cong vênh,đảm bảo tính thẩm mỹ, bền đẹp của sản phẩm Khung ghế để để vân gỗ tự nhiên, sơn PU bóng
";1350000;405/2025/252/CTTĐG-VNVIC;16/12/2025;…;Bùi Thị Trà Giang
1313;;Cây nước ấm lạnh ;Cái;"CÂY NƯỚC NÓNG LẠNH HÒA PHÁT HWP B2CI:
Loại: Nóng Ấm + Lạnh
Kiểu bình: Âm thân (hút bình)
Nhiệt độ nước nóng: 45 độ C, Lạnh: 10 độ C
Công nghệ làm lạnh: Block
Công suất làm nóng: 450 W Công suất làm lạnh: 
75 W
Gas sử dụng: R134a Nguồn điện áp: b220V/50Hz
Kích thước (Rộng x cao x sâu): 325 x 1055 x 310 
(mm)
Trọng lượng sản phẩm: 14kg
Xuất xứ thương hiệu: Việt Nam Sản xuất tại: 
Trung Quốc
Bảo hành: 28 tháng";3850000;405/2025/252/CTTĐG-VNVIC;16/12/2025;…;Bùi Thị Trà Giang
1314;;Tủ để cây ấm lạnh có giá để cốc;Cái;"Tủ để cây ấm lạnh có giá để cốc: 
- Kích thước tủ:  R1100xS400xC1200mm
- Chất liệu bằng gỗ cao su AA đã qua tấm sấy, chống mối mọt, cong vênh, dày 18mm Toàn bộ khung tủ sơn pu bóng Tủ chia làm 2 khoang, 1 khoang để cây ấm lạnh, 1 khoang chia làm 2 ngăn Ngăn trên chia làm 2 đợt, có 2 cánh mở cắt họa tiết CNC hình bông hoa, sâu 250mm Ngăn dưới có 2 đợt giá nan inox 304 để cốc, phía dưới có khay hứng nước bằng inox, bên ngoài là 2 cánh mở tay nắm âm (móc vát) Ngăn tủ dưới sâu 400mm Các góc cạnh gia công mép tròn, đảm bảo thẩm mỹ và an toàn khi sử dụng
";3250000;405/2025/252/CTTĐG-VNVIC;16/12/2025;…;Bùi Thị Trà Giang
1315;;Cốc uống nước;Cái;"Cốc uống nước:
- Kích thước:  70mm
- Mô tả: Vật liệu inox 304, miệng cốc không viền, đảm bảo an toàn vệ sinh khi sử dụng
";20000;405/2025/252/CTTĐG-VNVIC;16/12/2025;…;Bùi Thị Trà Giang
1316;;Thùng rác;Cái;Thùng rác: Thùng rác được làm từ nhựa PP cao cấp, cho độ bền cao, khả năng chống lão hóa tốtKích thước: 345 x 34 x 44 cm;200000;405/2025/252/CTTĐG-VNVIC;16/12/2025;…;Bùi Thị Trà Giang
1317;;Đồng hồ treo tường;Cái;Đồng hồ :- Kích thước: 370x360x50 mm- Mô tả: Chất liệu nhựa bền đẹp, chắc chắn;350000;405/2025/252/CTTĐG-VNVIC;16/12/2025;…;Bùi Thị Trà Giang
1318;;Ổ cắm kéo dài đa năng kết hợp 5 ổ;Cái;"Ổ cắm kéo dài đa năng kết hợp 5 ổ
Ổ cắm điện có 5 lỗ 3 chấu, đa năng và có 5 công tắc đi kèm
Mỗi ổ cắm đều có nắp che, hạn chế tối đa bị phóng tia lửa điện, chống rò rỉ điện, chống giật hiệu quả, an toàn cho trẻ nhỏ
Ổ cắm được làm bằng hạt nhựa ABS nhập khẩu chịu nhiệt độ cao,chống cháy Chịu tải cao: Max 3200W, 2 lõi dây đồng:  2*1mm
- Điện áp: 220V/ 50Hz
";235000;405/2025/252/CTTĐG-VNVIC;16/12/2025;…;Bùi Thị Trà Giang
1319;;Rèm cầu vồng ;m2;"Rèm cầu vồng:  
- Kích thước: R1200xC1900 mm,R1300xC1900mm
- Mô tả: Vải sợi cơ bản polyester 100% với hai vân vải xen kẽ nhau và cách nhau khoảng 8-10cm Hai vân vải bao gồm: 1 vân vải chính và 1 vân vải voan được dệt mỏng Hộp rèm bao gồm tất cả các linh kiện hộp rèm phía trên, thanh ray trục xoay rèm Tất cả các bộ phận này đều được làm bằng hợp kim nhôm chống rỉ sét, có độ bền rất cao,
";430000;405/2025/252/CTTĐG-VNVIC;16/12/2025;…;Bùi Thị Trà Giang
1320;;Kệ để thông tin trẻ và để sách ;Cái;"Giá để thông tin trẻ và giá sách: 
- Kích thước: R1200xS300xC800 mm (chiều cao tính cả bánh xe)
- Giá được thiết kế chia làm 4 ngăn, 4 tầng Hai hồi bên cạnh làm để văn gỗ, các mặt của các ngăn sơn bệt màu trắng Chất liệu giá bằng gỗ cao su loại AA dày 18mmGỗ đã qua xử lý chống ẩm mốc, mối mọt, không cong vênh, đảm bảo tính thẩm mỹ, bền đẹp của sản phẩm 
- Giá thiết kế có bánh xe, có chốt phanh nên rất linh động trong việc di chuyển, thay đổi, sắp xếp đồ trong phòng
";1420000;405/2025/252/CTTĐG-VNVIC;16/12/2025;…;Bùi Thị Trà Giang
1321;;Tủ đựng bản đồ ;Cái;"- Tủ bản đồ - Puzzle Map Cabinet 
Kích thước (cm):   61x455x405
Bộ sản phẩm gồm: Một tủ gỗ để chứa các bản đồ xếp hình lớn (không bao gồm bản đồ) Sẽ chứa bản đồ rộng 570-575mmhất liệu bằng gỗ cao su AA đã qua tấm sấy, chống mối mọt, cong vênh, dày 18mmKệ có 4 bánh xe cao su, có chốt phanh để tiện cho việc di chuyển
";2150000;405/2025/252/CTTĐG-VNVIC;16/12/2025;…;Bùi Thị Trà Giang
1322;;Kệ để thảm chơi;Cái;"Kệ để thảm chơi
Kích thước (cm ):  60x50x40
Chất liệu   Gỗ cao su
Kệ đựng thảm Montessori  
Sản phẩm bao gồm: Kệ đứng thảm được đóng từ gồ cao su loại AA 15mm đã qua tẩm sấy chống mối mọt, cong vênhKệ chia làm 8 ô để đồ 
";1350000;405/2025/252/CTTĐG-VNVIC;16/12/2025;…;Bùi Thị Trà Giang
1323;;Các thanh hạt cườm và  tủ hạt cườm;Cái;"Các thanh hạt cườm và tủ hạt cườm
Bộ sản phẩm gồm: 1 tủ gỗ 1 tủ gỗ có khay và giá treo để đựng cườm + bộ hạt cườm của tủ toán 
Chất liệu:  Gỗ cao su AA đã qua tấm sấy, chống mối mọt, cong vênh, dày 18mm
Kích thước (cm) 126x97
Tủ đựng hạt và chuỗi hạt màu  
";2520000;405/2025/252/CTTĐG-VNVIC;16/12/2025;…;Bùi Thị Trà Giang
1324;;Kệ thấp để đồ giáo viên;Cái;"Kệ thấp để đồ:  
- Kích thước: D1200xS300xC350mm
- Kệ được thiết kế không có hậu, để thông 02 mặt, có 1 tầng Kệ chia là 2 khoang Chất liệu giá bằng gỗ cao su loại AA dày 18mm Gỗ đã qua xử lý chống ẩm mốc, mối mọt, không cong vênh, đảm bảo tính thẩm mỹ, bền đẹp của sản phẩm Kệ để để vân gỗ tự nhiên, sơn PU bóng
- Kệ thiết kế có bánh xe, có chốt phanh nên rất linh động trong việc di chuyển, thay đổi, sắp xếp đồ trong phòng
";850000;405/2025/252/CTTĐG-VNVIC;16/12/2025;…;Bùi Thị Trà Giang
1325;;Kệ thấp để đồ trẻ;Cái;"Kệ thấp để đồ:  
- Kích thước: D1200xS300xC350mm
- Kệ  được thiết kế không có hậu, để thông 02 mặt,có 1 tầng Kệ chia là 2 khoang Chất liệu giá bằng gỗ cao su loại AA dày 18mm Gỗ đã qua xử lý chống ẩm mốc, mối mọt, không cong vênh, đảm bảo tính thẩm mỹ, bền đẹp của sản phẩm Kệ để để vân gỗ tự nhiên, sơn PU bóng
- Kệ thiết kế có bánh xe, có chốt phanh nên rất linh động trong việc di chuyển, thay đổi, sắp xếp đồ trong phòng
";850000;405/2025/252/CTTĐG-VNVIC;16/12/2025;…;Bùi Thị Trà Giang
1326;;Bàn bán nguyệt cho trẻ;Cái;"Bàn cho trẻ chơi (Bàn osin) bán nguyệt:
- Kích thước: mặt bàn bán nguyệt bán kính R400 x cao 250 mm
- Vật liệu: Bằng gỗ cao su AA, mặt bàn dày 18 mm, đã qua xử lý chống ẩm mốc, mối mọt, không cong vênh, được sơn phủ PU bóng đảm bảo tính thẩm mỹ bền đẹp của sản phẩm Sản phẩm được tạo hình bán nguyệt, các cạnh và góc bàn được bo tròn để đảm bảo an toàn và thẩm mỹ 
";850000;405/2025/252/CTTĐG-VNVIC;16/12/2025;…;Bùi Thị Trà Giang
1327;;Bàn lục giác ;Cái;"Chất liệu sử dụng: Gỗ cao su tự nhiên tiêu chuẩn AA dày 18mm xử lý và hoàn thiện chống thấm nước Chân sắt Oval 30x60mm loại dày 12mm sơn tĩnh điện
Màu sắc: Gỗ sơn màu tự nhiên Chân sắt sơn tĩnh điện trắng hoặc đen
Kích thước phủ bì (DxR): 100x866x52(cm)
Phụ kiện: Chân có tán nhựa điều chỉnh chiều chiều cao
";1587667;405/2025/252/CTTĐG-VNVIC;16/12/2025;…;Bùi Thị Trà Giang
1328;;Bàn ô sin hình vuông+ tròn ;Cái;"Bàn Ô sin hình vuông
Kích thước: 800 x 800 x 250 mm
Vật liệu: Gỗ cao su ghép thanh cao cấp loại AA dày 18mm, đã qua xử lý chống ẩm mốc, mối mọt, không cong vênh, sơn phủ bóng cao cấp đảm bảo tính thẩm mỹ bền đẹp của sản phẩm Bàn hình vuông, các cạnh và góc bàn được bo tròn để đảm bảo an toàn và thẩm mỹ  
";1000000;405/2025/252/CTTĐG-VNVIC;16/12/2025;…;Bùi Thị Trà Giang
1329;;Thảm nhỏ cho trẻ chơi;Cái;"Thảm chơi cho trẻ
Chất liệu: vải sợi cotton thô
Kích thước thảm 600x400mm,
";75000;405/2025/252/CTTĐG-VNVIC;16/12/2025;…;Bùi Thị Trà Giang
1330;;Thảm nhỡ cho trẻ chơi;Cái;Thảm chơi cho trẻThảm trung:  kích thước 60x80cmChất liệu: vải sợi cotton thô;120000;405/2025/252/CTTĐG-VNVIC;16/12/2025;…;Bùi Thị Trà Giang
1331;;Thảm lớn cho trẻ ;Cái;"Thảm chơi cho trẻ
Thảm to: kích thước 70x1100cmChất liệu: vải sợi cotton thô
";175000;405/2025/252/CTTĐG-VNVIC;16/12/2025;…;Bùi Thị Trà Giang
1332;;Bàn làm việc;Cái;"Bàn giáo viên: 
- Kích thước: R1200xS600xC750 mm
- Mô tả: Bàn sử dụng chất liệu bằng gỗ cao su loại AA đã qua tấm sấy, chống mối mọt, cong vênh, dày 18mm, sơn phủ pu bóng Bàn có ngăn hộc dài sát đất bao gồm 1 ngăn kéo + 1 cánh tủ có khóa an toàn; có 1 khay để bàn phím và 1 kệ CPU; ngăn bàn các tấm chắn làm bằng gỗ dày 18mm";2450000;405/2025/252/CTTĐG-VNVIC;16/12/2025;…;Bùi Thị Trà Giang
1333;;Ghế gập cho giáo viên ;cái;"Ghế gập: 
- Kích thước: R460xS515xC890 mm
- Mô tả: Kết cấu vững chắc với khung Inox D22, đệm tựa mút bọc PVC
- Ghế có thể gấp lại tiện dụng
";440000;405/2025/252/CTTĐG-VNVIC;16/12/2025;…;Bùi Thị Trà Giang
1334;;Bộ bàn ghế cho trẻ ;Cái;"Bàn ghế vi tính của trẻ (Bàn ghế kidsmart của trẻ)
 (Bao gồm 01 bàn + 01 ghế đôi) 
 Kích thước:
 Bàn: 900 x 500 x 550 mm 
 Ghế: 800 x 350 x 500 mm
 Vật liệu: Gỗ cao su ghép thanh cao cấp loại 1 (AA) dày 18mm, được chứng nhận phù hợp TCVN 8575:2010, đã qua xử lý chống ẩm mốc, mối mọt, không cong vênh, sơn phủ bóng cao cấp đảm bảo tính thẩm mỹ bền đẹp của sản phẩm Bộ bàn ghế được thiết kế cách điệu: Bàn có ray bàn phím, có chân cách điệu tạo hình quả táo với giằng chân chắc chắc, thiết kế có chỗ để CPU; Ghế có tựa, chân tạo hình quả táo và có giằng chắc chắn Đảm bảo chắc chắn, an toàn, thẩm mỹ Sản phẩm thiết kế phù hợp với giáo dục mầm non, kích thích trẻ học và chơi theo hướng dẫn của giáo viên Sản phẩm được đăng ký nhãn hiệu và sản xuất bởi nhà sản xuất đạt tiêu chuẩn ISO 9001:2015, ISO 14001: 2015";2132000;405/2025/252/CTTĐG-VNVIC;16/12/2025;…;Bùi Thị Trà Giang
1335;;Bảng từ đa năng;Cái;"Bảng từ đa năng
Bảng từ xanh viết bằng phấn dễ dàng, khả năng bám phấn tốt, ít bụi
Bảng có chân di dộng giúp dễ dàng di chuyển từ nơi này sang nơi khác
Mặ bảng có từ tính, có thể đính tài liệu, thông báo, biểu đồ bằng nam châm
Bảng có khả năng chống lóa tốt, đảm bảo nhìn rõ chữ dù ngồi xa hay nhìn nghiêng, 
Kt bảng: 800x1200mm
";750000;405/2025/252/CTTĐG-VNVIC;16/12/2025;…;Bùi Thị Trà Giang
1336;;Cây nước ấm lạnh ;Cái;"CÂY NƯỚC NÓNG LẠNH HÒA PHÁT HWP B2CI:
Loại: Nóng Ấm + Lạnh
Kiểu bình: Âm thân (hút bình)
Nhiệt độ nước nóng: 45 độ C, Lạnh: 10 độ C
Công nghệ làm lạnh: Block
Công suất làm nóng: 450 W Công suất làm lạnh: 
75 W
Gas sử dụng: R134a Nguồn điện áp: b220V/50Hz
Kích thước (Rộng x cao x sâu): 325 x 1055 x 310 
(mm)
Trọng lượng sản phẩm: 14kg
Xuất xứ thương hiệu: Việt Nam Sản xuất tại: 
Trung Quốc
Bảo hành: 28 tháng";3850000;405/2025/252/CTTĐG-VNVIC;16/12/2025;…;Bùi Thị Trà Giang
1337;;Tủ để cây ấm lạnh có giá để cốc;Cái;"Tủ để cây ấm lạnh có giá để cốc: 
- Kích thước tủ:  R1100xS400xC1200mm
- Chất liệu bằng gỗ cao su AA đã qua tấm sấy, chống mối mọt, cong vênh, dày 18mm Toàn bộ khung tủ sơn pu bóng Tủ chia làm 2 khoang, 1 khoang để cây ấm lạnh, 1 khoang chia làm 2 ngăn Ngăn trên chia làm 2 đợt, có 2 cánh mở cắt họa tiết CNC hình bông hoa, sâu 250mm Ngăn dưới có 2 đợt giá nan inox 304 để cốc, phía dưới có khay hứng nước bằng inox, bên ngoài là 2 cánh mở tay nắm âm (móc vát) Ngăn tủ dưới sâu 400mm Các góc cạnh gia công mép tròn, đảm bảo thẩm mỹ và an toàn khi sử dụng
";3250000;405/2025/252/CTTĐG-VNVIC;16/12/2025;…;Bùi Thị Trà Giang
1338;;Cốc uống nước;Cái;"Cốc uống nước:
- Kích thước:  70mm
- Mô tả: Vật liệu inox 304, miệng cốc không viền, đảm bảo an toàn vệ sinh khi sử dụng
";20000;405/2025/252/CTTĐG-VNVIC;16/12/2025;…;Bùi Thị Trà Giang
1339;;Giá để giày dép;Cái;"Giá để giày dép:
- Kích thước: R1200xS300xC800 mm (chiều cao tính cả bánh xe)
- Giá có thiết kế chia 4 đợt, các đợt bố trí đặt dốc 15 độ, phía ngoài có gờ đỡ Giá có hậu, hậu dày 10mmTrên các đợt bố trí các thanh gỗ R50xS18xD300mm chia ngăn để giầy, dép Chất liệu giá bằng gỗ cao su loại AA dày 18mm Gỗ đã qua xử lý chống ẩm mốc, mối mọt, không cong vênh, đảm bảo tính thẩm mỹ, bền đẹp của sản phẩm Giá để để vân gỗ tự nhiên,  sơn PU bóng
- Giá thiết kế có bánh xe, có chốt phanh nên rất linh động trong việc di chuyển, thay đổi, sắp xếp đồ trong phòng 
";1220000;405/2025/252/CTTĐG-VNVIC;16/12/2025;…;Bùi Thị Trà Giang
1340;;Băng ghế để trẻ thay giầy dép;Cái;"Ghế băng trẻ ngồi cởi và đi giày dép
- Kích thước: D1200xR300xC350 mm (chiều cao tính đệm)
- Băng ghế được thiết kế có đệm bọc nỉ dày 50mm đặt trên mặt, có 2 gờ chặn 2 đầuPhía dưới băng ghế chia 3 ngăn để đồChất liệu khung ghế bằng gỗ cao su loại AA dày 18mmGỗ đã qua xử lý chống ẩm mốc, mối mọt, không cong vênh,đảm bảo tính thẩm mỹ, bền đẹp của sản phẩm Khung ghế để để vân gỗ tự nhiên, sơn PU bóng
";1350000;405/2025/252/CTTĐG-VNVIC;16/12/2025;…;Bùi Thị Trà Giang
1341;;Thùng rác;Cái;"Thùng rác:
Thùng rác được làm từ nhựa PP cao cấp, cho độ bền cao, khả năng chống lão hóa tốt Kích thước: 345 x 34 x 44 cm
";200000;405/2025/252/CTTĐG-VNVIC;16/12/2025;…;Bùi Thị Trà Giang
1342;;Rèm cầu vồng ;m2;"Rèm cầu vồng:  
- Kích thước: R1200xC1900 mm,R1300xC1900mm
- Mô tả: Vải sợi cơ bản polyester 100% với hai vân vải xen kẽ nhau và cách nhau khoảng 8-10cm Hai vân vải bao gồm: 1 vân vải chính và 1 vân vải voan được dệt mỏng Hộp rèm bao gồm tất cả các linh kiện hộp rèm phía trên, thanh ray trục xoay rèm Tất cả các bộ phận này đều được làm bằng hợp kim nhôm chống rỉ sét, có độ bền rất cao,
";430000;405/2025/252/CTTĐG-VNVIC;16/12/2025;…;Bùi Thị Trà Giang
1343;;Đồng hồ treo tường;Cái;Đồng hồ :- Kích thước: 370x360x50 mm- Mô tả: Chất liệu nhựa bền đẹp, chắc chắn;350000;405/2025/252/CTTĐG-VNVIC;16/12/2025;…;Bùi Thị Trà Giang
1344;;"Tivi 65"" treo tường + giá treo";Cái;"Smart Tivi QLED Samsung 4K 65 inch QA65Q65D
Loại Tivi:Smart Tivi QLED
Kích cỡ màn hình:65 inch
Độ phân giải:4K (Ultra HD)
Loại màn hình:Đèn nền: LED viền kết hợp Dual LED, Tấm nền: Hãng không công bố
Hệ điều hành:Tizen™
Chất liệu chân đế:Nhựa
Chất liệu viền tivi:Nhựa
Nơi sản xuất:Việt Nam
Năm ra mắt: 2024
Công nghệ hình ảnh:
Supreme UHD Dimming
Quantum HDR
Quantum Dot
Dual LED
4K Upscaling
Chuyển động mượt Motion Xcelerator
Super Ultra Wide Game View & Game Bar
Giảm độ trễ chơi game Auto Low Latency Mode (ALLM)
Căn chỉnh hình ảnh tự động bảo vệ mắt EyeComfort
Chế độ Game Motion Plus
Ambient Mode
Bộ xử lý:Bộ xử lý Quantum 4K Lite
Tần số quét thực: 60 Hz
Điều khiển tivi bằng điện thoại:
SmartThings
Điều khiển bằng giọng nói:
Tìm kiếm giọng nói trên YouTube bằng tiếng Việt
Bixby có tiếng Việt
Chiếu hình từ điện thoại lên TV:
Tap View
Screen Mirroring
AirPlay 2
Remote thông minh:
Điều khiển One Remote Control tích hợp Solar Cell Remote
Kết nối ứng dụng các thiết bị trong nhà:
SmartThings
Ứng dụng phổ biến:
YouTube
Netflix
Clip TV
FPT Play
MyTV
VieON
Spotify
Trình duyệt web
Amazon Prime video
Apple TV
Tiện ích thông minh khác:
Built in IoT Hub kết nối các thiết bị IoT mà không cần dongle
Multi View chia nhỏ màn hình tivi (có thể kết nối camera gắn rời)
Samsung Daily+ quản lý hoạt động mỗi ngày
Bản đồ 3D các thiết bị kết nối sống động
Công nghệ âm thanh
Tổng công suất loa:
20W
Số lượng loa:
Hãng không công bố
Âm thanh vòm:
Âm thanh chuyển động theo hình ảnh OTS Lite
Các công nghệ khác:
Q-Symphony Next kết hợp loa tivi với loa thanh
Adaptive Sound 
Cổng kết nối
Kết nối Internet:Wi-FiCổng mạng LAN
Kết nối không dây:Bluetooth (Kết nối bàn phím, chuột)
USB2 cổng USB A
Cổng nhận hình ảnh, âm thanh:3 cổng HDMI có 1 cổng HDMI eARC (ARC)
Cổng xuất âm thanh:1 cổng Optical (Digital Audio), 1 cổng eARC (ARC)
Thông tin lắp đặt
Kích thước có chân, đặt bàn:Ngang 145 cm - Cao 8971 cm - Dày 2902 cm
Khối lượng có chân:218 Kg
Kích thước không chân, treo tường:Ngang 145 cm - Cao 8314 cm - Dày 257 cm
Khối lượng không chân:209 Kg
Hãng:Samsung ";16000000;405/2025/252/CTTĐG-VNVIC;16/12/2025;…;Bùi Thị Trà Giang
1345;;Loa vi tính;Bộ;"Loa vi tính
Thiết kế nhỏ gọn, dạng vân gỗ đẹp mắt, với bộ 3 loa: 1 loa siêu trầm và 2 loa vệ tinh
Tổng công suất 60 W, công suất loa siêu trầm 30 W, công suất loa vệ tinh 15 W x 2 cho âm thanh ổn định, sống động hơn
Có thể phát nhạc qua: Bluetooth, jack 35 mm, thẻ nhớ MicroSD, cổng USB
Kết nối được với laptop, máy tính hoặc điện thoại, máy tính bảng để phát nhạc
Tích hợp nút nguồn, tăng/giảm âm lượng, chuyển/lùi bài hát, phát/ngừng chơi nhạc
Kèm theo remote điều khiển từ xa tiện lợi
";1350000;405/2025/252/CTTĐG-VNVIC;16/12/2025;…;Bùi Thị Trà Giang
1346;;Phần mềm kidsmart;Bộ;Phần mềm kidsmart gồm 5 nội dung: Ngôi nhà Toán học, Ngôi nhà Khoa học, Ngôi nhà Không gian và thời gian, Ngôi nhà sách và Những đồ vật biết nghĩ vô cùng hữu ích và hấp dẫn trẻ nhỏ;2940000;405/2025/252/CTTĐG-VNVIC;16/12/2025;…;Bùi Thị Trà Giang
1347;;Tai nghe máy tính;Bộ;"Tai nghe máy tính
Tai nghe trẻ em có micrô (2 gói)
Tai nghe đeo trên tai có dây với giới hạn âm lượng an toàn 91dB
Tai nghe bền có thể gập lại w
Bộ chia âm thanh cho bé trai, bé gái, trẻ mới biết đi, Trẻ em,Trường học,Du lịch,Máy bay
";580000;405/2025/252/CTTĐG-VNVIC;16/12/2025;…;Bùi Thị Trà Giang
1348;;Ổn áp;Cái ;"Ổn áp 10kva
Điện áp vào: 150V-250V
Điện áp ra: 220V; 110V
Tần số: 49-62 Hz
Nguyên lý điều khiển: động cơ Servo 1 chiều
Kích thước (tham khảo): 405x218x310mm
Độ bền điện: Kiểm tra ở điện áp 2000V trong vòng 1 phút
";6500000;405/2025/252/CTTĐG-VNVIC;16/12/2025;…;Bùi Thị Trà Giang
1349;;Ổ cắm kéo dài đa năng kết hợp 5 ổ;Cái ;"Ổ cắm kéo dài đa năng kết hợp 5 ổ
Ổ cắm điện có 5 lỗ 3 chấu, đa năng và có 5 công tắc đi kèm
Mỗi ổ cắm đều có nắp che, hạn chế tối đa bị phóng tia lửa điện, chống rò rỉ điện, chống giật hiệu quả, an toàn cho trẻ nhỏ
Ổ cắm  được làm bằng hạt nhựa ABS nhập khẩu chịu nhiệt độ cao,chống cháy Chịu tải cao: Max 3200W, 2 lõi dây đồng:  2*1mm
- Điện áp: 220V/ 50Hz
";235000;405/2025/252/CTTĐG-VNVIC;16/12/2025;…;Bùi Thị Trà Giang
1350;;Hệ vận động đa năng Sasuke Mầm non;Cái ;"Hệ vận động đa năng Sasuke Mầm non 
Kích thước: 710 x 360 x 220 cm
Dành cho bé: Từ 2 – 12 tuổi
Chất liệu: Nhựa LLDPE nguyên sinh ngoài trời, ống trụ sắt kẽm Φ90 mm và sàn 90×90 cm dày 15mm sơn tĩnh điện, dây xích inox SUS 304
";46000000;405/2025/252/CTTĐG-VNVIC;16/12/2025;…;Bùi Thị Trà Giang
1351;;Nhà chơi vận động Mầm non ;Cái ;"Nhà chơi vận động Mầm non 
Kích thước: (D800*R250*C330)cm
Chất liệu: Nhựa cao cấp kết hợp khung thép chống gỉ
Màu sắc: Phối các màu
– Cột làm bằng ống thép #90 dày 1,4mm, lan can, vách sắt, tay vịn làm bằng ống 32 dày 1,5mm mạ kẽm sơn tĩnh điện
– Sàn bằng tôn sơn sần tĩnh điện ngoài trời Các chi tiết nhựa là nhựa đúc nhập khẩu không phai màu, không độc hại
 Bộ nhà liên hoàn cầu trượt ngoài trời 3 khối bao gồm các chi tiết: nhà liên hoàn 2 khối, 1 thang leo bằng sắt, 1 thang bò cong,1 thang leo bò, 1 cầu trượt đôi, 1 cầu trượt xoắn, 1 cầu trượt đơn cùng với một số phụ kiện như vách thẳng, vách nấm, vách cầu trượt, trang trí đầu cột hình lá,… là sự lựa chọn tốt nhất cho không gian vui chơi và rèn luyện thể chất của bé
";49000000;405/2025/252/CTTĐG-VNVIC;16/12/2025;…;Bùi Thị Trà Giang
1352;;Bập bênh 2 chỗ;Cái;"Bập bênh 2 chỗ:
-Kích thước: D200*R50*C70cm
Chất liệu: Sắt sơn tĩnh điện, nhựa HDPE rất dầy dặn và chắc chắn, bền đẹp
Màu sắc: Phối các màu
";3590000;405/2025/252/CTTĐG-VNVIC;16/12/2025;…;Bùi Thị Trà Giang
1353;;Bập bênh 3 chỗ;Cái;"Bập bênh cá sấu 3 chỗ:
Kích thước  (D146*R49*C40)cm
Chất liệu Nhựa cao cấp
";925000;405/2025/252/CTTĐG-VNVIC;16/12/2025;…;Bùi Thị Trà Giang
1354;;Bập bênh 4 chỗ;Cái;"Bập bênh 4 chỗ:
Kích thước: D240*R60*C60cm
Chất liệu: Sắt sơn tĩnh điện, nhựa HDPE rất dầy dặn và chắc chắn, bền đẹp
Màu sắc: Phối các màu
";4250000;405/2025/252/CTTĐG-VNVIC;16/12/2025;…;Bùi Thị Trà Giang
1355;;Mâm quay;Cái ;"Mâm quay 
Kích thước:DK185cm
Tiêu chuẩn: Bộ giáo dục và đào tạo
Chất liệu: Mâm bằng Inox hoặc bằng tôn, hoặc bằng nhựa composite, mô phỏng hình 4 con giống bằng Nhựa nhập khẩu Hình tròn, có dù che, vòng bảo hiểm, tay lái tự vận hành
";8500000;405/2025/252/CTTĐG-VNVIC;16/12/2025;…;Bùi Thị Trà Giang
1356;;Thú nhún lò xo 1;Cái ;"Con giống nhún lò xo tê giác:
Kích thước: 80 x 50 x 80 cm
Dành cho bé: Từ 2 – 10 tuổi
Chất liệu: Thú ngồi bằng nhựa LLDPE nguyên sinh, lò xo thép dày Φ22mm, đế bằng thép tấm dày 6mm sơn tĩnh điện
Công dụng: Đồ chơi thú nhún lò xo giúp bé chơi và thư giãn
";1500000;405/2025/252/CTTĐG-VNVIC;16/12/2025;…;Bùi Thị Trà Giang
1357;;Ô tô  nhún;Cái ;"Ô tô nhún:
Kích thước: 79 x 38 x 81 cm
Dành cho bé: Từ 2 – 10 tuổi
Chất liệu: Thú ngồi bằng nhựa LLDPE nguyên sinh, lò xo thép dày Φ22mm, đế bằng thép tấm dày 6mm sơn tĩnh điện
Công dụng: Đồ chơi thú nhún lò xo giúp bé chơi và thư giãn
";1500000;405/2025/252/CTTĐG-VNVIC;16/12/2025;…;Bùi Thị Trà Giang
1358;;Bộ đèn tín hiệu giao thông;Bộ;"Bộ đèn tín hiệu giao thông 
Gồm 4 cột đèn tín hiệu giao thông 2 mặt cao 135 (cm) 01 hộp điều khiển tự động 07 cột biển báo các loại 04 tấm thảm dành cho người đi bộ 01 bục điều khiển Cột và hộp đèn làm bằng chất liệu sơn tĩnh điện, có cơ chế hoạt động như đèn tín hiệu giao thông ngoài đường
";13600000;405/2025/252/CTTĐG-VNVIC;16/12/2025;…;Bùi Thị Trà Giang
1359;;Khu vui chơi liên hoàn 7 khối ;Bộ;"Khu vui chơi liên hoàn
Kích thước: 6800 x 5400 x 2800 mm
Vật liệu: 20 cột trụ, sàn, thang lên - tay vịn cầu thang, lan can - tay vịn cầu trượt bằng thép sơn tĩnh điện, đặc biệt là sàn chiếu nghỉ, mặt thang lên bằng thép tấm đột lỗ sơn sần chống trơn trượt, thoát nước; Bốn mái, cầu trượt xoắn, cầu trươt ống, 2 cầu trượt đơn quả đỗ, bông hoa, lá dừa, vách ngăn làm từ nhựa PE đúc liền nhẵn 2 bề mặt, an toàn, không độc hại và màu sắc bắt mắt, tươi sángLan can cầu thang bố trí hệ thanh dọc, khoảng cách giữa các thanh không quá 100mm; không sử dụng các thanh chạy ngang hoặc các họa tiết trang trí có lỗ hổng kích thước lớn hơn 100mm để đảm bảo an toàn cho trẻ
Sản phẩm gồm 06 khối liên kết với nhau: Khối không mái có thang lên thẳng + cầu trượt quả đỗ; khối mái ông mặt trời đội mũ; khối mái nhà ống khói ngộ nghĩnh có thang lên thẳng; khối mái con rùa cầu trượt xoắn, khối mái con rùa có vách ngăn; khối không mái có cầu trượt ống kèm chi tiết trang trí lá dừa trên cột; Giữa cầu đi nối giữa khối mái con rùa cầu trượt xoắn là cầu trượt đơn quả đỗ Các khối liên kết chặt chẽ với nhau đảm bảo an toàn, chắc chắn khi sử dụng
Sản phẩm đăng ký nhãn hiệu, được chứng nhận phù hợp TCVN 6238-1:2017; TCVN 6238-2:2017; TCVN 6238-3:2011; TCVN 6238-4a:2017 và được sản xuất bởi nhà máy nhà máy đạt tiêu chuẩn về hệ thống quản lý chất lượng, môi trường
 
";87500000;405/2025/252/CTTĐG-VNVIC;16/12/2025;…;Bùi Thị Trà Giang
1360;;Cầu trượt đơn hình con voi;Cái;"Cầu trượt đơn hình con voi:
- Kích thước: 3,5m x 1,5m x 1,1m
- Bằng vật liệu Composite đúc nguyên khối mô tả hình con voi đồ chơi ngoài trời, chịu được thời tiết nắng mưa vẫn bền đẹp 
";10500000;405/2025/252/CTTĐG-VNVIC;16/12/2025;…;Bùi Thị Trà Giang
1361;;Cầu trượt đơn con hươu;Cái;"Cầu trượt đơn con hươu:
- Kích thước: 3,5m x 1,1m x 1,3m
- Bằng vật liệu Composite đúc nguyên khối mô tả hình con hươu đồ chơi ngoài trời, chịu được thời tiết nắng mưa vẫn bền đẹp
";9500000;405/2025/252/CTTĐG-VNVIC;16/12/2025;…;Bùi Thị Trà Giang
1362;;Cầu trượt xích đu đa năng;Bộ;"Cầu trượt xích đu đa năng
Chất liệu Nhựa PP
Màu sắc Xanh dương chủ đạo
Kích thước ( D x R x C) 160 x 166 x 124 cm
Sản phẩm đồ chơi được tích hợp bởi ba trò chơi mà trẻ mầm non vô cùng yêu thích: cầu trượt, xích đu và bóng rổ
";2335000;405/2025/252/CTTĐG-VNVIC;16/12/2025;…;Bùi Thị Trà Giang
1363;;Xích đu ngoài trời ;Cái;"Xích đu ngoài trời:
Kích thước: D250*R140*C180cm
Chất liệu: Sắt và nhựa cao cấp
Màu sắc: Phôi các màu
";6900000;405/2025/252/CTTĐG-VNVIC;16/12/2025;…;Bùi Thị Trà Giang
1364;;Mâm quay hình nấm;Cái;"Mâm quay hình nấm:
Kích thước:  DK185 cm
Chất liệu: Ống sắt + nhựa bằng composite chống trượt
Màu sắc:  Phối các màu
";16800000;405/2025/252/CTTĐG-VNVIC;16/12/2025;…;Bùi Thị Trà Giang
1365;;Xích đu ghế kép;Cái;"Xích đu ghế kép:
Kích thước: D200*R140*C180cm
Chất liệu: Sắt và nhựa cao cấp
";7500000;405/2025/252/CTTĐG-VNVIC;16/12/2025;…;Bùi Thị Trà Giang
1366;;Xà đu con lắc dao động;Cái;"Xà đu con lắc dao động:
KT: Dài 2,5m x Rộng 60 cm x Cao 170cm
Khung bằng thép, bậc dao động bằng nhựa giúp trẻ vận động thể chất khéo léo bằng cách đi thăng bằng ngoài trời
";3800000;405/2025/252/CTTĐG-VNVIC;16/12/2025;…;Bùi Thị Trà Giang
1367;;Bập bênh đu quay;Cái;"Bập bênh đu quay:
- Kích thước: Đường kính 1,2 x cao 0,75 m
- Bập bênh với 4 chỗ ngồi được làm bằng chất liệu nhựa nguyên sinh cao cấp, màu sắc tươi sáng, bền đẹp và không phai màu theo thời gian Trẻ cú thể tự vận hành cho bập bênh quay được Khung bằng thộp sơn hai lớp nhiều mầu Sản phẩm được sơn tĩnh điện
";8500000;405/2025/252/CTTĐG-VNVIC;16/12/2025;…;Bùi Thị Trà Giang
1368;;Cầu giữ thăng bằng;Cái;"Cầu giữ thăng bằng:
- Kích thước: 2,8 x 0,8 x 0,8 m
- Sản phẩm được làm từ chất liệu thép ống, sơn sấy hai lớp nhiều mầu, sơn tĩnh điện cao cấp
";4400000;405/2025/252/CTTĐG-VNVIC;16/12/2025;…;Bùi Thị Trà Giang
1369;;Thang leo và cầu trượt;Cái;"Thang leo và cầu trượt
-Kích thước: D600*R250*C180cm
- Chất liệu: được làm từ chất liệu nhựa nguyên sinh cao cấp, chắc chắn, bền đẹp Hệ thống khung sắt được sơn phủ bằng công nghệ sơn tĩnh điện cao cấp 
";16500000;405/2025/252/CTTĐG-VNVIC;16/12/2025;…;Bùi Thị Trà Giang
1370;;Ô che nắng ;Cái;"Ô che nắng: 
– Kích thước: 25m x25mx Cao: 27m
Ô lệch tâm 4 nan 2,5x2,5m là loại ô lệch tâm vuông 2 tầng được làm bằng vải dù chất liệu polyester cao cấp, dày, chống thấm nước, màu sắc bền đẹp không phai màu Sử dụng khung sắt tĩnh điện, đế hộp bê tông bọc inox có gắn bánh xe giúp người dùng dễ dàng di chuyển Ô Có thể gấp gọn khi không sử dụng
";1900000;405/2025/252/CTTĐG-VNVIC;16/12/2025;…;Bùi Thị Trà Giang
1371;;Đồ chơi  phát triển thể chất liên hoàn ·;Bộ;"Đồ chơi phát triển thể chất liên hoàn ·
Kích thước là D6300*R300* 330cm
- chất liệu: sắt sơn tĩnh điện, các chi tiết bằng nhựa nhập khẩu
- bao gồm: 1 xà đu tay, 1 cầu thăng bằng dao động, 1 cầu zic zac, 1 thang leo dây cong, 1 sàn nghỉ bằng tôn dập, các bậc thang leo mặt nhựa
";82000000;405/2025/252/CTTĐG-VNVIC;16/12/2025;…;Bùi Thị Trà Giang
1372;;Đồ chơi leo núi nhân tạo;Bộ;"Đồ chơi leo núi nhân tạo
Kích thước: D650*C220cm
Chất liệu: Nhựa đúc nguyên khối, khung hợp kim sơn tĩnh điện
";15500000;405/2025/252/CTTĐG-VNVIC;16/12/2025;…;Bùi Thị Trà Giang
1373;;Thang leo dây;Bộ;"Thang leo dây
Kích thước: D200*R140*C180cm
Chất liệu: Khung sắt sơn tĩnh điện Sử dụng an toàn cho trẻ, bền, màu sắc tự nhiên
Màu sắc: Phối các màu
";7500000;405/2025/252/CTTĐG-VNVIC;16/12/2025;…;Bùi Thị Trà Giang
1374;;Xà đu tập tay ;Bộ;"Xà đu tập tay
Kích thước: D200*R120*C160cm
Chất liệu: Hệ khung thép sơn tĩnh điện chất lượng cao, dây đu chịu lực
Màu sắc: Phối các màu
";5500000;405/2025/252/CTTĐG-VNVIC;16/12/2025;…;Bùi Thị Trà Giang
1375;;Thang leo hình khối bán cầu ;Bộ;"Thang leo hình khối bán cầu 
Kích thước: DK200*C110cm
Chất liệu: Khung sắt sơn tĩnh điện Sử dụng an toàn cho trẻ, bền, màu sắc tự nhiên
Màu sắc: Phối các màu
";6500000;405/2025/252/CTTĐG-VNVIC;16/12/2025;…;Bùi Thị Trà Giang
1376;;Ghế ngồi nghỉ ;Bộ;"Ghế ngồi nghỉ 
Kích thước (mm): 1500 x 430 x 400 mm
Chất liệu: Phần khung và chân ghế được làm bằng gang đúc, thép và thép tấm tạo hình Phần mặt ghế sử dụng vật liệu gỗ nhựa ngoài trời cao cấp WPC (Wood plastic composite) của Nhựa Việt Pháp Sản phẩm được sơn phủ bằng lớp sơn ngoài trời cao cấp giúp bề mặt bóng, bền màu, đẹp, dễ vệ sinh
";4500000;405/2025/252/CTTĐG-VNVIC;16/12/2025;…;Bùi Thị Trà Giang
1377;;Thảm trải cao su non ;m2;"Thảm trải cao su non 
Vật liệu composite mà thành phần chính ở đây là cao su
Cao su SBR
Chống trượt, chống UV, chống mài mòn
Chịu lửa, chịu thời tiết
Thân thiện với môi trường
Chống thấm, dễ thoát nước
Tiêu âm, giảm sốc
Bền bỉ với thời gian
Nhiều màu sắc
";635000;405/2025/252/CTTĐG-VNVIC;16/12/2025;…;Bùi Thị Trà Giang
1378;;Cây nấm Composite Frp ;cái;"Thảm trải cao su non 
Vật liệu composite mà thành phần chính ở đây là cao su
Cao su SBR
Chống trượt, chống UV, chống mài mòn
Chịu lửa, chịu thời tiết
Thân thiện với môi trường
Chống thấm, dễ thoát nước
Tiêu âm, giảm sốc
Bền bỉ với thời gian
Nhiều màu sắc
";5940000;405/2025/252/CTTĐG-VNVIC;16/12/2025;…;Bùi Thị Trà Giang
1379;;Bảng cha mẹ cần biết;Cái;"- Bảng nội quy
- KT: 1200x800mm
- Đặc điểm: Bảng nỉ gài ghim, xung quanh là khung nhôm";636000;405/2025/252/CTTĐG-VNVIC;16/12/2025;…;Bùi Thị Trà Giang
1380;;Bảng lịch công tác tuần;Cái;"- KT: 1000x1200mm
- Đặc điểm: Chất liệu in đề can bồi kính an toàn 8 ly, bắt 4 chân kính";1443750;405/2025/252/CTTĐG-VNVIC;16/12/2025;…;Bùi Thị Trà Giang
1381;;Bảng phác đồ cấp cứu phòng nhân viên y tế;Cái;"- KT: 1200x2000mm
- Đặc điểm: Chất liệu in đề can bồi kính an toàn 8 ly, bắt 4 chân kính";2760000;405/2025/252/CTTĐG-VNVIC;16/12/2025;…;Bùi Thị Trà Giang
1382;;Bảng theo dõi thi đua, lịch công tác, theo dõi số lượng, đang ký danh hiệu thi đua;Cái;"- KT: 1600x1400mm
- Đặc điểm: Chất liệu in đề can bồi kính an toàn, bắt 4 chân kính";2576000;405/2025/252/CTTĐG-VNVIC;16/12/2025;…;Bùi Thị Trà Giang
1383;;Biển các phòng ban;Cái;"Biển tên phòng:
- Kích thước: 200x300 mm
- Chất liệu mặt inox in UV, nội dung 2 mặt giống nhau Khung mica Có chân tháo rời để lắp đặt 
- Kích thước 20 x 30 cm hoặc 15x40mm";594000;405/2025/252/CTTĐG-VNVIC;16/12/2025;…;Bùi Thị Trà Giang
1384;;Bảng phân công dây chuyền, Bảng chia định lượng thức ăn, Bảng thực đơn, Biển nội quy nhà bếp;Cái;"- KT: 1000x1200mm
- Đặc điểm: Chất liệu in đề can bồi kính an toàn 8 ly, bắt 4 chân kính";1443750;405/2025/252/CTTĐG-VNVIC;16/12/2025;…;Bùi Thị Trà Giang
1385;;Tháp dinh dưỡng, Bếp 5 tốt, Yêu cầu vệ sinh an toàn thực phẩm, Yêu cầu vệ sinh nhà bếp;Cái;"- KT: 950x1400mm
- Đặc điểm: Chất liệu in đề can bồi kính an toàn 8 ly, bắt 4 chân kính";1529500;405/2025/252/CTTĐG-VNVIC;16/12/2025;…;Bùi Thị Trà Giang
1386;;10 nguyên tắc vàng;Cái;"- KT: 1200x3200mm
- Đặc điểm: Chất liệu in đề can bồi kính an toàn 8 ly, bắt 4 chân kính";4416000;405/2025/252/CTTĐG-VNVIC;16/12/2025;…;Bùi Thị Trà Giang
1387;;Làm đâu gọn đấy đứng dậy sạch ngay;Cái;"- KT: 500x1400mm
- Đặc điểm: Chất liệu in đề can bồi kính an toàn 8 ly, bắt 4 chân kính";805000;405/2025/252/CTTĐG-VNVIC;16/12/2025;…;Bùi Thị Trà Giang
1388;;Biển an toàn đủ chất đủ lượng;Cái;"- KT: 500x3200mm
- Đặc điểm: Chất liệu in đề can bồi kính an toàn 8 ly, bắt 4 chân kính";1840000;405/2025/252/CTTĐG-VNVIC;16/12/2025;…;Bùi Thị Trà Giang
1389;;Biển tài chính công khai;Cái;"- KT: 2200x3100mm
- Đặc điểm: Chất liệu in đề can bồi kính an toàn 8 ly, bắt 6 chân kính";7843000;405/2025/252/CTTĐG-VNVIC;16/12/2025;…;Bùi Thị Trà Giang
1390;;Biển khẩu hiệu trước sảnh;Cái;"- KT: 800x20000mm
- Đặc điểm: Chất liệu khung nhôm, in bạt";1840000;405/2025/252/CTTĐG-VNVIC;16/12/2025;…;Bùi Thị Trà Giang
1391;;Bảng chia định lượng thức ăn;Cái;"- KT: 1000x1200mm
- Đặc điểm: Chất liệu in đề can bồi kính an toàn 8 ly, bắt 4 chân kính";1443750;405/2025/252/CTTĐG-VNVIC;16/12/2025;…;Bùi Thị Trà Giang
1392;;Máy tính để bàn ;cái;"Máy tính để bàn
Bộ vi xử lý Bộ xử lý Intel® Core™ i3-12100 (4 lõi, 8 luồng, 33Ghz)
Bộ nhớ RAM 8GB DDR4 3200Mhz
Ổ cứng SSD dung lượng 256Gb
Bảng mạch chủ Sử dụng chipset Intel® H610 Express Chipset
, giao tiếp kết nối: 02PCIe, 01xD-Sub(VGA) Port, 01xHDMI port, 06xUSB Ports, 01xM2slot; 04xSATA 60 Gb/s Port
Card màn hình: Tích hợp - Hỗ trợ Intel® UHD Graphics 730
Card âm thanh: Tích hợp cạc âm thanh High Definition Audio
Giao tiếp mạng: Tích hợp cạc mạng Gigabit Lan
Case máy tính và nguồn: Case máy tính tích hợp bộ  nguồn 550W Case có tích hợp màn hình hiển thị: hiển thị tốc độ quạt, nhiệt độ các thành phần CPU/HDD/VGA và có cảnh báo bằng âm thanh khi nhiệt độ của các thành  phần CPU/HDD/VGA vượt qua 60 độ C
Màn hình    215"" (Kính thước: 215"", Độ phân giải: 1920 x 1080), cổng giao tiếp kết nối: HDMI port, có chân đế và cable HDMI kèm theo
- Màn hình vi tính đồng bộ cùng thương hiệu với hãng sản xuất máy vi tính
Bàn phím và chuột chuẩn chuẩn kết nối USB (sản phẩm đồng bộ cùng nhãn hiệu với nhãn hiệu máy vi tính)
- Hệ điều hành: Phần mềm bản quyền Microsoft Windows 11 64 bit
- Bảo hành 24 tháng
";13500000;405/2025/252/CTTĐG-VNVIC;16/12/2025;…;Bùi Thị Trà Giang
1393;;Máy tính để bàn ;cái;"Máy tính để bàn
Bộ vi xử lý Bộ xử lý Intel® Core™ i3-12100 (4 lõi, 8 luồng, 33Ghz)
Bộ nhớ RAM 8GB DDR4 3200Mhz
Ổ cứng SSD dung lượng 256Gb
Bảng mạch chủ Sử dụng chipset Intel® H610 Express Chipset
, giao tiếp kết nối: 02PCIe, 01xD-Sub(VGA) Port, 01xHDMI port, 06xUSB Ports, 01xM2slot; 04xSATA 60 Gb/s Port
Card màn hình: Tích hợp - Hỗ trợ Intel® UHD Graphics 730
Card âm thanh: Tích hợp cạc âm thanh High Definition Audio
Giao tiếp mạng: Tích hợp cạc mạng Gigabit Lan
Case máy tính và nguồn: Case máy tính tích hợp bộ  nguồn 550W Case có tích hợp màn hình hiển thị: hiển thị tốc độ quạt, nhiệt độ các thành phần CPU/HDD/VGA và có cảnh báo bằng âm thanh khi nhiệt độ của các thành  phần CPU/HDD/VGA vượt qua 60 độ C
Màn hình    215"" (Kính thước: 215"", Độ phân giải: 1920 x 1080), cổng giao tiếp kết nối: HDMI port, có chân đế và cable HDMI kèm theo
- Màn hình vi tính đồng bộ cùng thương hiệu với hãng sản xuất máy vi tính
Bàn phím và chuột chuẩn chuẩn kết nối USB (sản phẩm đồng bộ cùng nhãn hiệu với nhãn hiệu máy vi tính)
- Hệ điều hành: Phần mềm bản quyền Microsoft Windows 11 64 bit
- Bảo hành 24 tháng
";13500000;405/2025/252/CTTĐG-VNVIC;16/12/2025;…;Bùi Thị Trà Giang
1394;;Máy tính để bàn ;cái;"Máy tính để bàn
Bộ vi xử lý Bộ xử lý Intel® Core™ i3-12100 (4 lõi, 8 luồng, 33Ghz)
Bộ nhớ RAM 8GB DDR4 3200Mhz
Ổ cứng SSD dung lượng 256Gb
Bảng mạch chủ Sử dụng chipset Intel® H610 Express Chipset
, giao tiếp kết nối: 02PCIe, 01xD-Sub(VGA) Port, 01xHDMI port, 06xUSB Ports, 01xM2slot; 04xSATA 60 Gb/s Port
Card màn hình: Tích hợp - Hỗ trợ Intel® UHD Graphics 730
Card âm thanh: Tích hợp cạc âm thanh High Definition Audio
Giao tiếp mạng: Tích hợp cạc mạng Gigabit Lan
Case máy tính và nguồn: Case máy tính tích hợp bộ  nguồn 550W Case có tích hợp màn hình hiển thị: hiển thị tốc độ quạt, nhiệt độ các thành phần CPU/HDD/VGA và có cảnh báo bằng âm thanh khi nhiệt độ của các thành  phần CPU/HDD/VGA vượt qua 60 độ C
Màn hình    215"" (Kính thước: 215"", Độ phân giải: 1920 x 1080), cổng giao tiếp kết nối: HDMI port, có chân đế và cable HDMI kèm theo
- Màn hình vi tính đồng bộ cùng thương hiệu với hãng sản xuất máy vi tính
Bàn phím và chuột chuẩn chuẩn kết nối USB (sản phẩm đồng bộ cùng nhãn hiệu với nhãn hiệu máy vi tính)
- Hệ điều hành: Phần mềm bản quyền Microsoft Windows 11 64 bit
- Bảo hành 24 tháng
";13500000;405/2025/252/CTTĐG-VNVIC;16/12/2025;…;Bùi Thị Trà Giang
1395;;Máy tính để bàn ;cái;"Máy tính để bàn
Bộ vi xử lý Bộ xử lý Intel® Core™ i3-12100 (4 lõi, 8 luồng, 33Ghz)
Bộ nhớ RAM 8GB DDR4 3200Mhz
Ổ cứng SSD dung lượng 256Gb
Bảng mạch chủ Sử dụng chipset Intel® H610 Express Chipset
, giao tiếp kết nối: 02PCIe, 01xD-Sub(VGA) Port, 01xHDMI port, 06xUSB Ports, 01xM2slot; 04xSATA 60 Gb/s Port
Card màn hình: Tích hợp - Hỗ trợ Intel® UHD Graphics 730
Card âm thanh: Tích hợp cạc âm thanh High Definition Audio
Giao tiếp mạng: Tích hợp cạc mạng Gigabit Lan
Case máy tính và nguồn: Case máy tính tích hợp bộ  nguồn 550W Case có tích hợp màn hình hiển thị: hiển thị tốc độ quạt, nhiệt độ các thành phần CPU/HDD/VGA và có cảnh báo bằng âm thanh khi nhiệt độ của các thành  phần CPU/HDD/VGA vượt qua 60 độ C
Màn hình    215"" (Kính thước: 215"", Độ phân giải: 1920 x 1080), cổng giao tiếp kết nối: HDMI port, có chân đế và cable HDMI kèm theo
- Màn hình vi tính đồng bộ cùng thương hiệu với hãng sản xuất máy vi tính
Bàn phím và chuột chuẩn chuẩn kết nối USB (sản phẩm đồng bộ cùng nhãn hiệu với nhãn hiệu máy vi tính)
- Hệ điều hành: Phần mềm bản quyền Microsoft Windows 11 64 bit
- Bảo hành 24 tháng
";13500000;405/2025/252/CTTĐG-VNVIC;16/12/2025;…;Bùi Thị Trà Giang
1396;;Máy in;cái;"Máy in laser đen trắng Canon LBP243DW
Loại máy in: Máy in laser đen trắng
Khổ giấy: A4/A5
Bộ nhớ:         256Mb
Tốc độ in: Tốc độ in 36 trang/phút (A4), 37 trang/phút (LTR)
In 2 mặt: 30 trang/phút (A4), 31 trang/phút (LTR)
In 2 mặt tự động
ADF: Không
Độ phân giải: Độ phân giải 600 x 600 dpi, 1200 x 1200 dpi (tương đương)
Cổng giao tiếp:        USB/ WIFI
Dùng mực: Hộp mực 070: 3000 trang (Theo bộ: 1500 trang)
Hộp mực: 070H: 10200 trang
Mô tả khác: In mạng
Màn hình LCD: 5 dòng
Thời gian bản in đầu tiên: 5 giây
Giấy vào: Khay giấy vào 250 tờ
Khay giấy ra : 150 tờ
Kết nối: USB 20, LAN có dây
Canon Mobile Printing (in qua thiết bị di động)
Hệ điều hành Windows,Mac OS, Linux(3), Chrome OS
Ngôn ngữ in UFR II
Kích thước (W x D x H): ~399 x 373 x 249 mm
Bảo hành chính hãng 24 tháng";6990000;405/2025/252/CTTĐG-VNVIC;16/12/2025;…;Bùi Thị Trà Giang
1397;;Máy photocopy ;cái;"Chức năng tiêu chuẩn: Copy / in / Scan / Network
Tốc độ copy: 25 trang / Phút
Độ phân giải copy: 600 x 600 dpi
Thời gian chụp bản chụp đầu tiên: 65 giây
Tốc độ in: 25 trang / Phút
Độ phân giải in: 600 x 600 dpi
Thời gian chụp bản chụp đầu tiên: 65 giây
Giao điện kết nối in: USB20, Ethernet 100Base-TX/10Base-T
Kiểu scan: Màu / trắng đen
Tốc độ Scan quét Màu/Trắng đen:28 / 28 (trang / Phút)
Độ phân giải scan: 600 x 600 dpi
Định dạng scan:  PDF/JPEG
Scan văn bản tới: PC, Email
Giao điện kết nối Scan: USB20, Ethernet 100Base-TX/10Base-T
Bộ nhớ chuẩn (RAM): 512 MB
Chế độ chụp thẻ (ID card copy):  Có
Tốc độ in: 25 trang A4/phút
Chế độ Locker copy: Có
Khổ giấy: A5-A3
Thời gian khởi động: 19 giây
Công suất tiêu thụ điện tối đa: 1550W
Trữ lượng các khay giấy tiêu chuẩn: Khay giấy 1: 250 tờ, khay giấy 2: 500 tờ, khay tay: 100 tờ, khay giấy ra:  250 tờ
Định lượng giấy: Khay 1: 60-90 gsm, khay 2: 60-216 gsm, khay tay: 60-216 gsm
Bộ đảo bản copy tự động: có sẵn
Bộ nạp và đảo bản gốc tự động, có sẵn, Dung lượng bộ nạp: 110 tờ
Có phần mềm xóa bộ đếm trống mực 
Công suất tiêu thụ tối đa: 13kW
";45000000;405/2025/252/CTTĐG-VNVIC;16/12/2025;…;Bùi Thị Trà Giang
1398;;Máy tính để bàn ;bộ;"Máy tính để bàn
Bộ vi xử lý Bộ xử lý Intel® Core™ i3-12100 (4 lõi, 8 luồng, 33Ghz)
Bộ nhớ RAM 8GB DDR4 3200Mhz
Ổ cứng SSD dung lượng 256Gb
Bảng mạch chủ Sử dụng chipset Intel® H610 Express Chipset
, giao tiếp kết nối: 02PCIe, 01xD-Sub(VGA) Port, 01xHDMI port, 06xUSB Ports, 01xM2slot; 04xSATA 60 Gb/s Port
Card màn hình: Tích hợp - Hỗ trợ Intel® UHD Graphics 730
Card âm thanh: Tích hợp cạc âm thanh High Definition Audio
Giao tiếp mạng: Tích hợp cạc mạng Gigabit Lan
Case máy tính và nguồn: Case máy tính tích hợp bộ  nguồn 550W Case có tích hợp màn hình hiển thị: hiển thị tốc độ quạt, nhiệt độ các thành phần CPU/HDD/VGA và có cảnh báo bằng âm thanh khi nhiệt độ của các thành  phần CPU/HDD/VGA vượt qua 60 độ C
Màn hình    215"" (Kính thước: 215"", Độ phân giải: 1920 x 1080), cổng giao tiếp kết nối: HDMI port, có chân đế và cable HDMI kèm theo
- Màn hình vi tính đồng bộ cùng thương hiệu với hãng sản xuất máy vi tính
Bàn phím và chuột chuẩn chuẩn kết nối USB (sản phẩm đồng bộ cùng nhãn hiệu với nhãn hiệu máy vi tính)
- Hệ điều hành: Phần mềm bản quyền Microsoft Windows 11 64 bit
- Bảo hành 24 tháng
";13500000;405/2025/252/CTTĐG-VNVIC;16/12/2025;…;Bùi Thị Trà Giang
1399;;Máy tính để bàn ;bộ;"Máy tính để bàn
Bộ vi xử lý Bộ xử lý Intel® Core™ i3-12100 (4 lõi, 8 luồng, 33Ghz)
Bộ nhớ RAM 8GB DDR4 3200Mhz
Ổ cứng SSD dung lượng 256Gb
Bảng mạch chủ Sử dụng chipset Intel® H610 Express Chipset
, giao tiếp kết nối: 02PCIe, 01xD-Sub(VGA) Port, 01xHDMI port, 06xUSB Ports, 01xM2slot; 04xSATA 60 Gb/s Port
Card màn hình: Tích hợp - Hỗ trợ Intel® UHD Graphics 730
Card âm thanh: Tích hợp cạc âm thanh High Definition Audio
Giao tiếp mạng: Tích hợp cạc mạng Gigabit Lan
Case máy tính và nguồn: Case máy tính tích hợp bộ  nguồn 550W Case có tích hợp màn hình hiển thị: hiển thị tốc độ quạt, nhiệt độ các thành phần CPU/HDD/VGA và có cảnh báo bằng âm thanh khi nhiệt độ của các thành  phần CPU/HDD/VGA vượt qua 60 độ C
Màn hình    215"" (Kính thước: 215"", Độ phân giải: 1920 x 1080), cổng giao tiếp kết nối: HDMI port, có chân đế và cable HDMI kèm theo
- Màn hình vi tính đồng bộ cùng thương hiệu với hãng sản xuất máy vi tính
Bàn phím và chuột chuẩn chuẩn kết nối USB (sản phẩm đồng bộ cùng nhãn hiệu với nhãn hiệu máy vi tính)
- Hệ điều hành: Phần mềm bản quyền Microsoft Windows 11 64 bit
- Bảo hành 24 tháng
";13500000;405/2025/252/CTTĐG-VNVIC;16/12/2025;…;Bùi Thị Trà Giang
1400;;Máy in;cái;"Máy in laser đen trắng Canon LBP243DW
Loại máy in: Máy in laser đen trắng
Khổ giấy: A4/A5
Bộ nhớ:         256Mb
Tốc độ in: Tốc độ in 36 trang/phút (A4), 37 trang/phút (LTR)
In 2 mặt: 30 trang/phút (A4), 31 trang/phút (LTR)
In 2 mặt tự động
ADF: Không
Độ phân giải: Độ phân giải 600 x 600 dpi, 1200 x 1200 dpi (tương đương)
Cổng giao tiếp:        USB/ WIFI
Dùng mực: Hộp mực 070: 3000 trang (Theo bộ: 1500 trang)
Hộp mực: 070H: 10200 trang
Mô tả khác: In mạng
Màn hình LCD: 5 dòng
Thời gian bản in đầu tiên: 5 giây
Giấy vào: Khay giấy vào 250 tờ
Khay giấy ra : 150 tờ
Kết nối: USB 20, LAN có dây
Canon Mobile Printing (in qua thiết bị di động)
Hệ điều hành Windows,Mac OS, Linux(3), Chrome OS
Ngôn ngữ in UFR II
Kích thước (W x D x H): ~399 x 373 x 249 mm
Bảo hành chính hãng 24 tháng";6990000;405/2025/252/CTTĐG-VNVIC;16/12/2025;…;Bùi Thị Trà Giang
1401;;Máy tính để bàn ;bộ;"Máy tính để bàn
Bộ vi xử lý Bộ xử lý Intel® Core™ i3-12100 (4 lõi, 8 luồng, 33Ghz)
Bộ nhớ RAM 8GB DDR4 3200Mhz
Ổ cứng SSD dung lượng 256Gb
Bảng mạch chủ Sử dụng chipset Intel® H610 Express Chipset
, giao tiếp kết nối: 02PCIe, 01xD-Sub(VGA) Port, 01xHDMI port, 06xUSB Ports, 01xM2slot; 04xSATA 60 Gb/s Port
Card màn hình: Tích hợp - Hỗ trợ Intel® UHD Graphics 730
Card âm thanh: Tích hợp cạc âm thanh High Definition Audio
Giao tiếp mạng: Tích hợp cạc mạng Gigabit Lan
Case máy tính và nguồn: Case máy tính tích hợp bộ  nguồn 550W Case có tích hợp màn hình hiển thị: hiển thị tốc độ quạt, nhiệt độ các thành phần CPU/HDD/VGA và có cảnh báo bằng âm thanh khi nhiệt độ của các thành  phần CPU/HDD/VGA vượt qua 60 độ C
Màn hình    215"" (Kính thước: 215"", Độ phân giải: 1920 x 1080), cổng giao tiếp kết nối: HDMI port, có chân đế và cable HDMI kèm theo
- Màn hình vi tính đồng bộ cùng thương hiệu với hãng sản xuất máy vi tính
Bàn phím và chuột chuẩn chuẩn kết nối USB (sản phẩm đồng bộ cùng nhãn hiệu với nhãn hiệu máy vi tính)
- Hệ điều hành: Phần mềm bản quyền Microsoft Windows 11 64 bit
- Bảo hành 24 tháng
";13500000;405/2025/252/CTTĐG-VNVIC;16/12/2025;…;Bùi Thị Trà Giang
1402;;Máy in;cái;"Máy in laser đen trắng Canon LBP243DW
Loại máy in: Máy in laser đen trắng
Khổ giấy: A4/A5
Bộ nhớ:         256Mb
Tốc độ in: Tốc độ in 36 trang/phút (A4), 37 trang/phút (LTR)
In 2 mặt: 30 trang/phút (A4), 31 trang/phút (LTR)
In 2 mặt tự động
ADF: Không
Độ phân giải: Độ phân giải 600 x 600 dpi, 1200 x 1200 dpi (tương đương)
Cổng giao tiếp:        USB/ WIFI
Dùng mực: Hộp mực 070: 3000 trang (Theo bộ: 1500 trang)
Hộp mực: 070H: 10200 trang
Mô tả khác: In mạng
Màn hình LCD: 5 dòng
Thời gian bản in đầu tiên: 5 giây
Giấy vào: Khay giấy vào 250 tờ
Khay giấy ra : 150 tờ
Kết nối: USB 20, LAN có dây
Canon Mobile Printing (in qua thiết bị di động)
Hệ điều hành Windows,Mac OS, Linux(3), Chrome OS
Ngôn ngữ in UFR II
Kích thước (W x D x H): ~399 x 373 x 249 mm
Bảo hành chính hãng 24 tháng";6990000;405/2025/252/CTTĐG-VNVIC;16/12/2025;…;Bùi Thị Trà Giang
1403;;Máy tính để bàn ;bộ;"Máy tính để bàn
Bộ vi xử lý Bộ xử lý Intel® Core™ i3-12100 (4 lõi, 8 luồng, 33Ghz)
Bộ nhớ RAM 8GB DDR4 3200Mhz
Ổ cứng SSD dung lượng 256Gb
Bảng mạch chủ Sử dụng chipset Intel® H610 Express Chipset
, giao tiếp kết nối: 02PCIe, 01xD-Sub(VGA) Port, 01xHDMI port, 06xUSB Ports, 01xM2slot; 04xSATA 60 Gb/s Port
Card màn hình: Tích hợp - Hỗ trợ Intel® UHD Graphics 730
Card âm thanh: Tích hợp cạc âm thanh High Definition Audio
Giao tiếp mạng: Tích hợp cạc mạng Gigabit Lan
Case máy tính và nguồn: Case máy tính tích hợp bộ  nguồn 550W Case có tích hợp màn hình hiển thị: hiển thị tốc độ quạt, nhiệt độ các thành phần CPU/HDD/VGA và có cảnh báo bằng âm thanh khi nhiệt độ của các thành  phần CPU/HDD/VGA vượt qua 60 độ C
Màn hình    215"" (Kính thước: 215"", Độ phân giải: 1920 x 1080), cổng giao tiếp kết nối: HDMI port, có chân đế và cable HDMI kèm theo
- Màn hình vi tính đồng bộ cùng thương hiệu với hãng sản xuất máy vi tính
Bàn phím và chuột chuẩn chuẩn kết nối USB (sản phẩm đồng bộ cùng nhãn hiệu với nhãn hiệu máy vi tính)
- Hệ điều hành: Phần mềm bản quyền Microsoft Windows 11 64 bit
- Bảo hành 24 tháng
";13500000;405/2025/252/CTTĐG-VNVIC;16/12/2025;…;Bùi Thị Trà Giang
1404;;Máy in;cái;"Máy in laser đen trắng Canon LBP243DW
Loại máy in: Máy in laser đen trắng
Khổ giấy: A4/A5
Bộ nhớ:         256Mb
Tốc độ in: Tốc độ in 36 trang/phút (A4), 37 trang/phút (LTR)
In 2 mặt: 30 trang/phút (A4), 31 trang/phút (LTR)
In 2 mặt tự động
ADF: Không
Độ phân giải: Độ phân giải 600 x 600 dpi, 1200 x 1200 dpi (tương đương)
Cổng giao tiếp:        USB/ WIFI
Dùng mực: Hộp mực 070: 3000 trang (Theo bộ: 1500 trang)
Hộp mực: 070H: 10200 trang
Mô tả khác: In mạng
Màn hình LCD: 5 dòng
Thời gian bản in đầu tiên: 5 giây
Giấy vào: Khay giấy vào 250 tờ
Khay giấy ra : 150 tờ
Kết nối: USB 20, LAN có dây
Canon Mobile Printing (in qua thiết bị di động)
Hệ điều hành Windows,Mac OS, Linux(3), Chrome OS
Ngôn ngữ in UFR II
Kích thước (W x D x H): ~399 x 373 x 249 mm
Bảo hành chính hãng 24 tháng";6990000;405/2025/252/CTTĐG-VNVIC;16/12/2025;…;Bùi Thị Trà Giang
1405;;Máy tính xách tay;cái;"Máy tính xách tay HP 15s-fq5228TU,Core i3-1215U,8GB RAM,512GB SSD,Intel Graphics,156""FHD,Webcam,3 Cell,Wlan ac+BT,Win11 Home 64,Spruce Blue,1Y WTY_8U240PA
Bộ VXL Core i3 1215U 12GHz
Bộ nhớ RAM 8Gb DDR4 3200
Ổ cứng 512Gb SSD
Card màn hình VGA onboard - Intel UHD Graphics
Kích thước màn hình 156inch Full HD
Cổng giao tiếp 1 USB Type-C 5Gbps signaling rate (supports data transfer only and does not support charging or external monitors); 2 USB Type-A 5Gbps signaling rate; 1 AC smart pin; 1 HDMI 14b; 1 headphone/microphone combo
Hệ điều hành Windows 11 Home
Kích thước 3585 x 242 x 179 cm";11990000;405/2025/252/CTTĐG-VNVIC;16/12/2025;…;Bùi Thị Trà Giang
1406;;Máy in;cái;"Máy in laser đen trắng Canon LBP243DW
Loại máy in: Máy in laser đen trắng
Khổ giấy: A4/A5
Bộ nhớ:         256Mb
Tốc độ in: Tốc độ in 36 trang/phút (A4), 37 trang/phút (LTR)
In 2 mặt: 30 trang/phút (A4), 31 trang/phút (LTR)
In 2 mặt tự động
ADF: Không
Độ phân giải: Độ phân giải 600 x 600 dpi, 1200 x 1200 dpi (tương đương)
Cổng giao tiếp:        USB/ WIFI
Dùng mực: Hộp mực 070: 3000 trang (Theo bộ: 1500 trang)
Hộp mực: 070H: 10200 trang
Mô tả khác: In mạng
Màn hình LCD: 5 dòng
Thời gian bản in đầu tiên: 5 giây
Giấy vào: Khay giấy vào 250 tờ
Khay giấy ra : 150 tờ
Kết nối: USB 20, LAN có dây
Canon Mobile Printing (in qua thiết bị di động)
Hệ điều hành Windows,Mac OS, Linux(3), Chrome OS
Ngôn ngữ in UFR II
Kích thước (W x D x H): ~399 x 373 x 249 mm
Bảo hành chính hãng 24 tháng";6990000;405/2025/252/CTTĐG-VNVIC;16/12/2025;…;Bùi Thị Trà Giang
1407;;Phụ kiện máy tính xách tay;cái;"Cấu hình 5:
Túi đựng laptop, kích thước 14'' hoặc 156''
Chuột quang kết nối USB 20";500000;405/2025/252/CTTĐG-VNVIC;16/12/2025;…;Bùi Thị Trà Giang
1408;;Máy tính xách tay;cái;"Máy tính xách tay HP 15s-fq5228TU,Core i3-1215U,8GB RAM,512GB SSD,Intel Graphics,156""FHD,Webcam,3 Cell,Wlan ac+BT,Win11 Home 64,Spruce Blue,1Y WTY_8U240PA
Bộ VXL Core i3 1215U 12GHz
Bộ nhớ RAM 8Gb DDR4 3200
Ổ cứng 512Gb SSD
Card màn hình VGA onboard - Intel UHD Graphics
Kích thước màn hình 156inch Full HD
Cổng giao tiếp 1 USB Type-C 5Gbps signaling rate (supports data transfer only and does not support charging or external monitors); 2 USB Type-A 5Gbps signaling rate; 1 AC smart pin; 1 HDMI 14b; 1 headphone/microphone combo
Hệ điều hành Windows 11 Home
Kích thước 3585 x 242 x 179 cm";11990000;405/2025/252/CTTĐG-VNVIC;16/12/2025;…;Bùi Thị Trà Giang
1409;;Máy in;cái;"Máy in laser đen trắng Canon LBP243DW
Loại máy in: Máy in laser đen trắng
Khổ giấy: A4/A5
Bộ nhớ:         256Mb
Tốc độ in: Tốc độ in 36 trang/phút (A4), 37 trang/phút (LTR)
In 2 mặt: 30 trang/phút (A4), 31 trang/phút (LTR)
In 2 mặt tự động
ADF: Không
Độ phân giải: Độ phân giải 600 x 600 dpi, 1200 x 1200 dpi (tương đương)
Cổng giao tiếp:        USB/ WIFI
Dùng mực: Hộp mực 070: 3000 trang (Theo bộ: 1500 trang)
Hộp mực: 070H: 10200 trang
Mô tả khác: In mạng
Màn hình LCD: 5 dòng
Thời gian bản in đầu tiên: 5 giây
Giấy vào: Khay giấy vào 250 tờ
Khay giấy ra : 150 tờ
Kết nối: USB 20, LAN có dây
Canon Mobile Printing (in qua thiết bị di động)
Hệ điều hành Windows,Mac OS, Linux(3), Chrome OS
Ngôn ngữ in UFR II
Kích thước (W x D x H): ~399 x 373 x 249 mm
Bảo hành chính hãng 24 tháng";6990000;405/2025/252/CTTĐG-VNVIC;16/12/2025;…;Bùi Thị Trà Giang
1410;;Phụ kiện máy tính xách tay;cái;"Cấu hình 5:
Túi đựng laptop, kích thước 14'' hoặc 156''
Chuột quang kết nối USB 20";500000;405/2025/252/CTTĐG-VNVIC;16/12/2025;…;Bùi Thị Trà Giang
1411;;Máy tính để bàn ;cái;"Máy tính để bàn
Bộ vi xử lý Bộ xử lý Intel® Core™ i3-12100 (4 lõi, 8 luồng, 33Ghz)
Bộ nhớ RAM 8GB DDR4 3200Mhz
Ổ cứng SSD dung lượng 256Gb
Bảng mạch chủ Sử dụng chipset Intel® H610 Express Chipset
, giao tiếp kết nối: 02PCIe, 01xD-Sub(VGA) Port, 01xHDMI port, 06xUSB Ports, 01xM2slot; 04xSATA 60 Gb/s Port
Card màn hình: Tích hợp - Hỗ trợ Intel® UHD Graphics 730
Card âm thanh: Tích hợp cạc âm thanh High Definition Audio
Giao tiếp mạng: Tích hợp cạc mạng Gigabit Lan
Case máy tính và nguồn: Case máy tính tích hợp bộ  nguồn 550W Case có tích hợp màn hình hiển thị: hiển thị tốc độ quạt, nhiệt độ các thành phần CPU/HDD/VGA và có cảnh báo bằng âm thanh khi nhiệt độ của các thành  phần CPU/HDD/VGA vượt qua 60 độ C
Màn hình    215"" (Kính thước: 215"", Độ phân giải: 1920 x 1080), cổng giao tiếp kết nối: HDMI port, có chân đế và cable HDMI kèm theo
- Màn hình vi tính đồng bộ cùng thương hiệu với hãng sản xuất máy vi tính
Bàn phím và chuột chuẩn chuẩn kết nối USB (sản phẩm đồng bộ cùng nhãn hiệu với nhãn hiệu máy vi tính)
- Hệ điều hành: Phần mềm bản quyền Microsoft Windows 11 64 bit
- Bảo hành 24 tháng
";13500000;405/2025/252/CTTĐG-VNVIC;16/12/2025;…;Bùi Thị Trà Giang
1412;;Máy tính để bàn ;cái;"Máy tính để bàn
Bộ vi xử lý Bộ xử lý Intel® Core™ i3-12100 (4 lõi, 8 luồng, 33Ghz)
Bộ nhớ RAM 8GB DDR4 3200Mhz
Ổ cứng SSD dung lượng 256Gb
Bảng mạch chủ Sử dụng chipset Intel® H610 Express Chipset
, giao tiếp kết nối: 02PCIe, 01xD-Sub(VGA) Port, 01xHDMI port, 06xUSB Ports, 01xM2slot; 04xSATA 60 Gb/s Port
Card màn hình: Tích hợp - Hỗ trợ Intel® UHD Graphics 730
Card âm thanh: Tích hợp cạc âm thanh High Definition Audio
Giao tiếp mạng: Tích hợp cạc mạng Gigabit Lan
Case máy tính và nguồn: Case máy tính tích hợp bộ  nguồn 550W Case có tích hợp màn hình hiển thị: hiển thị tốc độ quạt, nhiệt độ các thành phần CPU/HDD/VGA và có cảnh báo bằng âm thanh khi nhiệt độ của các thành  phần CPU/HDD/VGA vượt qua 60 độ C
Màn hình    215"" (Kính thước: 215"", Độ phân giải: 1920 x 1080), cổng giao tiếp kết nối: HDMI port, có chân đế và cable HDMI kèm theo
- Màn hình vi tính đồng bộ cùng thương hiệu với hãng sản xuất máy vi tính
Bàn phím và chuột chuẩn chuẩn kết nối USB (sản phẩm đồng bộ cùng nhãn hiệu với nhãn hiệu máy vi tính)
- Hệ điều hành: Phần mềm bản quyền Microsoft Windows 11 64 bit
- Bảo hành 24 tháng
";13500000;405/2025/252/CTTĐG-VNVIC;16/12/2025;…;Bùi Thị Trà Giang
1413;;Máy tính xách tay;cái;"Máy tính xách tay HP 15s-fq5228TU,Core i3-1215U,8GB RAM,512GB SSD,Intel Graphics,156""FHD,Webcam,3 Cell,Wlan ac+BT,Win11 Home 64,Spruce Blue,1Y WTY_8U240PA
Bộ VXL Core i3 1215U 12GHz
Bộ nhớ RAM 8Gb DDR4 3200
Ổ cứng 512Gb SSD
Card màn hình VGA onboard - Intel UHD Graphics
Kích thước màn hình 156inch Full HD
Cổng giao tiếp 1 USB Type-C 5Gbps signaling rate (supports data transfer only and does not support charging or external monitors); 2 USB Type-A 5Gbps signaling rate; 1 AC smart pin; 1 HDMI 14b; 1 headphone/microphone combo
Hệ điều hành Windows 11 Home
Kích thước 3585 x 242 x 179 cm";11990000;405/2025/252/CTTĐG-VNVIC;16/12/2025;…;Bùi Thị Trà Giang
1414;;Máy in;cái;"Máy in laser đen trắng Canon LBP243DW
Loại máy in: Máy in laser đen trắng
Khổ giấy: A4/A5
Bộ nhớ:         256Mb
Tốc độ in: Tốc độ in 36 trang/phút (A4), 37 trang/phút (LTR)
In 2 mặt: 30 trang/phút (A4), 31 trang/phút (LTR)
In 2 mặt tự động
ADF: Không
Độ phân giải: Độ phân giải 600 x 600 dpi, 1200 x 1200 dpi (tương đương)
Cổng giao tiếp:        USB/ WIFI
Dùng mực: Hộp mực 070: 3000 trang (Theo bộ: 1500 trang)
Hộp mực: 070H: 10200 trang
Mô tả khác: In mạng
Màn hình LCD: 5 dòng
Thời gian bản in đầu tiên: 5 giây
Giấy vào: Khay giấy vào 250 tờ
Khay giấy ra : 150 tờ
Kết nối: USB 20, LAN có dây
Canon Mobile Printing (in qua thiết bị di động)
Hệ điều hành Windows,Mac OS, Linux(3), Chrome OS
Ngôn ngữ in UFR II
Kích thước (W x D x H): ~399 x 373 x 249 mm
Bảo hành chính hãng 24 tháng";6990000;405/2025/252/CTTĐG-VNVIC;16/12/2025;…;Bùi Thị Trà Giang
1415;;Máy tính để bàn ;cái;"Máy tính để bàn
Bộ vi xử lý Bộ xử lý Intel® Core™ i3-12100 (4 lõi, 8 luồng, 33Ghz)
Bộ nhớ RAM 8GB DDR4 3200Mhz
Ổ cứng SSD dung lượng 256Gb
Bảng mạch chủ Sử dụng chipset Intel® H610 Express Chipset
, giao tiếp kết nối: 02PCIe, 01xD-Sub(VGA) Port, 01xHDMI port, 06xUSB Ports, 01xM2slot; 04xSATA 60 Gb/s Port
Card màn hình: Tích hợp - Hỗ trợ Intel® UHD Graphics 730
Card âm thanh: Tích hợp cạc âm thanh High Definition Audio
Giao tiếp mạng: Tích hợp cạc mạng Gigabit Lan
Case máy tính và nguồn: Case máy tính tích hợp bộ  nguồn 550W Case có tích hợp màn hình hiển thị: hiển thị tốc độ quạt, nhiệt độ các thành phần CPU/HDD/VGA và có cảnh báo bằng âm thanh khi nhiệt độ của các thành  phần CPU/HDD/VGA vượt qua 60 độ C
Màn hình    215"" (Kính thước: 215"", Độ phân giải: 1920 x 1080), cổng giao tiếp kết nối: HDMI port, có chân đế và cable HDMI kèm theo
- Màn hình vi tính đồng bộ cùng thương hiệu với hãng sản xuất máy vi tính
Bàn phím và chuột chuẩn chuẩn kết nối USB (sản phẩm đồng bộ cùng nhãn hiệu với nhãn hiệu máy vi tính)
- Hệ điều hành: Phần mềm bản quyền Microsoft Windows 11 64 bit
- Bảo hành 24 tháng
";13500000;405/2025/252/CTTĐG-VNVIC;16/12/2025;…;Bùi Thị Trà Giang
1416;;Máy in;cái;"Máy in laser đen trắng Canon LBP243DW
Loại máy in: Máy in laser đen trắng
Khổ giấy: A4/A5
Bộ nhớ:         256Mb
Tốc độ in: Tốc độ in 36 trang/phút (A4), 37 trang/phút (LTR)
In 2 mặt: 30 trang/phút (A4), 31 trang/phút (LTR)
In 2 mặt tự động
ADF: Không
Độ phân giải: Độ phân giải 600 x 600 dpi, 1200 x 1200 dpi (tương đương)
Cổng giao tiếp:        USB/ WIFI
Dùng mực: Hộp mực 070: 3000 trang (Theo bộ: 1500 trang)
Hộp mực: 070H: 10200 trang
Mô tả khác: In mạng
Màn hình LCD: 5 dòng
Thời gian bản in đầu tiên: 5 giây
Giấy vào: Khay giấy vào 250 tờ
Khay giấy ra : 150 tờ
Kết nối: USB 20, LAN có dây
Canon Mobile Printing (in qua thiết bị di động)
Hệ điều hành Windows,Mac OS, Linux(3), Chrome OS
Ngôn ngữ in UFR II
Kích thước (W x D x H): ~399 x 373 x 249 mm
Bảo hành chính hãng 24 tháng";6990000;405/2025/252/CTTĐG-VNVIC;16/12/2025;…;Bùi Thị Trà Giang
1417;;Máy tính để bàn ;cái;"Máy tính để bàn
Bộ vi xử lý Bộ xử lý Intel® Core™ i3-12100 (4 lõi, 8 luồng, 33Ghz)
Bộ nhớ RAM 8GB DDR4 3200Mhz
Ổ cứng SSD dung lượng 256Gb
Bảng mạch chủ Sử dụng chipset Intel® H610 Express Chipset
, giao tiếp kết nối: 02PCIe, 01xD-Sub(VGA) Port, 01xHDMI port, 06xUSB Ports, 01xM2slot; 04xSATA 60 Gb/s Port
Card màn hình: Tích hợp - Hỗ trợ Intel® UHD Graphics 730
Card âm thanh: Tích hợp cạc âm thanh High Definition Audio
Giao tiếp mạng: Tích hợp cạc mạng Gigabit Lan
Case máy tính và nguồn: Case máy tính tích hợp bộ  nguồn 550W Case có tích hợp màn hình hiển thị: hiển thị tốc độ quạt, nhiệt độ các thành phần CPU/HDD/VGA và có cảnh báo bằng âm thanh khi nhiệt độ của các thành  phần CPU/HDD/VGA vượt qua 60 độ C
Màn hình    215"" (Kính thước: 215"", Độ phân giải: 1920 x 1080), cổng giao tiếp kết nối: HDMI port, có chân đế và cable HDMI kèm theo
- Màn hình vi tính đồng bộ cùng thương hiệu với hãng sản xuất máy vi tính
Bàn phím và chuột chuẩn chuẩn kết nối USB (sản phẩm đồng bộ cùng nhãn hiệu với nhãn hiệu máy vi tính)
- Hệ điều hành: Phần mềm bản quyền Microsoft Windows 11 64 bit
- Bảo hành 24 tháng
";13500000;405/2025/252/CTTĐG-VNVIC;16/12/2025;…;Bùi Thị Trà Giang
1418;;Máy tính để bàn ;cái;"Máy tính để bàn
Bộ vi xử lý Bộ xử lý Intel® Core™ i3-12100 (4 lõi, 8 luồng, 33Ghz)
Bộ nhớ RAM 8GB DDR4 3200Mhz
Ổ cứng SSD dung lượng 256Gb
Bảng mạch chủ Sử dụng chipset Intel® H610 Express Chipset
, giao tiếp kết nối: 02PCIe, 01xD-Sub(VGA) Port, 01xHDMI port, 06xUSB Ports, 01xM2slot; 04xSATA 60 Gb/s Port
Card màn hình: Tích hợp - Hỗ trợ Intel® UHD Graphics 730
Card âm thanh: Tích hợp cạc âm thanh High Definition Audio
Giao tiếp mạng: Tích hợp cạc mạng Gigabit Lan
Case máy tính và nguồn: Case máy tính tích hợp bộ  nguồn 550W Case có tích hợp màn hình hiển thị: hiển thị tốc độ quạt, nhiệt độ các thành phần CPU/HDD/VGA và có cảnh báo bằng âm thanh khi nhiệt độ của các thành  phần CPU/HDD/VGA vượt qua 60 độ C
Màn hình    215"" (Kính thước: 215"", Độ phân giải: 1920 x 1080), cổng giao tiếp kết nối: HDMI port, có chân đế và cable HDMI kèm theo
- Màn hình vi tính đồng bộ cùng thương hiệu với hãng sản xuất máy vi tính
Bàn phím và chuột chuẩn chuẩn kết nối USB (sản phẩm đồng bộ cùng nhãn hiệu với nhãn hiệu máy vi tính)
- Hệ điều hành: Phần mềm bản quyền Microsoft Windows 11 64 bit
- Bảo hành 24 tháng
";13500000;405/2025/252/CTTĐG-VNVIC;16/12/2025;…;Bùi Thị Trà Giang
1419;;Tủ để đồ dùng cá nhân;Cái;"The One/Xuân Hòa
Tủ để đồ dùng cá nhân 
Kích thước: 1800 x 400 x 1200 mm
Dung sai kích thước ± 5mm
Vật liệu: Gỗ cao su ghép thanh cao cấp loại AA dày 18mm được chứng nhận phù hợp với TCVN 8575:2010, đã qua xử lý chống ẩm mốc, mối mọt, không cong vênh, sơn phủ bóng cao cấp, hậu tủ alu vân gỗ 3mm Tủ 18 ô, cánh mở cắt CNC hoặc để kín tuỳ lựa chọn, tay khoét, chân có 06 bánh xe di chuyển Sản phẩm được đăng ký nhãn hiệu và sản xuất bởi nhà sản xuất đạt tiêu chuẩn ISO 9001:2015, ISO 14001: 2015
";7271000;405/2025/392/CTTĐG-VNVIC;18/12/2025;…;Bùi Thị Trà Giang
1420;;Bàn giáo viên;Cái;"The One/Xuân Hòa
Bàn giáo viên
Kích thước: 900 x 500 x 550 mm
Dung sai kích thước ± 5mm
Vật liệu: Gỗ cao su ghép thanh cao cấp loại 1 (AA) dày 18mm được chứng nhận phù hợp TCVN 8575:2010 dày 18mm, được xử lý chống ẩm, chống mối mọt Bề mặt được bào nhẵn và sơn phủ PU chống trầy xước, có giằng chân chắc chắn, đảm bảo tính thẩm mỹ Chân gỗ tự nhiên 60 x 60mm, có giằng 70x18mm quây xung quanh mặt ngồi đảm bảo chắc chắn";899000;405/2025/392/CTTĐG-VNVIC;18/12/2025;…;Bùi Thị Trà Giang
1421;;Kệ để thông tin trẻ + giá sách;Cái;"
Kệ để thông tin trẻ và để sách
Kích thước 1000 x 300 x 600 mm
Vật liệu: Gỗ cao su ghép thanh cao cấp loại 1 (AA) dày 18mm, được chứng nhận phù hợp TCVN 8575:2010, đã qua xử lý chống ẩm mốc, mối mọt, không cong vênh, sơn phủ bóng cao cấp đảm bảo tính thẩm mỹ bền đẹp của sản phẩm Giá không hậu, được chia 02 khoang: 1 khoang 2 tầng đợt phẳng, 1 khoang 2 tầng đợt dốc, chân có 06 bánh xe di chuyển";1237500;405/2025/392/CTTĐG-VNVIC;18/12/2025;…;Bùi Thị Trà Giang
1422;;Tủ đồ chơi chủ đề gia đình;Cái;"
Tủ bếp, giá góc gia đình 
Bao gồm: Tủ lạnh, máy giặt, bếp, bồn rửa, kệ góc
Tủ lạnh: 400 x 300 x 800 mm;
Kệ góc: 300 + 300 + 470 mm;
Máy giặt, bếp, bồn rửa: 400 x 300 x 500 mm (Kích thước bồn rửa không gồm vòi rửa)
Vật liệu: Gỗ cao su ghép thanh cao cấp loại 1 (AA) dày 18mm, được chứng nhận phù hợp TCVN 8575:2010, đã qua xử lý chống ẩm mốc, mối mọt, không cong vênh, sơn phủ bóng cao cấp đảm bảo tính thẩm mỹ bền đẹp của sản phẩm Sản phẩm được thiết kế gồm 05 khối mô phỏng 5 thiết bị quen thuộc với trẻ trong gia đình: Tủ lạnh, máy giặt, bếp, bồn rửa và kệ góc bếp Tủ lạnh 2 cánh mở có tay nắm hợp kim mở, có khoét lỗ mô phỏng chỗ lấy đá bên ngoài; Bếp thiết kế mô phỏng bếp 4 vùng nấu, phía dưới là lò nướng vi sóng/vi ba cánh gỗ mica mở tay nắm hợp kim nhôm; Bồn rửa có chậu rửa inox hình chữ nhật + vòi  rửa inox, dưới chia 02 tầng để đồ; Máy giặt cửa ngang gỗ mica mở; Kệ góc 2 đợt lượn cong hình dẻ quạt Toàn bộ 5 khối đều có bánh xe di chuyển Sản phẩm được đăng ký nhãn hiệu và sản xuất bởi nhà sản xuất đạt tiêu chuẩn ISO 9001:2015, ISO 14001: 2015
";4752000;405/2025/392/CTTĐG-VNVIC;18/12/2025;…;Bùi Thị Trà Giang
1423;;Kệ để đồ chơi chủ đề y tế;Cái;"
Kệ để đồ chơi chủ đề y tế
Kích thước: 800 x 300 x 650 mm
Vật liệu: Gỗ cao su ghép thanh cao cấp loại AA dày 18mm, được chứng nhận phù hợp TCVN 8575:2010; đã qua xử lý chống ẩm mốc, mối mọt, không cong vênh, sơn phủ bóng cao cấp Sản phẩm được thiết kế dạng tủ kệ, bên trái là tủ 2 tầng 2 cánh mở, có hậu gỗ cao su AA dày 10mm, trên tạo hình mái nhà chữ thập có thể cất giữ thuốc, đồ dùng đồ chơi dụng cụ bác sỹ, bên phải là kệ chia thành 2 tầng không hậu để đồ chơi và học liệu Chân có bánh xe di chuyển Sản phẩm sản xuất theo tiêu chuẩn ISO 9001:2015, ISO 14001: 2015";1250000;405/2025/392/CTTĐG-VNVIC;18/12/2025;…;Bùi Thị Trà Giang
1424;;Kệ để đồ chơi đa năng;Cái;"
Kệ để đồ chơi đa năng
Kích thước 1000 x 300 x 600 mm
Vật liệu: Gỗ cao su ghép thanh cao cấp loại 1 (AA) dày 18mm, được chứng nhận phù hợp TCVN 8575:2010, đã qua xử lý chống ẩm mốc, mối mọt, không cong vênh, sơn phủ bóng cao cấp đảm bảo tính thẩm mỹ bền đẹp của sản phẩm Giá không hậu để thông 2 mặt, chia 02 tầng, hai bên hồi giá có khoét lỗ tay cầm";887000;405/2025/392/CTTĐG-VNVIC;18/12/2025;…;Bùi Thị Trà Giang
1425;;Kệ để giầy dép;Cái;"
Giá để giày dép
Kích thước: D2000 x R300 x C600 (mm)
Vật liệu: Gỗ cao su ghép thanh cao cấp loại AA dày 18mm, hậu gỗ cao su AA 10mm được chứng nhận phù hợp với TCVN 8575:2010, đã qua xử lý chống ẩm mốc, mối mọt, không cong vênh, sơn phủ bóng cao cấp Chia 3 tầng, 02 khoang để dép, đợt để phẳng, dùng khoảng 35 đôi giày, dép Chân có bánh xe di chuyển Sản phẩm được đăng ký nhãn hiệu và sản xuất bởi nhà sản xuất đạt tiêu chuẩn ISO 9001:2015, ISO 14001: 2015
";2200000;405/2025/392/CTTĐG-VNVIC;18/12/2025;…;Bùi Thị Trà Giang
1426;;Băng ghế để trẻ thay giầy dép;Cái;"
Băng ghế để trẻ thay giầy dép
Kích thước: 800 x 300 x 250 mm
Vật liệu: Gỗ cao su ghép thanh cao cấp loại AA dày 18mm (gồm cả hậu) được chứng nhận phù hợp với TCVN 8575:2010, đã qua xử lý chống ẩm mốc, mối mọt, không cong vênh, sơn phủ bóng cao cấp Mặt ghế có đệm mút bọc da, có khóa thuận tiện cho việc vệ sinh Ghế được thiết kế có 1 đợt để dép, dùng cho trẻ ngồi đi giày dép Sản phẩm được đăng ký nhãn hiệu và sản xuất bởi nhà sản xuất đạt tiêu chuẩn ISO 9001:2015, ISO 14001: 2015
";1350000;405/2025/392/CTTĐG-VNVIC;18/12/2025;…;Bùi Thị Trà Giang
1427;;Tủ để chăn, gối, đệm;Cái;"The One/Xuân Hòa
Tủ để chăn, gối, đệm
Kích thước: 2000 x 400 x 1200 mm
Dung sai kích thước ± 5mm
Vật liệu: Khung tủ gỗcao su ghép thanh cao cấp loại AA dày 18mm,  hậu tủ gỗ AA dày 10mm, được chứng nhận phù hợp với TCVN 8575:2010, đã qua xử lý chống ẩm mốc, mối mọt, không cong vênh, sơn phủ bóng cao cấp Tủ 03 khoang: 02 khoang hai bên có cánh mở bên trong chia 03 tầng để gối, chăn của trẻ; khoang giữa 04 cánh mở, bên trong chia 02 tầng, tầng trên để chiếu, tầng dưới 02 ô để chăn Cánh tủ dùng dùng tay nắm inox và bản lề giảm chấn Đảm bảo độ bền, an toàn, thẩm mỹ Chân có bánh xe di chuyển dễ dàng Sản phẩm được sản xuất theo tiêu chuẩn ISO 9001:2015, ISO 14001: 2015
";7347600;405/2025/392/CTTĐG-VNVIC;18/12/2025;…;Bùi Thị Trà Giang
1428;;Bàn cho trẻ;Cái;"
""Bàn cho trẻ
Kích thước: 900 x 480 x 450 - 460 mm
Dung sai kích thước ± 5mm
Vật liệu: Gỗ cao su ghép thanh cao cấp loại 1 (AA) dày 18mm được chứng nhận phù hợp TCVN 8575:2010 dày 18mm, được xử lý chống ẩm, chống mối mọt Bề mặt được bào nhẵn và sơn phủ PU chống trầy xước, có giằng chân chắc chắn, đảm bảo tính thẩm mỹ Chân gỗ tự nhiên 60 x 60mm, có giằng 70x18mm quây xung quanh mặt ngồi đảm bảo chắc chắn""
";863000;405/2025/392/CTTĐG-VNVIC;18/12/2025;…;Bùi Thị Trà Giang
1429;;Ghế cho trẻ;Cái;"
""Ghế cho trẻ
Kích thước: R280 x S290 mm x C260/520mm
Dung sai kích thước ± 5mm
Vật liệu: gỗ cao su ghép thanh cao cấp loại 1 (AA) dày 18mm được chứng nhận phù hợp TCVN 8575:2010, đã qua xử lý chống ẩm mốc, mối mọt, không cong vênh, sơn phủ bóng cao cấp đảm bảo tính thẩm mỹ Chân gỗ tự nhiên 35 x 35mm, có giằng 50x 18mm quây xung quanh mặt ngồi đảm bảo chắc chắn Sản phẩm được đăng ký nhãn hiệu và sản xuất bởi nhà sản xuất đạt tiêu chuẩn ISO 9001:2015, ISO 14001: 2015""
";386000;405/2025/392/CTTĐG-VNVIC;18/12/2025;…;Bùi Thị Trà Giang
1430;;Ghế cho giáo viên;Cái;"
Ghế cho giáo viên
Kích thước: R320 x S320 mm x C350/600 mm 
Vật liệu: Gỗ sao sughép thanh cao cấp loại 1 (AA) dày 18mm được chứng nhận phù hợp TCVN 8575:2010, đã qua xử lý chống ẩm mốc, mối mọt, không cong vênh, sơn phủ bóng cao cấp đảm bảo tính thẩm mỹ Chân gỗ tự nhiên 18 x 55 mm, có giằng 55 x 18mm quây xung quanh mặt ngồi và giằng chân 30 x 18mm đảm bảo chắc chắn Sản phẩm được đăng ký nhãn hiệu và sản xuất bởi nhà sản xuất đạt tiêu chuẩn ISO 9001:2015, ISO 14001: 2015
";485000;405/2025/392/CTTĐG-VNVIC;18/12/2025;…;Bùi Thị Trà Giang
1431;;Bảng đa năng;Chiếc;"
Loại bảng: Bảng vách ngăn Scala một mặt ghim nỉ + 1 mặt từ trắng
Kích thước: D1200 x C1500 mm
Vật liệu: Bề mặt bảng: Mặt HQ trắng viết bút dạ; Bề mặt ghim kết hợp tiêu âm theo bộ sưu tập màu vải trang nhã mới Có thể kết hợp 2 bề mặt từ HQ + 1 mặt tiêu âm ghim có tác dụng ghim tài liệu đồng thời làm tiêu tiếng ồn và âm thanh Bảng được sử dụng cốt tiêu âm + cao su non 5mm dày 20 mm đảm bảo chắc chắn Bánh xe chuyên dụng có chốt hãm định vị Sản phẩm được sản xuất bởi Nhà sản xuất đạt tiêu chuẩn ISO 9001:2015; ISO 14001:2015
";6770000;405/2025/392/CTTĐG-VNVIC;18/12/2025;…;Bùi Thị Trà Giang
1432;;Bàn chơi cho trẻ (Bàn Osin);Cái;"
Bàn chơi cho trẻ (Bàn Osin)
Kiểu dáng: Hình vuông/tròn
Kích thước: 800 x 800 x 250 mm
Vật liệu: Gỗ cao su ghép thanh cao cấp loại 1 (AA), mặt bàn dày 18 mm, chân 40x40mm, được chứng nhận phù hợp TCVN 8575:2010 đã qua xử lý chống ẩm mốc, mối mọt, không cong vênh, được sơn phủ PU bóng đảm bảo tính thẩm mỹ bền đẹp của sản phẩm Sản phẩm được sản xuất bởi nhà sản xuất đạt tiêu chuẩn ISO 9001:2015, ISO 14001: 2015";1000000;405/2025/392/CTTĐG-VNVIC;18/12/2025;…;Bùi Thị Trà Giang
1433;;Giá phơi khăn mặt;Cái;"
Giá phơi khăn mặtKích thước: 1100 x 400 x 1000mmVật liệu: Inox 304 dày 1,2 mm, hình thang chia 5 tầng với 9 dây phơi phi 16, phơi được 36 khăn 250 x 250 mm không chồng lên nhau, chân có đầu bịt bằng nhựa chịu lực và chống trượt Giá có giằng chân 4 mặt đảm bảo chắc chắn, an toàn Sản phẩm được sản xuất bởi nhà sản xuất đạt tiêu chuẩn ISO 9001:2015, ISO 14001: 2015";1250000;405/2025/392/CTTĐG-VNVIC;18/12/2025;…;Bùi Thị Trà Giang
1434;;Tủ úp cốc;Cái;"
Tủ đựng ca, cốc
Kích thước: 600 x 300 x 900 mm
Vật liệu: toàn bộ làm bằng inox 304, khung vuông 25 x 25 x 1mm, cánh vuông 20x20x 1mm, bọc xung quanh inox tấm 0,6mm, khay hứng nước inox tấm dày 0,6mm Tủ có 3 tầng úp cốc và 1 tầng để thuốc Kệ úp cốc có khung 10 x 20 x 0,8 mm, nan inox 9,5 dày 0,8mm Tủ 04 cánh mở mica dày 5mm, có 4 bánh xe phi 50mm Thanh chắn quây 3 mặt trên nóc tủ bằng inox vuông 15 x 15 x 0,8mm Sản phẩm được sản xuất bởi nhà sản xuất đạt tiêu chuẩn ISO 9001:2015, ISO 14001: 2015
";2249350;405/2025/392/CTTĐG-VNVIC;18/12/2025;…;Bùi Thị Trà Giang
1435;;Cây ấm lạnh;Cái;"Model: DK900 Thương hiệu: Dako Xuất xứ: Trung Quốc
Cây ấm lạnh
Model: DK900 Thương hiệu: Dako Xuất xứ: Trung Quốc
Nhiệt độ nóng khoảng 45 độ C, phù hợp uống liền, không lo bị bỏng
Đặc biệt: Bình âm thân (bình nước đặt trong máy) Làm lạnh bằng block (khí nén)
Hệ thống bình chứa bằng thép không gỉ, an toàn, độ bền cao
Role tự ngắt khi hết nước, an toàn chống cháy nổ
Bình đun bằng thép không gỉ, an toàn, độ bền cao
Nhiệt độ nóng: >45oC, lạnh: <10oC
Công suất làm nóng: 550W - lạnh: 90 W";4050000;405/2025/392/CTTĐG-VNVIC;18/12/2025;…;Bùi Thị Trà Giang
1436;;Đệm cho trẻ;Cái;"
Đệm cho trẻ
Kích thước: 120 x 65cm
Chất liệu: Cotton chần gòn 6oz cao cấp thấm hút cao, tạo sự êm ái, mặt dưới là được thiết kế chống trơn trượt trên các bề mặt sàn";125000;405/2025/392/CTTĐG-VNVIC;18/12/2025;…;Bùi Thị Trà Giang
1437;;Rèm cuộn chống nắng;m2;"
Rèm cuộn chống nắng
- Mô tả: Vải phủ nhựa Polyester chống ẩm mốc, thanh rèm làm từ hợp kim nhôm cao cấp, dây điều khiển có độ bền cao
- Rèm được thử nghiệm chống thấm nước bề mặt (AATCC 22-2017) và khả năng bảo vệ tia UV (AS/NZS 4399:2017)";368000;405/2025/392/CTTĐG-VNVIC;18/12/2025;…;Bùi Thị Trà Giang
1438;;Tivi 75'' treo tường + giá treo;Cái;"UA75DU8500KXXV
Tivi 75'' treo tường + giá treo
* Tivi 75 inche
Model: UA75DU8500KXXV Xuất xứ: Samsung - Việt Nam
Hệ điều hành TizenOS
Loại Tivi TV LED 
Kích thước màn hình 75 inch 
Độ phân giải: 4K (3840 x 2160) Bluetooth (BT52) 
Kết nối: Internet Ethernet (LAN), WiFi 5, Bluetooth, Cổng Digital Audio Out (Optical), Cổng HDMI (3 cổng), Cổng USB (2 cổng), HDMI Audio Return Channel: eARC/ARC 
Tính năng: Multi Device Experience (Mobile to TV, Sound Mirroring, Wireless TV On, Tap View); Multi-View, Apple AirPlay Tích hợp đầu thu kỹ thuật số DVB-T2, trình duyệt Web Điều khiển tivi bằng điện thoại: Bằng ứng dụng SmartThings 
Công nghệ hình ảnh: Crystal Processor 4K, High Dynamic Range: HDR, HDR 10+, UHD Dimming, Contrast Enhancer
Công nghệ âm thanh: Q-Symphony, Adaptive Sound, Object Tracking Sound - OTS Lite
Tổng công suất loa 20W
* Giá treo tivi
Loại: Khung treo cố định, sử dụng cho tivi 75 inch
Chất liệu: Thép sơn tĩnh điện màu đen";19000000;405/2025/392/CTTĐG-VNVIC;18/12/2025;…;Bùi Thị Trà Giang
1439;;Loa vi tính;Bộ;"Loa Microlab M105 21
Loa vi tính
Hệ thống loa 21 với bộ khuếch đại chất lượng
Số lượng loa: 3
Công suất loa: 5W + 5W (25Wx2)
Tần số đáp ứng: 40Hz-20kHz
Cổng tín hiệu vào: 35mm stereo";528000;405/2025/392/CTTĐG-VNVIC;18/12/2025;…;Bùi Thị Trà Giang
1440;;Bộ mic trợ giảng không dây;Bộ;"Máy trợ giảng không dây Aporo T18
Bộ mic trợ giảng không dây:                                    
Công suất loa phát (với mic): RMS 15W
Công suất cực đại tối đa: PMPO 30W
Thời gian sạc: 6 giờ
Thời lượng pin (mic): ~4 giờ
Thời lượng pin máy: ~8 giờ
Kích thước thân máy: 13,5 (cao) x 11 (rộng) x 3,7 (dày)
Cổng sạc: DC5V/1A
Hỗ trợ kết nối: USB 20 / Bluetooth 50 / TF Card tối đa 32G / Aux 35 line inHỗ trợ chức năng:  USB, Ghi âm, FM, Thẻ nhớ, Bluetooth 50
Phụ kiện đi kèm: 1 Micro ko dây, kẹp đế,  dây sạc,  dây 35mm, dây đeo
";1300000;405/2025/392/CTTĐG-VNVIC;18/12/2025;…;Bùi Thị Trà Giang
1441;;Cốc uống nước;Cái;"
Cốc uống nước
Đường kính: 7cm
Vật liệu: Bằng inox 304, có quai không uốn mép đảm bảo vệ sinh an toàn khi sử dụng
Hãng sản xuất: Kim Khí Thăng Long";20000;405/2025/392/CTTĐG-VNVIC;18/12/2025;…;Bùi Thị Trà Giang
1442;;Máy vi tính để bàn giáo viên;Bộ;"FTA5224i
Máy vi tính để bàn đồng bộ
 Hãng Sản xuất: FPT
 Nhãn hiệu: FPT Elead
 Model: FTA5224i
 Xuất xứ: Việt Nam
 Bảo hành: 24 tháng
 Thông số kỹ thuật
 -Bộ vi xử lý: Bộ xử lý Intel Core i5-12400
 -Bộ nhớ RAM: dung lượng 8GB DDR4
 -Ổ cứng: dung lượng 512GB SSD
 -Bảng mạch chủ: Sử dụng chipset Intel H610; Giao tiếp kết nối: 02x PCIe, 01x HDMI port, 06x USB Ports, 01x M2 slot, 04x SATA 60 Gb/s Port, 03x Audio Jacks
 -Card màn hình: Tích hợp và hỗ trợ Intel UHD Graphics
 -Card âm thanh: Tích hợp cạc âm thanh High Definition Audio
 -Giao tiếp mạng: Tích hợp mạng Gigabit LAN
 -Case máy tính: Case máy tính FPT Elead kiểu dáng đứng nhỏ gọn (Slim Tower Case) Mặt trước của case có tích hợp màn hình hiển thị: hiển thị tốc độ quạt, nhiệt độ các thành phần CPU/HDD/VGA và có cảnh báo bằng âm thanh khi nhiệt độ của các thành phần CPU/HDD/VGA vượt qua 60 độ C
 -Màn hình: Màn hình vi tính FPT Elead 215” (Kính thước: 215 inch, Độ phân giải: 1920 x 1080), cổng giao tiếp kết nối: 01x D-Sub port và 01x HDMI port (Màn hình vi tính đồng bộ cùng thương hiệu với hãng sản xuất máy vi tính)
 -Bàn phím và chuột: Bàn phím FPT Elead tiêu chuẩn có dây và chuột FPT Elead có dây, chuẩn kết nối USB (sản phẩm đồng bộ cùng nhãn hiệu với nhãn hiệu máy vi tính)
 -Hệ điều hành: Phần mềm Microsoft Windows 11 bản quyền 
 -Tiêu chuẩn chất lượng: Máy vi tính được sản xuất trên dây chuyền công nghiệp bởi tổ chức đạt tiêu chuẩn ISO (ISO 9001:2015; ISO 14001:2015; ISO/IEC 27001:2013 và hệ thống quản lý chất lượng phòng LAB theo ISO/IEC 17025:2017)";14980000;405/2025/392/CTTĐG-VNVIC;18/12/2025;…;Bùi Thị Trà Giang
1443;;Máy in laser;Bộ;"Máy in laser đen trắng HP 4003DN 2Z609A
Máy in laser
Mã: HP 4003DN Thương hiệu: HP Xuất xứ: Việt Nam
Máy in laser đen trắng (2Z609A) (A4/A5/ Đảo mặt/ USB/ LAN)
Loại máy in Máy in laser đen trắng
Chức năng in
Khổ giấy A4/A5
Bộ nhớ 256 Mb
40 trang/ phút khổ A4 và 40 trang/ phút khổ Letter
In đảo mặt Có
ADF Không
Độ phân giải 1200 x 1200 dpi
Cổng giao tiếp USB/ LAN";6689000;405/2025/392/CTTĐG-VNVIC;18/12/2025;…;Bùi Thị Trà Giang
1444;;Đàn Organ;Cái;"BK-3 BK
Đàn Organ
Model: BK-3 BK Hãng sản xuất: ROLAND 
- 61 phím (Có vận tốc - cảm ứng gia tốc)
- Đa âm tối đa: 128 voices (GM2/GS/XG Lite), 16 parts; 
- Bộ nhớ lưu trữ ngoài : Số lượng không giới hạn (lưu trữ trên bộ nhớ USB)
 Hơn 500 “Âm nhạc Bộ nhớ Assistant” (bộ nhớ trong), 5 bộ nhớ “Factory Song” (bộ nhớ trong),
- Âm thanh: 851 tiếng; 53 bộ trống; 
- Giai điệu: 250 in 5 nhóm (đặc trưng của các dân tộc nằm trong nhóm WORLD 1 và WORLD 2) Cài đặt One Touch: 4 cài đặt cho mỗi điệu đệm (có thể cài đặt cho các điệu đệm trong thẻ nhớ USB) và USB đi kèm có hơn 1000 điệu
- Đọc điệu, tiếng, mp3, wave, midi, … trực tiếp từ USB (công nghệ Direct Reading)
- Chức năng ngắt tiếng (lời ca) các bài hát
- Hệ tiếng và điệu thừa hưởng từ các series BK-9, E-80, G-70, VA-7, để phù hợp hơn với nhạc Việt Nam
- Công suất đầu ra: 7,5W + 7,5W
- Bộ loa: 10cm x 2
- Màn hình điều khiển LCD 
Sản phẩm đạt tiêu chuẩn ISO 9001:2015; Chứng nhận: Low Voltage, EMC, ErP, RoHS
(Đã bao gồm chân, bao, nguồn, USB)";15730000;405/2025/392/CTTĐG-VNVIC;18/12/2025;…;Bùi Thị Trà Giang
1445;;Kệ thiên nhiên;Cái;"
Kệ thiên nhiên
Kích thước: 600 x 300 x 1440 mm
Vật liệu: Khung sắt hộp 20 x 20 x 1,2 mm sơn tĩnh điện kết hợp các ngăn kệ gỗ cao su ghép thanh dày 15mm được thiết kế với nhiều ngăn kệ bố trí so le nhau tạo lên sự sinh động hơn trong các trang trí, có thể để 10-12 chậu cây với 7 tầng khác nhau";1770000;405/2025/392/CTTĐG-VNVIC;18/12/2025;…;Bùi Thị Trà Giang
1446;;Giá treo yếm;Cái;"
Kích thước: 800 x 300 x 1000 mm
Vật liệu: Gỗ cao su ghép thanh cao cấp loại AA dày 18mm được chứng nhận phù hợp với TCVN 8575:2010, đã qua xử lý chống ẩm mốc, mối mọt, không cong vênh, sơn phủ bóng cao cấp Giá được thiết kế gồm 02 khoang: 01 khoang không hậu có suốt treo quần áo, trên là ngăn để đồ không hậu; 01 khoang có hậu chia 5 tầng để đồ Sản phẩm được đăng ký nhãn hiệu và sản xuất bởi nhà sản xuất đạt tiêu chuẩn ISO 9001:2015, ISO 14001: 2015   
";1558000;405/2025/392/CTTĐG-VNVIC;18/12/2025;…;Bùi Thị Trà Giang
1447;;Giá góc bế em;Cái;"
Giá góc bế em
Gồm 01 kệ để đồ và 01 giường búp bê
* Giá kệ để đồ: Kích thước: 800 x 300 x 600 mm 
Chất liệu: Gỗ cao su ghép thanh cao cấp loại AA dày 18mm được chứng nhận phù hợp với TCVN 8575:2010, đã qua xử lý chống ẩm mốc, mối mọt, không cong vênh, sơn phủ bóng cao cấp Giá được thiết kế lượn cong, không hậu, 2 hồi để thông, chân có bánh xe di chuyển
* Giường búp bê
Kích thước: 600 x 400 x 400 mm
Vật liệu: gỗ cao su ghép thanh cao cấp loại AA dày 18mm, được chứng nhận phù hợp TCVN 8575:2010; đã qua xử lý chống ẩm mốc, mối mọt, không cong vênh, sơn phủ bóng cao cấp Sản phẩm được thiết kế giường thu nhỏ dùng cho trẻ em chơi búp bê";1324480;405/2025/392/CTTĐG-VNVIC;18/12/2025;…;Bùi Thị Trà Giang
1448;;Băng ghế để trẻ đọc sách;Cái;"
Băng ghế để trẻ đọc sách
 Kích thước: 1200 x 300 x 300 mm
 Vật liệu: Gỗ cao su ghép thanh cao cấp loại 1 (AA) dày 18mm, được chứng nhận phù hợp TCVN 8575:2010, đã qua xử lý chống ẩm mốc, mối mọt, không cong vênh, sơn phủ bóng cao cấp đảm bảo tính thẩm mỹ bền đẹp của sản phẩm Ghế được thiết kế đa năng 2 trong 1 kết hợp giữa ghế ngồi có nệm bông ép bọc da 50mm và giá để sách 1 tầng với 3 khoang để sách truyện Sản phẩm được đăng ký nhãn hiệu và sản xuất bởi nhà sản xuất đạt tiêu chuẩn ISO 9001:2015, ISO 14001: 2015
";1785000;405/2025/392/CTTĐG-VNVIC;18/12/2025;…;Bùi Thị Trà Giang
1449;;Bàn vi tính giáo viên;Cái;"
Bàn vi tính giáo viên
(Có khay bàn phím, chỗ để CPU và máy in)
Kích thước: 900 x 500 x 800 mm
Dung sai kích thước ± 5mm
Vật liệu: Gỗ cao su ghép thanh cao cấp loại AA dày 18mm được chứng nhận phù hợp với TCVN 8575:2010, đã qua xử lý chống ẩm mốc, mối mọt, không cong vênh, sơn phủ bóng cao cấp Bàn có khay bàn phím, chỗ để CPU, có chỗ để máy in, có quây gờ 3 mặt, có khoét lỗ luồn dây, yếm lửng chân bàn chắc chắn Sản phẩm được đăng ký nhãn hiệu và sản xuất bởi nhà sản xuất đạt tiêu chuẩn ISO 9001:2015, ISO 14001: 2015";1752000;405/2025/392/CTTĐG-VNVIC;18/12/2025;…;Bùi Thị Trà Giang
1450;;Ghế vi tính giáo viên;Cái;"
Ghế cho giáo viên
Kích thước: R320 x S320 mm x C350/600 mm 
Vật liệu: Gỗ sao sughép thanh cao cấp loại 1 (AA) dày 18mm được chứng nhận phù hợp TCVN 8575:2010, đã qua xử lý chống ẩm mốc, mối mọt, không cong vênh, sơn phủ bóng cao cấp đảm bảo tính thẩm mỹ Chân gỗ tự nhiên 18 x 55 mm, có giằng 55 x 18mm quây xung quanh mặt ngồi và giằng chân 30 x 18mm đảm bảo chắc chắn Sản phẩm được đăng ký nhãn hiệu và sản xuất bởi nhà sản xuất đạt tiêu chuẩn ISO 9001:2015, ISO 14001: 2015
";685000;405/2025/392/CTTĐG-VNVIC;18/12/2025;…;Bùi Thị Trà Giang
1451;;Tủ đựng tài liệu;Cái;"The One/Xuân Hòa
Tủ đựng tài liệu
Kích thước: 1000 x 500 x 1800 mm
Vật liệu: Gỗ cao su ghép thanh cao cấp loại 1 (AA) dày 18mm, được chứng nhận phù hợp TCVN 8575:2010, đã qua xử lý chống ẩm mốc, mối mọt, không cong vênh, sơn phủ bóng cao cấp đảm bảo tính thẩm mỹ bền đẹp của sản phẩm, hậugỗ cao su AA dày 10mm Tủ được thiết kế: Phần trên 02 cánh gỗ mở mica, bên trong chia 03 tầng thông; phía dưới chia 02 ô tủ cánh gỗ mở Cánh tủ dùng bản lề giảm chấn, tay nắm inox, có khoá, có bánh xe di chuyển Sản phẩm sản xuất theo tiêu chuẩn ISO 9001: 2015, ISO 14001: 2015
";4899000;405/2025/392/CTTĐG-VNVIC;18/12/2025;…;Bùi Thị Trà Giang
1452;;Bảng thông tin tuyên truyền cửa lớp;Cái;"
Bảng thông tin tuyên truyền cửa lớp
Loại: Bảng ghim khung air
Kích thước: 1200 x 1800 mm
Chất liệu: Mặt bảng bằng vải nỉ cao cấp có thể ghim ngập đinh ghim một cách nhẹ nhàng và không để lại vết Cốt bảng  sử dụng tấm nhựa dày 10mm + cao su non 5 ly giúp bảng chắc chắn, chống cong vênh, ghim ngập đinh ghim và không để lại vết Viền quanh thân bảng là khung được làm từ hợp kim nhôm chất lượng cao được Anot hóa bề mặt màu ghi chì Khung nhôm được thiết kế ôm trọn mặt bảng mà không cần dùng các góc bít bảng như các loại bảng  thông thường khác Khung nhôm có bề rộng 22mm, bề dày 1mm cứng cáp, tạo cảm giác như bảng không khung Bảng không khung được lắp đặt lên tường bằng  hệ thống ke vít chuyên dụng ẩn đằng sau bảng tạo tính thẩm mĩ Sản phẩm được sản xuất bởi nhà sản xuất đạt tiêu chuẩn ISO 9001:2015; ISO 14001:2015";2500000;405/2025/392/CTTĐG-VNVIC;18/12/2025;…;Bùi Thị Trà Giang
1453;;Bộ sofa mini của bé;Bộ;"
Bao gồm 04 ghế tựa và 03 đôn tròn + 01 Bàn tròn + 01 tam giác
Kích thước:
Bàn tròn + tam giác: 40 x 45 cm
Ghế tựa: Dài 52 × R53 × C50 cm
Ghế đôn: ĐK 280mm, cao 200 - 280 mm
Chất liệu: Khung gỗ tự nhiên, mút xốp cao cấp, bọc nỉ màu sắc tươi sáng phù hợp với trẻ em

";6720000;405/2025/392/CTTĐG-VNVIC;18/12/2025;…;Bùi Thị Trà Giang
1454;;Bình đựng nước muối;Cái;"
 Bình nhựa tròn 15L sản xuất từ chất liệu nhựa PET chính phẩm cao cấp, an toàn Dùng để chứa các loại thức uống trong gia đình, giúp bảo quản thức uống lâu hơn";85000;405/2025/392/CTTĐG-VNVIC;18/12/2025;…;Bùi Thị Trà Giang
1455;;Xô;Cái;"
Xô hứng nước xúc miệng
Được làm từ nhựa PP nguyên sinh, không chứa chất độc hại, đảm bảo an toàn cho sức khỏe của người sử dụng và thân thiện với môi trường
Quai xách và hai bên có gờ nắm chắc chắn giúp việc vận chuyển xô nhựa được dễ dàng
Khung nhựa vững chắc, chịu va đập, chịu tải trọng tốt
-Có nắp đậy tiện dụng, bảo quản tốt
Kích thước (tham khảo): 34 x 31 x 29 cm
Dung tích: 14L
";49000;405/2025/392/CTTĐG-VNVIC;18/12/2025;…;Bùi Thị Trà Giang
1456;;Chậu;Cái;"
Chậu
Kích thước: Ø 35 x 122 cm
Được làm từ nhựa PP nguyên sinh, không chứa chất độc hại, đảm bảo an toàn cho sức khỏe của người sử dụng và thân thiện với môi trường ";20900;405/2025/392/CTTĐG-VNVIC;18/12/2025;…;Bùi Thị Trà Giang
1457;;Gối của trẻ;Cái;"
Gối:
Kích thước: 300 x400 mm
Chất liệu: Vỏ gối làm bằng Cotton sattin, thoáng mát thấm hút mồ hôi, ruột gối là gòn xơ cao cấp
";149000;405/2025/392/CTTĐG-VNVIC;18/12/2025;…;Bùi Thị Trà Giang
1458;;Chăn hè;Cái;"
Chăn hè
Chất liệu: Cotton chần bông 3oz mềm mại, thoáng mát thấm hút mồ hôi với nhiều hình dáng ngộ nghĩnh Một cháu/chăn
Kích thước: 1400 x 1000 mm";299000;405/2025/392/CTTĐG-VNVIC;18/12/2025;…;Bùi Thị Trà Giang
1459;;Chăn đông;Cái;"
Chăn đông
Kích thước: 1400 x 1000 mm
Chất liệu: Cotton trần bông 6oz mềm mại, thoáng khí, giữ ấm tốt, thấm hút mồ hôi với nhiều hình dáng ngộ nghĩnh Họa tiết dễ dương, nhiều màu sắc lựa chọn Một cháu/chăn
";465000;405/2025/392/CTTĐG-VNVIC;18/12/2025;…;Bùi Thị Trà Giang
1460;;Thảm trải sàn;m2;"
""Thảm trải sàn
Kích thước tấm : 60 x 60 cm, dày 7mm
Chất liệu: Đế xốp EVA + mặt thảm nỉ cao cấp độ bền cao""
";77400;405/2025/392/CTTĐG-VNVIC;18/12/2025;…;Bùi Thị Trà Giang
1461;;Thảm góc học tập;Cái;"
Thảm góc học tập
Loại: Thảm circle 2x3m
Kích thước: 2m x 3m
Chất liệu: sợi Polyester hoặc nỉ mềm mại, dễ lau chùi vệ sinh, chống trơn trượt Sản phẩm được chứng nhận là sản phẩm thiết bị dạy học, đồ dùng, đồ chơi theo phương pháp montessori dùng cho giáo dục mầm non đảm bảo tính sư phạm, tính kỹ thuật, tính thẩm mỹ, tính hiệu quả giáo dục, phù hợp với lứa tuổi; đáp ứng các yêu cầu về nội dung, phương pháp và hình thức tổ chức các hoạt động giáo dục cho trẻ trong trường mầm non tại Việt Nam";907500;405/2025/392/CTTĐG-VNVIC;18/12/2025;…;Bùi Thị Trà Giang
1462;;Thùng đựng rác;Cái;"Thùng Rác Eco Bộ 3 Xuất xứ: Duy Tân - Việt Nam
Thùng đựng rác
Thùng Rác Eco Bộ 3 Xuất xứ: Duy Tân - Việt Nam
Kích thước: 618 x 383 x 465 cm
Dung tích: 20 lít/ cái
Qui cách: 1 Bộ (3 cái)/ kiện
Chất liệu: Nhựa PP";460000;405/2025/392/CTTĐG-VNVIC;18/12/2025;…;Bùi Thị Trà Giang
1463;;Biển tên phòng;Cái;"
""Biển tên phòng:
- Kích thước: 110x300 mm
- Vật liệu: Inox tấm 304, mica trong
- Chữ và họa tiết trên tấm Inox được gia công bằng phương pháp Inox ăn mòn, mực sơn nội dung cao cấp không bị bay màu Tấm Inox sau khi gia công xong sẽ được gắn chặt vào tấm mica bằng loại keo chuyên dụng đảm bảo bền bỉ, chắc chắn""
";350000;405/2025/392/CTTĐG-VNVIC;18/12/2025;…;Bùi Thị Trà Giang
1464;;Rèm che nắng hiên chơi lớp học;m2;"
Rèm che nắng hiên chơi lớp học
Loại: Rèm cuốn bạt ngoài ban công
Bạt che mưa nắng hiên chơi sử dụng cơ cấu lò xo đồng trục Trục cuốn bằng nhôm Ø 63 cuốn 1 đầu bạt, đầu kia có thanh inox Ø 25 làm đai dưới Bạt được bắt lên tường bằng bản mã hai đầu trục cuốn Chất liệu bạt bằng bạt nhựa polyester Rèm được thử nghiệm tính kháng thấm thấm nước bề mặt theo AATCC 22-2017 và khả năng bảo vệ tia UV (độ truyền qua tia UV) theo AS/NZS 4399:2017 (Bao gồm cả vật tư, nhân công và phụ kiện lắp đặt hoàn thiện theo yêu cầu)";330000;405/2025/392/CTTĐG-VNVIC;18/12/2025;…;Bùi Thị Trà Giang
1465;;Đồng hồ treo tường;Cái;"
""Đồng hồ :
- Kích thước: 397x360x50 mm
- Mô tả: Chất liệu nhựa bền đẹp, chắc chắn
""
";350000;405/2025/392/CTTĐG-VNVIC;18/12/2025;…;Bùi Thị Trà Giang
1466;;Ổ cắm điện kéo dài đa năng;Cái;"
Ổ cắm kéo dài đa năng kết hợp 5 ổ
Ổ cắm điện có 5 lỗ 3 chấu, đa năng và có 5 công tắc đi kèm
Mỗi ổ cắm đều có nắp che, hạn chế tối đa bị phóng tia lửa điện, chống rò rỉ điện, chống giật hiệu quả, an toàn cho trẻ nhỏ
 Ổ cắm  được làm bằng hạt nhựa ABS nhập khẩu chịu nhiệt độ cao,chống cháy Chịu tải cao: Max 3200W, 2 lõi dây đồng : 2*1mm- Điện áp: 220V/ 50Hz
";235000;405/2025/392/CTTĐG-VNVIC;18/12/2025;…;Bùi Thị Trà Giang
1467;;Tủ để đồ dùng cá nhân;Cái;"
Tủ để đồ dùng cá nhân 
Kích thước: 1800 x 400 x 1200 mm
Dung sai kích thước ± 5mm
Vật liệu: Gỗ cao su ghép thanh cao cấp loại AA dày 18mm được chứng nhận phù hợp với TCVN 8575:2010, đã qua xử lý chống ẩm mốc, mối mọt, không cong vênh, sơn phủ bóng cao cấp, hậu tủ alu vân gỗ 3mm Tủ 18 ô, cánh mở cắt CNC hoặc để kín tuỳ lựa chọn, tay khoét, chân có 06 bánh xe di chuyển Sản phẩm được đăng ký nhãn hiệu và sản xuất bởi nhà sản xuất đạt tiêu chuẩn ISO 9001:2015, ISO 14001: 2015
";7271000;405/2025/392/CTTĐG-VNVIC;18/12/2025;…;Bùi Thị Trà Giang
1468;;Bàn giáo viên;Cái;"The One/Xuân Hòa
Bàn giáo viên
Kích thước: 900 x 500 x 550 mm
Dung sai kích thước ± 5mm
Vật liệu: Gỗ cao su ghép thanh cao cấp loại 1 (AA) dày 18mm được chứng nhận phù hợp TCVN 8575:2010 dày 18mm, được xử lý chống ẩm, chống mối mọt Bề mặt được bào nhẵn và sơn phủ PU chống trầy xước, có giằng chân chắc chắn, đảm bảo tính thẩm mỹ Chân gỗ tự nhiên 60 x 60mm, có giằng 70x18mm quây xung quanh mặt ngồi đảm bảo chắc chắn";899000;405/2025/392/CTTĐG-VNVIC;18/12/2025;…;Bùi Thị Trà Giang
1469;;Kệ để thông tin trẻ + giá sách;Cái;"
Kệ để thông tin trẻ và để sách
Kích thước 1000 x 300 x 800 mm
Vật liệu: Gỗ cao su ghép thanh cao cấp loại 1 (AA) dày 18mm (bao gồm cả hậu giá), được chứng nhận phù hợp TCVN 8575:2010, đã qua xử lý chống ẩm mốc, mối mọt, không cong vênh, sơn phủ bóng cao cấp đảm bảo tính thẩm mỹ bền đẹp của sản phẩm Giá chia 02 khoang: 1  khoang 3 tầng đợt phẳng, 1 khoang 3 tầng đợt dốc, chân có 06 bánh xe di chuyển Sản phẩm được đăng ký nhãn hiệu và sản xuất bởi nhà sản xuất đạt tiêu chuẩn ISO 9001:2015, ISO 14001: 2015";1650000;405/2025/392/CTTĐG-VNVIC;18/12/2025;…;Bùi Thị Trà Giang
1470;;Tủ đồ chơi chủ đề gia đình;Cái;"
Tủ bếp, giá góc gia đình 
Bao gồm: Tủ lạnh, máy giặt, bếp, bồn rửa, kệ góc
Tủ lạnh: 400 x 300 x 800 mm;
Kệ góc: 300 + 300 + 470 mm;
Máy giặt, bếp, bồn rửa: 400 x 300 x 500 mm (Kích thước bồn rửa không gồm vòi rửa)
Vật liệu: Gỗ cao su ghép thanh cao cấp loại 1 (AA) dày 18mm, được chứng nhận phù hợp TCVN 8575:2010, đã qua xử lý chống ẩm mốc, mối mọt, không cong vênh, sơn phủ bóng cao cấp đảm bảo tính thẩm mỹ bền đẹp của sản phẩm Sản phẩm được thiết kế gồm 05 khối mô phỏng 5 thiết bị quen thuộc với trẻ trong gia đình: Tủ lạnh, máy giặt, bếp, bồn rửa và kệ góc bếp Tủ lạnh 2 cánh mở có tay nắm hợp kim mở, có khoét lỗ mô phỏng chỗ lấy đá bên ngoài; Bếp thiết kế mô phỏng bếp 4 vùng nấu, phía dưới là lò nướng vi sóng/vi ba cánh gỗ mica mở tay nắm hợp kim nhôm; Bồn rửa có chậu rửa inox hình chữ nhật + vòi  rửa inox, dưới chia 02 tầng để đồ; Máy giặt cửa ngang gỗ mica mở; Kệ góc 2 đợt lượn cong hình dẻ quạt Toàn bộ 5 khối đều có bánh xe di chuyển Sản phẩm được đăng ký nhãn hiệu và sản xuất bởi nhà sản xuất đạt tiêu chuẩn ISO 9001:2015, ISO 14001: 2015
";4752000;405/2025/392/CTTĐG-VNVIC;18/12/2025;…;Bùi Thị Trà Giang
1471;;Kệ để đồ chơi chủ đề y tế;Cái;"
Kệ để đồ chơi chủ đề y tế
Kích thước: 800 x 300 x 900 mm
Vật liệu: Gỗ cao su ghép thanh cao cấp loại AA dày 18mm (hậu dày 10mm), được chứng nhận phù hợp TCVN 8575:2010; đã qua xử lý chống ẩm mốc, mối mọt, không cong vênh, sơn phủ bóng cao cấp Sản phẩm được thiết kế dạng tủ kệ, bên trái là tủ 3 tầng 3 cánh mở, có hậu gỗ cao su AA dày 10mm, trên tạo hình mái nhà chữ thập có thể cất giữ thuốc, đồ dùng đồ chơi dụng cụ bác sỹ, bên phải là kệ chia thành 3 tầng không hậu để đồ chơi và học liệu Chân có bánh xe di chuyển Sản phẩm sản xuất theo tiêu chuẩn ISO 9001:2015, ISO 14001: 2015";1500000;405/2025/392/CTTĐG-VNVIC;18/12/2025;…;Bùi Thị Trà Giang
1472;;Kệ để đồ chơi đa năng;Cái;"
Kệ để đồ chơi đa năng
Kích thước 1000 x 300 x 800 mm
Vật liệu: Gỗ cao su ghép thanh cao cấp loại 1 (AA) dày 18mm, được chứng nhận phù hợp TCVN 8575:2010, đã qua xử lý chống ẩm mốc, mối mọt, không cong vênh, sơn phủ bóng cao cấp đảm bảo tính thẩm mỹ bền đẹp của sản phẩm Giá không hậu để thông 2 mặt, chia 03 tầng, hai bên hồi giá có khoét lỗ tay cầm";950000;405/2025/392/CTTĐG-VNVIC;18/12/2025;…;Bùi Thị Trà Giang
1473;;Kệ để giầy dép;Cái;"
Giá để giày dép
Kích thước: D2000 x R300 x C600 (mm)
Vật liệu: Gỗ cao su ghép thanh cao cấp loại AA dày 18mm, hậu gỗ cao su AA 10mm được chứng nhận phù hợp với TCVN 8575:2010, đã qua xử lý chống ẩm mốc, mối mọt, không cong vênh, sơn phủ bóng cao cấp Chia 3 tầng, 02 khoang để dép, đợt để phẳng, dùng khoảng 35 đôi giày, dép Chân có bánh xe di chuyển Sản phẩm được đăng ký nhãn hiệu và sản xuất bởi nhà sản xuất đạt tiêu chuẩn ISO 9001:2015, ISO 14001: 2015
";2200000;405/2025/392/CTTĐG-VNVIC;18/12/2025;…;Bùi Thị Trà Giang
1474;;Băng ghế để trẻ thay giầy dép;Cái;"
Băng ghế để trẻ thay giầy dép
Kích thước: 800 x 300 x 250 mm
Vật liệu: Gỗ cao su ghép thanh cao cấp loại AA dày 18mm (gồm cả hậu) được chứng nhận phù hợp với TCVN 8575:2010, đã qua xử lý chống ẩm mốc, mối mọt, không cong vênh, sơn phủ bóng cao cấp Mặt ghế có đệm mút bọc da, có khóa thuận tiện cho việc vệ sinh Ghế được thiết kế có 1 đợt để dép, dùng cho trẻ ngồi đi giày dép Sản phẩm được đăng ký nhãn hiệu và sản xuất bởi nhà sản xuất đạt tiêu chuẩn ISO 9001:2015, ISO 14001: 2015
";1350000;405/2025/392/CTTĐG-VNVIC;18/12/2025;…;Bùi Thị Trà Giang
1475;;Tủ để chăn, gối, đệm;Cái;"
Tủ để chăn, gối, đệm
Kích thước: 2000 x 400 x 1200 mm
Dung sai kích thước ± 5mm
Vật liệu: Khung tủ gỗcao su ghép thanh cao cấp loại AA dày 18mm,  hậu tủ gỗ AA dày 10mm, được chứng nhận phù hợp với TCVN 8575:2010, đã qua xử lý chống ẩm mốc, mối mọt, không cong vênh, sơn phủ bóng cao cấp Tủ 03 khoang: 02 khoang hai bên có cánh mở bên trong chia 03 tầng để gối, chăn của trẻ; khoang giữa 04 cánh mở, bên trong chia 02 tầng, tầng trên để chiếu, tầng dưới 02 ô để chăn Cánh tủ dùng dùng tay nắm inox và bản lề giảm chấn Đảm bảo độ bền, an toàn, thẩm mỹ Chân có bánh xe di chuyển dễ dàng Sản phẩm được sản xuất theo tiêu chuẩn ISO 9001:2015, ISO 14001: 2015
";7347600;405/2025/392/CTTĐG-VNVIC;18/12/2025;…;Bùi Thị Trà Giang
1476;;Bàn cho trẻ 1;Cái;"
""Bàn cho trẻ
Kích thước: 900 x 480 x 450 - 460 mm
Dung sai kích thước ± 5mm
Vật liệu: Gỗ cao su ghép thanh cao cấp loại 1 (AA) dày 18mm được chứng nhận phù hợp TCVN 8575:2010 dày 18mm, được xử lý chống ẩm, chống mối mọt Bề mặt được bào nhẵn và sơn phủ PU chống trầy xước, có giằng chân chắc chắn, đảm bảo tính thẩm mỹ Chân gỗ tự nhiên 60 x 60mm, có giằng 70x18mm quây xung quanh mặt ngồi đảm bảo chắc chắn""
";863000;405/2025/392/CTTĐG-VNVIC;18/12/2025;…;Bùi Thị Trà Giang
1477;;Bàn cho trẻ 2;Cái;"
""Bàn cho trẻ
Kích thước: 900 x 480 x 450 - 460 mm
Dung sai kích thước ± 5mm
Vật liệu: Gỗ cao su ghép thanh cao cấp loại 1 (AA) dày 18mm được chứng nhận phù hợp TCVN 8575:2010 dày 18mm, được xử lý chống ẩm, chống mối mọt Bề mặt được bào nhẵn và sơn phủ PU chống trầy xước, có giằng chân chắc chắn, đảm bảo tính thẩm mỹ Chân gỗ tự nhiên 60 x 60mm, có giằng 70x18mm quây xung quanh mặt ngồi đảm bảo chắc chắn""
";863000;405/2025/392/CTTĐG-VNVIC;18/12/2025;…;Bùi Thị Trà Giang
1478;;Ghế cho trẻ 1;Cái;"
""Ghế cho trẻ
Kích thước: R280 x S290 mm x C260/520mm
Dung sai kích thước ± 5mm
Vật liệu: gỗ cao su ghép thanh cao cấp loại 1 (AA) dày 18mm được chứng nhận phù hợp TCVN 8575:2010, đã qua xử lý chống ẩm mốc, mối mọt, không cong vênh, sơn phủ bóng cao cấp đảm bảo tính thẩm mỹ Chân gỗ tự nhiên 35 x 35mm, có giằng 50x 18mm quây xung quanh mặt ngồi đảm bảo chắc chắn Sản phẩm được đăng ký nhãn hiệu và sản xuất bởi nhà sản xuất đạt tiêu chuẩn ISO 9001:2015, ISO 14001: 2015""
";386000;405/2025/392/CTTĐG-VNVIC;18/12/2025;…;Bùi Thị Trà Giang
1479;;Ghế cho trẻ 2;Cái;"
""Ghế cho trẻ
Kích thước: R280 x S290 mm x C260/520mm
Dung sai kích thước ± 5mm
Vật liệu: gỗ cao su ghép thanh cao cấp loại 1 (AA) dày 18mm được chứng nhận phù hợp TCVN 8575:2010, đã qua xử lý chống ẩm mốc, mối mọt, không cong vênh, sơn phủ bóng cao cấp đảm bảo tính thẩm mỹ Chân gỗ tự nhiên 35 x 35mm, có giằng 50x 18mm quây xung quanh mặt ngồi đảm bảo chắc chắn Sản phẩm được đăng ký nhãn hiệu và sản xuất bởi nhà sản xuất đạt tiêu chuẩn ISO 9001:2015, ISO 14001: 2015""
";386000;405/2025/392/CTTĐG-VNVIC;18/12/2025;…;Bùi Thị Trà Giang
1480;;Ghế cho giáo viên;Cái;"The One/Xuân Hòa
Ghế cho giáo viên
Kích thước: R320 x S320 mm x C350/600 mm 
Vật liệu: Gỗ sao sughép thanh cao cấp loại 1 (AA) dày 18mm được chứng nhận phù hợp TCVN 8575:2010, đã qua xử lý chống ẩm mốc, mối mọt, không cong vênh, sơn phủ bóng cao cấp đảm bảo tính thẩm mỹ Chân gỗ tự nhiên 18 x 55 mm, có giằng 55 x 18mm quây xung quanh mặt ngồi và giằng chân 30 x 18mm đảm bảo chắc chắn Sản phẩm được đăng ký nhãn hiệu và sản xuất bởi nhà sản xuất đạt tiêu chuẩn ISO 9001:2015, ISO 14001: 2015
";485000;405/2025/392/CTTĐG-VNVIC;18/12/2025;…;Bùi Thị Trà Giang
1481;;Bảng đa năng ;Chiếc;"
Loại bảng: Bảng vách ngăn Scala một mặt ghim nỉ + 1 mặt từ trắng
Kích thước: D1200 x C1500 mm
Vật liệu: Bề mặt bảng: Mặt HQ trắng viết bút dạ; Bề mặt ghim kết hợp tiêu âm theo bộ sưu tập màu vải trang nhã mới Có thể kết hợp 2 bề mặt từ HQ + 1 mặt tiêu âm ghim có tác dụng ghim tài liệu đồng thời làm tiêu tiếng ồn và âm thanh Bảng được sử dụng cốt tiêu âm + cao su non 5mm dày 20 mm đảm bảo chắc chắn Bánh xe chuyên dụng có chốt hãm định vị Sản phẩm được sản xuất bởi Nhà sản xuất đạt tiêu chuẩn ISO 9001:2015; ISO 14001:2015
";6770000;405/2025/392/CTTĐG-VNVIC;18/12/2025;…;Bùi Thị Trà Giang
1482;;Bàn chơi cho trẻ (Bàn Osin);Cái;"
Bàn chơi cho trẻ (Bàn Osin)
Kiểu dáng: Hình vuông/tròn
Kích thước: 800 x 800 x 250 mm
Vật liệu: Gỗ cao su ghép thanh cao cấp loại 1 (AA), mặt bàn dày 18 mm, chân 40x40mm, được chứng nhận phù hợp TCVN 8575:2010 đã qua xử lý chống ẩm mốc, mối mọt, không cong vênh, được sơn phủ PU bóng đảm bảo tính thẩm mỹ bền đẹp của sản phẩm Sản phẩm được sản xuất bởi nhà sản xuất đạt tiêu chuẩn ISO 9001:2015, ISO 14001: 2015";1000000;405/2025/392/CTTĐG-VNVIC;18/12/2025;…;Bùi Thị Trà Giang
1483;;Giá phơi khăn mặt;Cái;"
Giá phơi khăn mặtKích thước: 1100 x 400 x 1000mmVật liệu: Inox 304 dày 1,2 mm, hình thang chia 5 tầng với 9 dây phơi phi 16, phơi được 36 khăn 250 x 250 mm không chồng lên nhau, chân có đầu bịt bằng nhựa chịu lực và chống trượt Giá có giằng chân 4 mặt đảm bảo chắc chắn, an toàn Sản phẩm được sản xuất bởi nhà sản xuất đạt tiêu chuẩn ISO 9001:2015, ISO 14001: 2015";1250000;405/2025/392/CTTĐG-VNVIC;18/12/2025;…;Bùi Thị Trà Giang
1484;;Tủ úp cốc;Cái;"
Tủ đựng ca, cốc
Kích thước: 600 x 300 x 900 mm
Vật liệu: toàn bộ làm bằng inox 304, khung vuông 25 x 25 x 1mm, cánh vuông 20x20x 1mm, bọc xung quanh inox tấm 0,6mm, khay hứng nước inox tấm dày 0,6mm Tủ có 3 tầng úp cốc và 1 tầng để thuốc Kệ úp cốc có khung 10 x 20 x 0,8 mm, nan inox 9,5 dày 0,8mm Tủ 04 cánh mở mica dày 5mm, có 4 bánh xe phi 50mm Thanh chắn quây 3 mặt trên nóc tủ bằng inox vuông 15 x 15 x 0,8mm Sản phẩm được sản xuất bởi nhà sản xuất đạt tiêu chuẩn ISO 9001:2015, ISO 14001: 2015
";2249350;405/2025/392/CTTĐG-VNVIC;18/12/2025;…;Bùi Thị Trà Giang
1485;;Cây ấm lạnh;Cái;"Model: DK900 Thương hiệu: Dako Xuất xứ: Trung Quốc
Cây ấm lạnh
Model: DK900 Thương hiệu: Dako Xuất xứ: Trung Quốc
Nhiệt độ nóng khoảng 45 độ C, phù hợp uống liền, không lo bị bỏng
Đặc biệt: Bình âm thân (bình nước đặt trong máy) Làm lạnh bằng block (khí nén)
Hệ thống bình chứa bằng thép không gỉ, an toàn, độ bền cao
Role tự ngắt khi hết nước, an toàn chống cháy nổ
Bình đun bằng thép không gỉ, an toàn, độ bền cao
Nhiệt độ nóng: >45oC, lạnh: <10oC
Công suất làm nóng: 550W - lạnh: 90 W";4050000;405/2025/392/CTTĐG-VNVIC;18/12/2025;…;Bùi Thị Trà Giang
1486;;Đệm cho trẻ;Cái;"
Đệm cho trẻ
Kích thước: 120 x 65cm
Chất liệu: Cotton chần gòn 6oz cao cấp thấm hút cao, tạo sự êm ái, mặt dưới là được thiết kế chống trơn trượt trên các bề mặt sàn";125000;405/2025/392/CTTĐG-VNVIC;18/12/2025;…;Bùi Thị Trà Giang
1487;;Rèm cuộn chống nắng;m2;"
Rèm cuộn chống nắng
- Mô tả: Vải phủ nhựa Polyester chống ẩm mốc, thanh rèm làm từ hợp kim nhôm cao cấp, dây điều khiển có độ bền cao
- Rèm được thử nghiệm chống thấm nước bề mặt (AATCC 22-2017) và khả năng bảo vệ tia UV (AS/NZS 4399:2017)";368000;405/2025/392/CTTĐG-VNVIC;18/12/2025;…;Bùi Thị Trà Giang
1488;;Tivi 75'' treo tường + giá treo;Cái;"UA75DU8500KXXV
Tivi 75'' treo tường + giá treo
* Tivi 75 inche
Model: UA75DU8500KXXV Xuất xứ: Samsung - Việt Nam
Hệ điều hành TizenOS
Loại Tivi TV LED 
Kích thước màn hình 75 inch 
Độ phân giải: 4K (3840 x 2160) Bluetooth (BT52) 
Kết nối: Internet Ethernet (LAN), WiFi 5, Bluetooth, Cổng Digital Audio Out (Optical), Cổng HDMI (3 cổng), Cổng USB (2 cổng), HDMI Audio Return Channel: eARC/ARC 
Tính năng: Multi Device Experience (Mobile to TV, Sound Mirroring, Wireless TV On, Tap View); Multi-View, Apple AirPlay Tích hợp đầu thu kỹ thuật số DVB-T2, trình duyệt Web Điều khiển tivi bằng điện thoại: Bằng ứng dụng SmartThings 
Công nghệ hình ảnh: Crystal Processor 4K, High Dynamic Range: HDR, HDR 10+, UHD Dimming, Contrast Enhancer
Công nghệ âm thanh: Q-Symphony, Adaptive Sound, Object Tracking Sound - OTS Lite
Tổng công suất loa 20W
* Giá treo tivi
Loại: Khung treo cố định, sử dụng cho tivi 75 inch
Chất liệu: Thép sơn tĩnh điện màu đen";19000000;405/2025/392/CTTĐG-VNVIC;18/12/2025;…;Bùi Thị Trà Giang
1489;;Loa vi tính;Bộ;"Loa Microlab M105 21
Loa vi tính
Hệ thống loa 21 với bộ khuếch đại chất lượng
Số lượng loa: 3
Công suất loa: 5W + 5W (25Wx2)
Tần số đáp ứng: 40Hz-20kHz
Cổng tín hiệu vào: 35mm stereo";528000;405/2025/392/CTTĐG-VNVIC;18/12/2025;…;Bùi Thị Trà Giang
1490;;Bộ mic trợ giảng không dây;Bộ;"Máy trợ giảng không dây Aporo T18
Bộ mic trợ giảng không dây:                                    
Công suất loa phát (với mic): RMS 15W
Công suất cực đại tối đa: PMPO 30W
Thời gian sạc: 6 giờ
Thời lượng pin (mic): ~4 giờ
Thời lượng pin máy: ~8 giờ
Kích thước thân máy: 13,5 (cao) x 11 (rộng) x 3,7 (dày)
Cổng sạc: DC5V/1A
Hỗ trợ kết nối: USB 20 / Bluetooth 50 / TF Card tối đa 32G / Aux 35 line inHỗ trợ chức năng:  USB, Ghi âm, FM, Thẻ nhớ, Bluetooth 50
Phụ kiện đi kèm: 1 Micro ko dây, kẹp đế,  dây sạc,  dây 35mm, dây đeo
";1300000;405/2025/392/CTTĐG-VNVIC;18/12/2025;…;Bùi Thị Trà Giang
1491;;Cốc uống nước;Cái;"
Cốc uống nước
Đường kính: 7cm
Vật liệu: Bằng inox 304, có quai không uốn mép đảm bảo vệ sinh an toàn khi sử dụng
Hãng sản xuất: Kim Khí Thăng Long";20000;405/2025/392/CTTĐG-VNVIC;18/12/2025;…;Bùi Thị Trà Giang
1492;;Biển tên phòng;Cái;"
""Biển tên phòng:
- Kích thước: 110x300 mm
- Vật liệu: Inox tấm 304, mica trong
- Chữ và họa tiết trên tấm Inox được gia công bằng phương pháp Inox ăn mòn, mực sơn nội dung cao cấp không bị bay màu Tấm Inox sau khi gia công xong sẽ được gắn chặt vào tấm mica bằng loại keo chuyên dụng đảm bảo bền bỉ, chắc chắn""
";350000;405/2025/392/CTTĐG-VNVIC;18/12/2025;…;Bùi Thị Trà Giang
1493;;Máy vi tính để bàn giáo viên;Bộ;"FTA5224i
Máy vi tính để bàn đồng bộ
 Hãng Sản xuất: FPT
 Nhãn hiệu: FPT Elead
 Model: FTA5224i
 Xuất xứ: Việt Nam
 Bảo hành: 24 tháng
 Thông số kỹ thuật
 -Bộ vi xử lý: Bộ xử lý Intel Core i5-12400
 -Bộ nhớ RAM: dung lượng 8GB DDR4
 -Ổ cứng: dung lượng 512GB SSD
 -Bảng mạch chủ: Sử dụng chipset Intel H610; Giao tiếp kết nối: 02x PCIe, 01x HDMI port, 06x USB Ports, 01x M2 slot, 04x SATA 60 Gb/s Port, 03x Audio Jacks
 -Card màn hình: Tích hợp và hỗ trợ Intel UHD Graphics
 -Card âm thanh: Tích hợp cạc âm thanh High Definition Audio
 -Giao tiếp mạng: Tích hợp mạng Gigabit LAN
 -Case máy tính: Case máy tính FPT Elead kiểu dáng đứng nhỏ gọn (Slim Tower Case) Mặt trước của case có tích hợp màn hình hiển thị: hiển thị tốc độ quạt, nhiệt độ các thành phần CPU/HDD/VGA và có cảnh báo bằng âm thanh khi nhiệt độ của các thành phần CPU/HDD/VGA vượt qua 60 độ C
 -Màn hình: Màn hình vi tính FPT Elead 215” (Kính thước: 215 inch, Độ phân giải: 1920 x 1080), cổng giao tiếp kết nối: 01x D-Sub port và 01x HDMI port (Màn hình vi tính đồng bộ cùng thương hiệu với hãng sản xuất máy vi tính)
 -Bàn phím và chuột: Bàn phím FPT Elead tiêu chuẩn có dây và chuột FPT Elead có dây, chuẩn kết nối USB (sản phẩm đồng bộ cùng nhãn hiệu với nhãn hiệu máy vi tính)
 -Hệ điều hành: Phần mềm Microsoft Windows 11 bản quyền 
 -Tiêu chuẩn chất lượng: Máy vi tính được sản xuất trên dây chuyền công nghiệp bởi tổ chức đạt tiêu chuẩn ISO (ISO 9001:2015; ISO 14001:2015; ISO/IEC 27001:2013 và hệ thống quản lý chất lượng phòng LAB theo ISO/IEC 17025:2017)";14980000;405/2025/392/CTTĐG-VNVIC;18/12/2025;…;Bùi Thị Trà Giang
1494;;Máy in laser;Bộ;"Máy in laser đen trắng HP 4003DN 2Z609A
Máy in laser
Mã: HP 4003DN Thương hiệu: HP Xuất xứ: Việt Nam
Máy in laser đen trắng (2Z609A) (A4/A5/ Đảo mặt/ USB/ LAN)
Loại máy in Máy in laser đen trắng
Chức năng in
Khổ giấy A4/A5
Bộ nhớ 256 Mb
40 trang/ phút khổ A4 và 40 trang/ phút khổ Letter
In đảo mặt Có
ADF Không
Độ phân giải 1200 x 1200 dpi
Cổng giao tiếp USB/ LAN";6689000;405/2025/392/CTTĐG-VNVIC;18/12/2025;…;Bùi Thị Trà Giang
1495;;Đàn Organ;Cái;"BK-3 BK
Đàn Organ
Model: BK-3 BK Hãng sản xuất: ROLAND 
- 61 phím (Có vận tốc - cảm ứng gia tốc)
- Đa âm tối đa: 128 voices (GM2/GS/XG Lite), 16 parts; 
- Bộ nhớ lưu trữ ngoài : Số lượng không giới hạn (lưu trữ trên bộ nhớ USB)
 Hơn 500 “Âm nhạc Bộ nhớ Assistant” (bộ nhớ trong), 5 bộ nhớ “Factory Song” (bộ nhớ trong),
- Âm thanh: 851 tiếng; 53 bộ trống; 
- Giai điệu: 250 in 5 nhóm (đặc trưng của các dân tộc nằm trong nhóm WORLD 1 và WORLD 2) Cài đặt One Touch: 4 cài đặt cho mỗi điệu đệm (có thể cài đặt cho các điệu đệm trong thẻ nhớ USB) và USB đi kèm có hơn 1000 điệu
- Đọc điệu, tiếng, mp3, wave, midi, … trực tiếp từ USB (công nghệ Direct Reading)
- Chức năng ngắt tiếng (lời ca) các bài hát
- Hệ tiếng và điệu thừa hưởng từ các series BK-9, E-80, G-70, VA-7, để phù hợp hơn với nhạc Việt Nam
- Công suất đầu ra: 7,5W + 7,5W
- Bộ loa: 10cm x 2
- Màn hình điều khiển LCD 
Sản phẩm đạt tiêu chuẩn ISO 9001:2015; Chứng nhận: Low Voltage, EMC, ErP, RoHS
(Đã bao gồm chân, bao, nguồn, USB)";15730000;405/2025/392/CTTĐG-VNVIC;18/12/2025;…;Bùi Thị Trà Giang
1496;;Kệ thiên nhiên;Cái;"
Kệ thiên nhiên
Kích thước: 600 x 300 x 1440 mm
Vật liệu: Khung sắt hộp 20 x 20 x 1,2 mm sơn tĩnh điện kết hợp các ngăn kệ gỗ cao su ghép thanh dày 15mm được thiết kế với nhiều ngăn kệ bố trí so le nhau tạo lên sự sinh động hơn trong các trang trí, có thể để 10-12 chậu cây với 7 tầng khác nhau";1770000;405/2025/392/CTTĐG-VNVIC;18/12/2025;…;Bùi Thị Trà Giang
1497;;Băng ghế để trẻ đọc sách;Cái;"
Băng ghế để trẻ đọc sách
 Kích thước: 1200 x 300 x 300 mm
 Vật liệu: Gỗ cao su ghép thanh cao cấp loại 1 (AA) dày 18mm, được chứng nhận phù hợp TCVN 8575:2010, đã qua xử lý chống ẩm mốc, mối mọt, không cong vênh, sơn phủ bóng cao cấp đảm bảo tính thẩm mỹ bền đẹp của sản phẩm Ghế được thiết kế đa năng 2 trong 1 kết hợp giữa ghế ngồi có nệm bông ép bọc da 50mm và giá để sách 1 tầng với 3 khoang để sách truyện Sản phẩm được đăng ký nhãn hiệu và sản xuất bởi nhà sản xuất đạt tiêu chuẩn ISO 9001:2015, ISO 14001: 2015
";1785000;405/2025/392/CTTĐG-VNVIC;18/12/2025;…;Bùi Thị Trà Giang
1498;;Giá góc bán hàng;Cái;"
Giá góc bán hàng
Kích thước: 1000 x 300 x 800 mm
Vật liệu: Gỗ cao su ghép thanh cao cấp loại 1 (AA) dày 18mm, được chứng nhận phù hợp TCVN 8575:2010, đã qua xử lý chống ẩm mốc, mối mọt, không cong vênh, sơn phủ bóng cao cấp đảm bảo tính thẩm mỹ bền đẹp của sản phẩm Giá được thiết kế không hậu, gồm 02 tầng: tầng dưới chia 02 khoang; tầng trên không chia khoang có đợt nóc dốc 15 độ, chạy gờ 30mm và chia 03 ô ô để trẻ bày bán đồ hàng, có bánh xe di chuyển Sản phẩm được đăng ký nhãn hiệu và sản xuất bởi nhà sản xuất đạt tiêu chuẩn ISO 9001:2015, ISO 14001: 2015
";1250000;405/2025/392/CTTĐG-VNVIC;18/12/2025;…;Bùi Thị Trà Giang
1499;;Giá rau củ quả;Cái;"
Giá rau củ quả
Kích thước: 490 x 350 x 600/900 mm
Vật liệu: Gỗ cao su ghép thanh cao cấp loại AA dày 18mm, được chứng nhận phù hợp TCVN 8575:2010; đã qua xử lý chống ẩm mốc, mối mọt, không cong vênh, sơn phủ bóng cao cấp đảm bảo tính thẩm mỹ bền đẹp của sản phẩm Giá rau củ quả được thiết kế 3 tầng dạng khay để rau của quả, trên có gắn bảng viết, Chân có bánh xe di chuyển Sản phẩm sản xuất theo tiêu chuẩn ISO 9001:2015, ISO 14001: 2015";1100000;405/2025/392/CTTĐG-VNVIC;18/12/2025;…;Bùi Thị Trà Giang
1500;;Bàn vi tính giáo viên;Cái;"
Bàn vi tính giáo viên
(Có khay bàn phím, chỗ để CPU và máy in)
Kích thước: 900 x 500 x 800 mm
Dung sai kích thước ± 5mm
Vật liệu: Gỗ cao su ghép thanh cao cấp loại AA dày 18mm được chứng nhận phù hợp với TCVN 8575:2010, đã qua xử lý chống ẩm mốc, mối mọt, không cong vênh, sơn phủ bóng cao cấp Bàn có khay bàn phím, chỗ để CPU, có chỗ để máy in, có quây gờ 3 mặt, có khoét lỗ luồn dây, yếm lửng chân bàn chắc chắn Sản phẩm được đăng ký nhãn hiệu và sản xuất bởi nhà sản xuất đạt tiêu chuẩn ISO 9001:2015, ISO 14001: 2015";1752000;405/2025/392/CTTĐG-VNVIC;18/12/2025;…;Bùi Thị Trà Giang
1501;;Ghế vi tính giáo viên;Cái;"The One/Xuân Hòa
Ghế cho giáo viên
Kích thước: R320 x S320 mm x C350/600 mm 
Vật liệu: Gỗ sao sughép thanh cao cấp loại 1 (AA) dày 18mm được chứng nhận phù hợp TCVN 8575:2010, đã qua xử lý chống ẩm mốc, mối mọt, không cong vênh, sơn phủ bóng cao cấp đảm bảo tính thẩm mỹ Chân gỗ tự nhiên 18 x 55 mm, có giằng 55 x 18mm quây xung quanh mặt ngồi và giằng chân 30 x 18mm đảm bảo chắc chắn Sản phẩm được đăng ký nhãn hiệu và sản xuất bởi nhà sản xuất đạt tiêu chuẩn ISO 9001:2015, ISO 14001: 2015
";685000;405/2025/392/CTTĐG-VNVIC;18/12/2025;…;Bùi Thị Trà Giang
1502;;Tủ đựng tài liệu;Cái;"The One/Xuân Hòa
Tủ đựng tài liệu
Kích thước: 1000 x 500 x 1800 mm
Vật liệu: Gỗ cao su ghép thanh cao cấp loại 1 (AA) dày 18mm, được chứng nhận phù hợp TCVN 8575:2010, đã qua xử lý chống ẩm mốc, mối mọt, không cong vênh, sơn phủ bóng cao cấp đảm bảo tính thẩm mỹ bền đẹp của sản phẩm, hậugỗ cao su AA dày 10mm Tủ được thiết kế: Phần trên 02 cánh gỗ mở mica, bên trong chia 03 tầng thông; phía dưới chia 02 ô tủ cánh gỗ mở Cánh tủ dùng bản lề giảm chấn, tay nắm inox, có khoá, có bánh xe di chuyển Sản phẩm sản xuất theo tiêu chuẩn ISO 9001: 2015, ISO 14001: 2015
";4899000;405/2025/392/CTTĐG-VNVIC;18/12/2025;…;Bùi Thị Trà Giang
1503;;Bảng thông tin tuyên truyền cửa lớp;Cái;"
Bảng thông tin tuyên truyền cửa lớp
Loại: Bảng ghim khung air
Kích thước: 1200 x 1800 mm
Chất liệu: Mặt bảng bằng vải nỉ cao cấp có thể ghim ngập đinh ghim một cách nhẹ nhàng và không để lại vết Cốt bảng  sử dụng tấm nhựa dày 10mm + cao su non 5 ly giúp bảng chắc chắn, chống cong vênh, ghim ngập đinh ghim và không để lại vết Viền quanh thân bảng là khung được làm từ hợp kim nhôm chất lượng cao được Anot hóa bề mặt màu ghi chì Khung nhôm được thiết kế ôm trọn mặt bảng mà không cần dùng các góc bít bảng như các loại bảng  thông thường khác Khung nhôm có bề rộng 22mm, bề dày 1mm cứng cáp, tạo cảm giác như bảng không khung Bảng không khung được lắp đặt lên tường bằng  hệ thống ke vít chuyên dụng ẩn đằng sau bảng tạo tính thẩm mĩ Sản phẩm được sản xuất bởi nhà sản xuất đạt tiêu chuẩn ISO 9001:2015; ISO 14001:2015";2500000;405/2025/392/CTTĐG-VNVIC;18/12/2025;…;Bùi Thị Trà Giang
1504;;Bộ sofa mini của bé;Bộ;"
Bao gồm 04 ghế tựa và 03 đôn tròn + 01 Bàn tròn + 01 tam giác
Kích thước:
Bàn tròn + tam giác: 40 x 45 cm
Ghế tựa: Dài 52 × R53 × C50 cm
Ghế đôn: ĐK 280mm, cao 200 - 280 mm
Chất liệu: Khung gỗ tự nhiên, mút xốp cao cấp, bọc nỉ màu sắc tươi sáng phù hợp với trẻ em

";6720000;405/2025/392/CTTĐG-VNVIC;18/12/2025;…;Bùi Thị Trà Giang
1505;;Rèm che nắng hiên chơi lớp học;m2;"
Rèm che nắng hiên chơi lớp học
Loại: Rèm cuốn bạt ngoài ban công
Bạt che mưa nắng hiên chơi sử dụng cơ cấu lò xo đồng trục Trục cuốn bằng nhôm Ø 63 cuốn 1 đầu bạt, đầu kia có thanh inox Ø 25 làm đai dưới Bạt được bắt lên tường bằng bản mã hai đầu trục cuốn Chất liệu bạt bằng bạt nhựa polyester Rèm được thử nghiệm tính kháng thấm thấm nước bề mặt theo AATCC 22-2017 và khả năng bảo vệ tia UV (độ truyền qua tia UV) theo AS/NZS 4399:2017 (Bao gồm cả vật tư, nhân công và phụ kiện lắp đặt hoàn thiện theo yêu cầu)";330000;405/2025/392/CTTĐG-VNVIC;18/12/2025;…;Bùi Thị Trà Giang
1506;;Bình đựng nước muối;Cái;"
 Bình nhựa tròn 15L sản xuất từ chất liệu nhựa PET chính phẩm cao cấp, an toàn Dùng để chứa các loại thức uống trong gia đình, giúp bảo quản thức uống lâu hơn";85000;405/2025/392/CTTĐG-VNVIC;18/12/2025;…;Bùi Thị Trà Giang
1507;;Xô;Cái;"
Xô hứng nước xúc miệng
Được làm từ nhựa PP nguyên sinh, không chứa chất độc hại, đảm bảo an toàn cho sức khỏe của người sử dụng và thân thiện với môi trường
Quai xách và hai bên có gờ nắm chắc chắn giúp việc vận chuyển xô nhựa được dễ dàng
Khung nhựa vững chắc, chịu va đập, chịu tải trọng tốt
-Có nắp đậy tiện dụng, bảo quản tốt
Kích thước (tham khảo): 34 x 31 x 29 cm
Dung tích: 14L
";49000;405/2025/392/CTTĐG-VNVIC;18/12/2025;…;Bùi Thị Trà Giang
1508;;Chậu;Cái;"
Chậu
Kích thước: Ø 35 x 122 cm
Được làm từ nhựa PP nguyên sinh, không chứa chất độc hại, đảm bảo an toàn cho sức khỏe của người sử dụng và thân thiện với môi trường ";20900;405/2025/392/CTTĐG-VNVIC;18/12/2025;…;Bùi Thị Trà Giang
1509;;Gối của trẻ;Cái;"
Gối:
Kích thước: 300 x400 mm
Chất liệu: Vỏ gối làm bằng Cotton sattin, thoáng mát thấm hút mồ hôi, ruột gối là gòn xơ cao cấp
";149000;405/2025/392/CTTĐG-VNVIC;18/12/2025;…;Bùi Thị Trà Giang
1510;;Chăn hè;Cái;"
Chăn hè
Chất liệu: Cotton chần bông 3oz mềm mại, thoáng mát thấm hút mồ hôi với nhiều hình dáng ngộ nghĩnh Một cháu/chăn
Kích thước: 1400 x 1000 mm";299000;405/2025/392/CTTĐG-VNVIC;18/12/2025;…;Bùi Thị Trà Giang
1511;;Chăn đông;Cái;"
Chăn đông
Kích thước: 1400 x 1000 mm
Chất liệu: Cotton trần bông 6oz mềm mại, thoáng khí, giữ ấm tốt, thấm hút mồ hôi với nhiều hình dáng ngộ nghĩnh Họa tiết dễ dương, nhiều màu sắc lựa chọn Một cháu/chăn
";465000;405/2025/392/CTTĐG-VNVIC;18/12/2025;…;Bùi Thị Trà Giang
1512;;Thảm trải sàn;m2;"
""Thảm trải sàn
Kích thước tấm : 60 x 60 cm, dày 7mm
Chất liệu: Đế xốp EVA + mặt thảm nỉ cao cấp độ bền cao""
";77400;405/2025/392/CTTĐG-VNVIC;18/12/2025;…;Bùi Thị Trà Giang
1513;;Thảm góc học tập;Cái;"
Thảm góc học tập
Loại: Thảm circle 2x3m
Kích thước: 2m x 3m
Chất liệu: sợi Polyester hoặc nỉ mềm mại, dễ lau chùi vệ sinh, chống trơn trượt Sản phẩm được chứng nhận là sản phẩm thiết bị dạy học, đồ dùng, đồ chơi theo phương pháp montessori dùng cho giáo dục mầm non đảm bảo tính sư phạm, tính kỹ thuật, tính thẩm mỹ, tính hiệu quả giáo dục, phù hợp với lứa tuổi; đáp ứng các yêu cầu về nội dung, phương pháp và hình thức tổ chức các hoạt động giáo dục cho trẻ trong trường mầm non tại Việt Nam";907500;405/2025/392/CTTĐG-VNVIC;18/12/2025;…;Bùi Thị Trà Giang
1514;;Thùng đựng rác;Cái;"
Thùng đựng rác
Thùng Rác Eco Bộ 3 Xuất xứ: Duy Tân - Việt Nam
Kích thước: 618 x 383 x 465 cm
Dung tích: 20 lít/ cái
Qui cách: 1 Bộ (3 cái)/ kiện
Chất liệu: Nhựa PP";460000;405/2025/392/CTTĐG-VNVIC;18/12/2025;…;Bùi Thị Trà Giang
1515;;Đồng hồ treo tường;Cái;"
""Đồng hồ :
- Kích thước: 397x360x50 mm
- Mô tả: Chất liệu nhựa bền đẹp, chắc chắn
""
";350000;405/2025/392/CTTĐG-VNVIC;18/12/2025;…;Bùi Thị Trà Giang
1516;;Ổ cắm điện kéo dài đa năng;Cái;"
Ổ cắm kéo dài đa năng kết hợp 5 ổ
Ổ cắm điện có 5 lỗ 3 chấu, đa năng và có 5 công tắc đi kèm
Mỗi ổ cắm đều có nắp che, hạn chế tối đa bị phóng tia lửa điện, chống rò rỉ điện, chống giật hiệu quả, an toàn cho trẻ nhỏ
 Ổ cắm  được làm bằng hạt nhựa ABS nhập khẩu chịu nhiệt độ cao,chống cháy Chịu tải cao: Max 3200W, 2 lõi dây đồng : 2*1mm- Điện áp: 220V/ 50Hz
";235000;405/2025/392/CTTĐG-VNVIC;18/12/2025;…;Bùi Thị Trà Giang
1517;;Bếp từ đôi công nghiệp kính phẳng;Chiếc;"
Bếp từ đôi công nghiệp kính phẳng:Công nghệ: Sản xuất tiêu chuẩn ISO 9001:2015
 - Kích thước (Dài x Rộng xCao): 1300x800x 550/1100mm (chiều cao thành sau: 650mm)- Tổng công suất: 24 kW (12kW/họng)- Nguồn điện: 380V/50Hz- Mặt kính dày 6 ly , có bộ lọc nhiễm từ, vỏ bọc nguồn bằng nhôm rất quan trọng để đảm bảo tản nhiệt và ko ảnh hưởng đến các linh kiện khác+ Sử dụng chip kỹ thuật số này có thể xử lý chính xác và nhanh chóng tín hiệu kỹ thuật số và báo lỗi chuẩn bị xử lý kịp thời lỗi báo trực tiếp trên hiển thị mặt điều khiển ví dụ lỗi không nồi, lỗi giải nhiệt kém, điện nguồn+ Mạch điều khiển bằng ngôn ngữ Tiếng Việt dễ Sử dụng, dễ thao tác, dễ kiểm soát lỗi và Sử lý lỗi cho người Sử dụng và bộ phận bảo hành sản phẩm- Có 8 nấc điều chỉnh khi đun nấu đồng thời giữ ấm giúp cho đồ ăn thơm ngon Bếp chạy êm, không tiếng động, tuổi thọ cao, an toàn cho người sử dụng Tính năng: xào, rán, nấu sử dụng an toàn và hiện đại- Kính Ceramic chịu nhiệt, mặt kính tròn đường kính D430mm dày 6mm  Khi đun nấu dùng nồi từ, đáy tròn- Vật liệu: vỏ ngoài Inox 304 dày 1,0mm, khung inox hộp 304: 30x30x1,0mm, chân ống inox 304 phi 50x1,2mm có chân chỉnh Được cắt gấp bằng máy thủy lực Hàn bằng khí argon bảo vệ mối hàn tránh hiện tượng ô xi hóa- Có đường ống nước cung cấp vào 2 chảo nằm trên thành phía sau và đường thoát nước phía trướcInox nhập khẩu
";55000000;405/2025/392/CTTĐG-VNVIC;18/12/2025;…;Bùi Thị Trà Giang
1518;;Bếp từ đôi công nghiệp lõm, chảo rời;Chiếc;"
Bếp từ đôi công nghiệp lõm, chảo rời
- Kích thước: D1500 x R800 x C800/1100mm
- Công suất: 24KW- 380V
- Vật liệu: Inox 304 mặt bếp dày 12mm
- Mặt kính dày 6 ly , có bộ lọc nhiễm từ, vỏ bọc nguồn bằng nhôm rất quan trọng để đảm bảo tản nhiệt và ko ảnh hưởng đến các linh kiện khác+ Sử dụng chip kỹ thuật số này có thể xử lý chính xác và nhanh chóng tín hiệu kỹ thuật số và báo lỗi chuẩn bị xử lý kịp thời lỗi báo trực tiếp trên hiển thị mặt điều khiển ví dụ lỗi không nồi, lỗi giải nhiệt kém, điện nguồn+ Mạch điều khiển bằng ngôn ngữ Tiếng Việt dễ Sử dụng, dễ thao tác, dễ kiểm soát lỗi và Sử lý lỗi cho người Sử dụng và bộ phận bảo hành sản phẩm- Có 8 nấc điều chỉnh khi đun nấu đồng thời giữ ấm giúp cho đồ ăn thơm ngon Bếp chạy êm, không tiếng động, tuổi thọ cao, an toàn cho người sử dụng Tính năng: xào, rán, nấu sử dụng an toàn và hiện đại- Kính Ceramic chịu nhiệt, mặt kính lõm đường kính 500mm Khi xào nấu dùng chảo từ lõm đường kính 500 mm- Vật liệu: vỏ ngoài Inox 304 dày 1,0mm, khung inox hộp 304: 30x30x1,0mm, chân ống inox 304 phi 50x1,2mm có chân chỉnh Được cắt gấp bằng máy thủy lực Hàn bằng khí argon bảo vệ mối hàn tránh hiện tượng ô xi hóa- Có đường ống nước cung cấp vào 2 chảo nằm trên thành phía sau và đường thoát nước phía trước";58000000;405/2025/392/CTTĐG-VNVIC;18/12/2025;…;Bùi Thị Trà Giang
1519;;Bếp từ đơn phẳng, chảo rời;chiếc;"
Bếp từ đơn phẳng
- Kích thước: 700x800x550/1100mm
- Công suất: 12Kw
- Điện áp: 380V/ 3P
- Vật liệu: Inox 304 mặt bếp dày 12mm, thân vỏ dày 10mm
- Mặt kính dày 6 ly , có bộ lọc nhiễm từ, vỏ bọc nguồn bằng nhôm rất quan trọng để đảm bảo tản nhiệt và ko ảnh hưởng đến các linh kiện khác+ Sử dụng chip kỹ thuật số này có thể xử lý chính xác và nhanh chóng tín hiệu kỹ thuật số và báo lỗi chuẩn bị xử lý kịp thời lỗi báo trực tiếp trên hiển thị mặt điều khiển ví dụ lỗi không nồi, lỗi giải nhiệt kém, điện nguồn+ Mạch điều khiển bằng ngôn ngữ Tiếng Việt dễ Sử dụng, dễ thao tác, dễ kiểm soát lỗi và Sử lý lỗi cho người Sử dụng và bộ phận bảo hành sản phẩm- Có 8 nấc điều chỉnh khi đun nấu đồng thời giữ ấm giúp cho đồ ăn thơm ngon Bếp chạy êm, không tiếng động, tuổi thọ cao, an toàn cho người sử dụng Tính năng: xào, rán, nấu sử dụng an toàn và hiện đại- Kính Ceramic chịu nhiệt, mặt kính tròn đường kính D430mm dày 6mm - Vật liệu: vỏ ngoài Inox 304 dày 1,0mm, khung inox hộp 304: 30x30x1,0mm, chân ống inox 304 phi 50x1,2mm có chân chỉnh Được cắt gấp bằng máy thủy lực Hàn bằng khí argon bảo vệ mối hàn tránh hiện tượng ô xi hóa";29400000;405/2025/392/CTTĐG-VNVIC;18/12/2025;…;Bùi Thị Trà Giang
1520;;Bàn sơ chế thức ăn sống (thịt, cá), hoa quả;Chiếc;"
Bàn sơ chế thức ăn sống (thịt, cá), hoa quả
- Vật liệu: Inox 304
– Kích thước (Dài x Rộng x Cao): 1500 x 750 x 800/900 mm
– Đặc điểm:
+ Mặt bàn dày 1mm được tạo hình bằng máy gấp thuỷ lực, đường nét sắc sảo, chắc chắn Có lót gỗ dày 16 mm và tăng cứng mặt bàn
+ Chân bàn bằng hộp inox 40×40 mm dày 1mm, thanh giằng hộp 20×40 mm dày 07 mm, đợt bên dưới đan nan 10×40 mm (A=50 mm)
+ Sản phẩm được hàn bằng khí Argon tránh hiện tượng oxy hóa
+ Chân tăng chỉnh
Sản phẩm được chứng nhận QCVN 12-3:2011/BYT và được sản xuất bởi Nhà sản xuất đạt tiêu chuẩn ISO 9001:2015; ISO 14001:2015";7150000;405/2025/392/CTTĐG-VNVIC;18/12/2025;…;Bùi Thị Trà Giang
1521;;Bàn sơ chế thức ăn sống (rau + vo gạo);Chiếc;"
Bàn sơ chế thức ăn sống (rau + vo gạo)
Kích thước: 1500 x 750 x 800/900mm
Bàn bếp làm bằng inox 304 chất lượng cao có 1 đợt phẳng phía dưới đựng đồ Mặt bàn có lót gỗ, phủ Inox 304 dày 1,2mm Mặt cạnh bàn làm phủ mặt inox cao 200 (tính từ mặt bàn xuống dưới) Chân bàn inox hộp vuông 40x40mm, d12mm, thanh giằng hộp vuông dày 0,6mm Giá dưới phẳng dày 12mm Chân bằng hộp 40x40 mm Chân tăng chỉnh Sản phẩm được hàn bằng khí Argon tránh hiện tượng oxy hóa
Sản phẩm được chứng nhận QCVN 12-3:2011/BYT và được sản xuất bởi Nhà sản xuất đạt tiêu chuẩn ISO 9001:2015; ISO 14001:2015";7150000;405/2025/392/CTTĐG-VNVIC;18/12/2025;…;Bùi Thị Trà Giang
1522;;Bàn chế biến thức ăn chín;Chiếc;"
Bàn chế biến thức ăn chín
- Kích thước: 1500x750x800
- Vật liệu: Inox 304
- Mặt bàn làm bằng inox 304 dày 1mm Có lót gỗ dày 16 mm và tăng cứng mặt bàn
- Chân bàn bằng hộp inox 40×40 mm dày 1mm,thanh giằng hộp 20×40 mm dày 07 mm, đợt bên dưới đan nan 13x26 mm (A=50 mm)
- 04 bánh xe di chuyển D100, 2 bánh có phanh hãm
- Sản phẩm được hàn bằng khí Argon tránh hiện tượng oxy hóa
- Sản phẩm được chứng nhận phù hợp tiêu chuẩn ISO 9001:2015, ISO 14001: 2015";7150000;405/2025/392/CTTĐG-VNVIC;18/12/2025;…;Bùi Thị Trà Giang
1523;;Bàn chia soạn;chiếc;"
Bàn chia soạn
Vật liệu: Inox 304
Kích thước: 1800 x 900 x 800/900 mm
Mặt bàn làm bằng inox 304 dày 1mm tăng cứng mặt bàn
Chân bàn bằng hộp inox 40×40 mm dày 1mm,
01 tầng giá phẳng dưới
04 bánh xe di chuyển D100, 2 bánh có phanh hãm
Sản phẩm được hàn bằng khí Argon tránh hiện tượng oxy hóa Sản phẩm được chứng nhận phù hợp tiêu chuẩn ISO 9001:2015, ISO 14001: 2015";7500000;405/2025/392/CTTĐG-VNVIC;18/12/2025;…;Bùi Thị Trà Giang
1524;;Chậu rửa đôi (khu sơ chế );chiếc;"
Chậu rửa đôi (khu sơ chế)
- Vật liệu: Inox 304
– Kích thước tổng thể (Dài x Rộng x Cao): 1200 x 750 x 800/900 mm Kích thước hố chậu: (Dài x Rộng x Sâu): 500 x 500 x 280 mm
– Đặc điểm:
+ Mặt chậu và  hố chậu dùng inox tấm dày 1 mm, được cắt bằng máy CNC, tạo hình bằng máy chấn tôn thuỷ lực, đường nét sắc sảo, chắc chắn
+ Chân hộp 40×40 mm dày 1mm, thanh giằng hộp 20×40 mm Chân có tăng chỉnh chiều cao
+ Có 2 hố chậu, 2 bộ xi phông thoát nước (Không bao gồm ống dẫn)
- Sản phẩm được hàn bằng khí Argon tránh hiện tượng oxy hóa
- Chậu đã kèm 2 vòi nước lạnh
Sản phẩm được chứng nhận QCVN 12-3:2011/BYT và được sản xuất bởi Nhà sản xuất đạt tiêu chuẩn ISO 9001:2015; ISO 14001:2015";5920250;405/2025/392/CTTĐG-VNVIC;18/12/2025;…;Bùi Thị Trà Giang
1525;;Chậu rửa đơn hố lớn (khu sơ chế + rửa bát );chiếc;"
Chậu rửa đơn hố lớn (khu sơ chế + rửa bát)
- Vật liệu: Inox 304
– Kích thước tổng thể (Dài x Rộng x Cao):  1200 x 750 x 800/900 mmKích thước hố chậu: (Dài x Rộng x Sâu): 1000 x 500 x 280 mm
– Đặc điểm:
+ Mặt chậu và hố chậu dùng inox tấm dày 1 mm, được cắt bằng máy CNC, tạo hình bằng máy chấn tôn thuỷ lực, đường nét sắc sảo, chắc chắn
+ Chân hộp 40×40 mm dày 1mm, thanh giằng hộp 20×40 mm Chân có tăng chỉnh chiều cao+ Có 1 hố chậu, 1 bộ xi phông thoát nước (Không kèm ống dẫn)
- Sản phẩm được hàn bằng khí Argon tránh hiện tượng oxy hóa
- Chậu đã kèm 1 vòi nước lạnh
Sản phẩm được chứng nhận QCVN 12-3:2011/BYT và được sản xuất bởi Nhà sản xuất đạt tiêu chuẩn ISO 9001:2015; ISO 14001:2015";5300000;405/2025/392/CTTĐG-VNVIC;18/12/2025;…;Bùi Thị Trà Giang
1526;;Bàn ra đồ có giá phẳng dưới;chiếc;"
Bàn ra đồ có giá phẳng dưới
Kích thước: 1800 x 900 x 800
- Mặt bàn làm bằng inox 304 dày 1mm tăng cứng mặt bàn
- Chân bàn bằng hộp inox 40×40 mm dày 1mm,
- 01 tầng giá phẳng dưới
- 04 bánh xe di chuyển D100, 2 bánh có phanh hãm
- Sản phẩm được hàn bằng khí Argon tránh hiện tượng oxy hóa
- Sản phẩm được chứng nhận QCVN 12-3:2011/BYT và được sản xuất bởi Nhà sản xuất đạt tiêu chuẩn ISO 9001:2015; ISO 14001:2015";7500000;405/2025/392/CTTĐG-VNVIC;18/12/2025;…;Bùi Thị Trà Giang
1527;;Tủ sấy bát đĩa dùng điện;Cái;"
Tủ sấy bát đĩa dùng điện
– Kích thước (Dài x Rộng x Cao): 1820x610x1800 mm
– Dung tích: 1800 Lít
– Điện áp: 220v/50Hz
– Công suất: 4000w
– Nhiệt độ sấy: 70 độ C
– Công nghệ: Sấy nóng bằng còng nhiệt kết hợp quạt gió Khử mùi diệt khuẩn bằng tia cực tím và Ozone
– Chức năng: Điều chỉnh nhiệt độ sấy, hẹn giờ tắt máy
– Kết cấu:
+ Thân vỏ: 2 lớp inox 304, giữa là lớp bảo ôn cách nhiệt
+ Cánh tủ: 3 cánh bằng kính cường lực
+ Giá để bát: 5 tầng đan bằng nan inox đặc
- Sản phẩm được hàn bằng khí Argon tránh hiện tượng oxy hóa Sản phẩm được sản xuất bởi Nhà sản xuất đạt tiêu chuẩn ISO 9001:2015; ISO 14001:2015";30000000;405/2025/392/CTTĐG-VNVIC;18/12/2025;…;Bùi Thị Trà Giang
1528;;Tủ nấu cơm (hấp xôi, bánh bao) 80 kg;Cái;"
Tủ nấu cơm ( hấp xôi, bánh bao ) 80 kg
– Kích thước (Dài x Rộng x Cao): KT: 1050 x 720 x 1550mm
– Kết cấu: Thân vỏ inox 304 2 lớp, giữa là lớp bảo ôn Polyurethane
– Số khay: 24 khay, mỗi khay chứa 3-35 kg gạo Nhiên liệu: Điện
– Điện áp: 380V/50Hz (3 pha)
– Công suất: 24kw
– Năng suất: Tối đa 84 kg gạo/mẻ
– Thời gian nấu: 50 – 60 phút
– Chức năng:
+ Phao cấp, xả nước tự động,
+ Van xả áp tự động: Có
+ Đồng hồ đo nhiệt độ: Có
Sản phẩm được chứng nhận QCVN 12-3:2011/BYT và được sản xuất bởi Nhà sản xuất đạt tiêu chuẩn ISO 9001:2015; ISO 14001:2015";37000000;405/2025/392/CTTĐG-VNVIC;18/12/2025;…;Bùi Thị Trà Giang
1529;;Quạt hút công nghiệp;chiếc;"
Quạt hút công nghiệp
- Công suất (W) 5500
- Lưu lượng gió (m3/h): 12000-15000
- Tốc độ (rpm) 1450
- Điện áp nguồn 220V/380V";19057500;405/2025/392/CTTĐG-VNVIC;18/12/2025;…;Bùi Thị Trà Giang
1530;;Tum hút mùi cho bếp ;m;"
Tum hút mùi cho bếp 
- Kích thước: 6000x1000x500 mm
- Thân: Inox 304 dày 08mm
- Hệ thống lọc chặn dầu bằng Inox
- Hệ thống phin lọc mỡ
- Cốc hứng mỡ
- Được hàn bằng khí Argon tránh hiện tượng oxy hóa
- Sản phẩm được chứng nhận phù hợp tiêu chuẩn ISO 9001:2015, ISO 14001: 2015";5625000;405/2025/392/CTTĐG-VNVIC;18/12/2025;…;Bùi Thị Trà Giang
1531;;Ống gió;m;"
- KT: 400X400 mm
- Toàn bộ làm bằng inox 304 dày 08 mm
- Được hàn bằng khí argon bảo vệ mối hàn tránh hiện tượng ô xi hóa
(Nghiệm thu thực tế - Chiều dài đường ống sẽ được đo theo chiều dài dự thực tế mép ngoài của đường ống cộng với:
+ 01 cút góc được tính = 1m dài đường ống
+ 01 côn chuyển được tính = 1m dài đường ống
+ 01 chữ T được tính = 1m dài đường ống
+ 01 Đầu bịt được tính = 1m dài đường ống
+ 01 chữ Z được tính = 1m dài đường ống
+ 01 chếch được tính = 1m dài đường ống
";1000000;405/2025/392/CTTĐG-VNVIC;18/12/2025;…;Bùi Thị Trà Giang
1532;;Vát bịt lưới;Cái;"
- KT: 400x400mm
- Toàn bộ làm bằng inox 304 dày 08 mm
- Được hàn bằng khí argon bảo vệ mối hàn tránh hiện tượng ô xi hóa Đảm bảo vệ sinh an toàn thực phẩm
";1244000;405/2025/392/CTTĐG-VNVIC;18/12/2025;…;Bùi Thị Trà Giang
1533;;Giá đỡ quạt;Cái;"
Giá đỡ quạt
Đặc điểm: Giá đỡ kết cấu thép V và thép hộp, sơn tĩnh điện màu đen";1500000;405/2025/392/CTTĐG-VNVIC;18/12/2025;…;Bùi Thị Trà Giang
1534;;Bạt chịu nhiệt ;Cái;"
Bạt chịu nhiệt Vật liệu: vải bạt chống cháy, chống rung
KT: D350L200
";1300000;405/2025/392/CTTĐG-VNVIC;18/12/2025;…;Bùi Thị Trà Giang
1535;;Hộp tiêu âm quạt;Cái;"
Hộp tiêu âm quạt
KT: theo kích thước quạt
Toàn bộ làm bằng inox 304 dày 08 mm
Bao gồm 5 tấm tôn ghép kín bọc quạt Mỗi tấm được làm bằng 3 lớp, 2 lớp inox bọc ngoài, ở giữa là chất liệu bảo ôn giảm tiếng ồn
- Được hàn bằng khí argon bảo vệ mối hàn tránh hiện tượng ô xi hóa
";9594000;405/2025/392/CTTĐG-VNVIC;18/12/2025;…;Bùi Thị Trà Giang
1536;;Tiêu âm đầu vào đầu ra quạt;Cái;"
Vật liệu: Làm bằng inox 304 dày 08 mm
Hộp tiêu âm đường đầu vào và đầu ra cho quạt Nguyên lý cách âm, cách nhiệt được làm bằng 3 lớp, 2 lớp inox bọc ngoài, ở giữa là chất liệu bảo ôn giảm tiếng ồn Được hàn bằng khí argon bảo vệ mối hàn tránh hiện tượng ô xi hóa Đảm bảo vệ sinh an toàn thực phẩm 
";5208000;405/2025/392/CTTĐG-VNVIC;18/12/2025;…;Bùi Thị Trà Giang
1537;;"Tủ điện điều khiển quạt hút 
";chiếc;"
Tủ điện điều khiển quạt hút
- Kích thước: 150 x 200 x 100mm 
- Tủ điện được làm bằng tôn dày 1 mm, sử dụng công nghệ sơn tĩnh điện đảm bảo tủ điện bền, đẹp và chắc chắn
- Bao gồm 1 contactor 32A
- 1 Role chống mất pha
- 1 Role bảo vệ nhiệt
- Công tắc ON, OFF, hệ thống đèn báo nguồn, báo pha";3332000;405/2025/392/CTTĐG-VNVIC;18/12/2025;…;Bùi Thị Trà Giang
1538;;Dây điện 3 pha;mét dài;"
Dây điện 3 phaDây điện 3 pha 4x6 từ tủ điều khiển quạt hút lên vị trí đặt quạt- Đặc điểm: Dây cáp điện ruột dẫn bằng đồng ủ mềm trong môi trường khí trơ, loại 2 lõi Kết cấu các sợi bện tròn cấp 5, cấp 6 Mặt cắt danh định: từ 0,5 mm2 đến 10 mm2 Điện áp danh định: 300/500V";95600;405/2025/392/CTTĐG-VNVIC;18/12/2025;…;Bùi Thị Trà Giang
1539;;Phụ kiện tum hút mùi;ht;"
Phụ kiện tum hút mùiVật tư phụ lắp đặt hệ thống tum, quạt, ống * Phụ kiện gồm: Tiren, ốc, nở treo tum và treo ống, đá cắt, nẹp C,  keo tibon, V sắt đỡ tum và ống, sơn chống rỉ, băng, keo";3540000;405/2025/392/CTTĐG-VNVIC;18/12/2025;…;Bùi Thị Trà Giang
1540;;Tủ lạnh dung tích 600 lít ;cái;"
Tủ lạnh:
Kiểu tủ:
Tủ lớn - Side by side
Dung tích sử dụng:
596 lít - Trên 5 người
Công nghệ tiết kiệm điện
Origin Inverter
Công nghệ làm lạnh:
Luồng khí lạnh đa chiều Multi Air Flow Làm lạnh hợp kim với công nghệ Alloy Cooling
Công nghệ kháng khuẩn khử mùi:
Khử mùi diệt khuẩn với công nghệ PureBio
Công nghệ bảo quản thực phẩm:
Ngăn cấp ẩm Max-humid fresh
Tiện ích
Bảng điều khiển bên ngoàiNgăn trữ riêng biệt đáp ứng mọi nhu cầuThiết kế cửa tủ thông minh có thể kéo ra hoàn toàn khi mở cửa tủ 90 độĐiều khiển từ xa với ứng dụng công nghệ IoTĐèn candle light giúp thao tác ban đêm dễ dàng
";22925000;405/2025/392/CTTĐG-VNVIC;18/12/2025;…;Bùi Thị Trà Giang
1541;;Tủ chạn để thực phẩm khô 4 tầng ;Cái;"
Tủ chạn để thực phẩm 4 tầng 4 đợt:
- Kích thước: D1500xR600xC1800mm
- Giá 4 tầng, 4 đợt
- Các mặt tủ bọc inox 304, mặt trước cánh kính mở
- Chân có gắn bánh xe di động
- Khung hộp Inox 304-30x30mm
- Được hàn bằng khí argon bảo vệ mối hàn tránh hiện tượng ô xi hóa Đảm bảo vệ sinh an toàn thực phẩm
";14000000;405/2025/392/CTTĐG-VNVIC;18/12/2025;…;Bùi Thị Trà Giang
1542;;Giá để thực phẩm (Kho thực phẩm);Cái;"
Giá nhận thực phẩm 4  tầng 4 đợt:- Chất liệu: Inox 304- Kích thước: D1500xR500xC1500mm- Kích thước: (Dài x Rộng x Cao): 1500 x 500 x 1500 mm- Chân hộp 40×40 mm dày 1mm- Khung hộp 20x40 mm dày 07 mm- Nan và lan can hộp 10×20 mm dày 06mm- Khoảng cách đan nan: 40 – 50 mm- Chân có bánh xe di chuyển- Được hàn bằng khí argon bảo vệ mối hàn tránh hiện tượng ô xi hóa
Sản phẩm được sản xuất bởi Nhà sản xuất đạt tiêu chuẩn ISO 9001:2015; ISO 14001:2015
";6350000;405/2025/392/CTTĐG-VNVIC;18/12/2025;…;Bùi Thị Trà Giang
1543;;Giá để xoong nồi 3 tầng;Cái;"
Giá để xoong nồi 3 tầng
- Chất liệu: Inox 304
- Kích thước: (Dài x Rộng x Cao): 1700 x 500 x 1500 mm
- Chân hộp 40x40 mm dày 1mm
- Khung hộp 20x40 mm dày 07 mm
- Nan và lan can hộp 10x20 mm dày 06mm
- Khoảng cách đan nan: 80 mm
- Chân có bánh xe di chuyển
- Bên dưới có 2 khay hứng nước
- Được hàn bằng khí Argon tránh hiện tượng oxy hóa
Sản phẩm được sản xuất bởi Nhà sản xuất đạt tiêu chuẩn ISO 9001:2015; ISO 14001:2015";5880000;405/2025/392/CTTĐG-VNVIC;18/12/2025;…;Bùi Thị Trà Giang
1544;;Tủ chạn để bát, đĩa, khay ăn 4 tầng 4 đợt;Cái;"
Tủ chạn để bát, đĩa, khay ăn 4 tầng 4 đợt
- KT: D1750 x R600 x C1800mm
- Mặt giá nan : Inox đặc phi 5, khoảng cách 30mm
- Chân có gắn bánh xe di động
- Khung hộp Inox 304-30x30mm
- Các mặt tủ bịt inox, mặt trước cánh kính mở
- Có máng hứng nước rút rời 
- Sản phẩm được Được hàn bằng khí argon tránh hiện tượng oxy hóa Đảm bảo vệ sinh an toàn thực phẩm
Sản phẩm được sản xuất bởi Nhà sản xuất đạt tiêu chuẩn ISO 9001:2015; ISO 14001:2015";14500000;405/2025/392/CTTĐG-VNVIC;18/12/2025;…;Bùi Thị Trà Giang
1545;;Tủ để dao thớt sống và chín;bộ;"
Tủ để dao thớt sống và chín
- Tủ chia 2 khoang, có cánh kính
- Kích thước: D1200xR500xC1200mm
- Khung hộp inox 304 30x30mm, nan cài inox 304: 13x26mm
- Có máng hứng nước rút rời 
- Chân có bánh xe di động
- Được hàn bằng khí Argon tránh hiện tượng oxy hóa Đảm bảo vệ sinh an toàn thực phẩm
Sản phẩm được sản xuất bởi Nhà sản xuất đạt tiêu chuẩn ISO 9001:2015; ISO 14001:2015";7300000;405/2025/392/CTTĐG-VNVIC;18/12/2025;…;Bùi Thị Trà Giang
1546;;Xe vận chuyển thực phẩm 1 tầng;Cái;"
Xe vận chuyển thực phẩm:
- Vật liệu: Inox 304, dày 1,5mm
-Tên sản phẩm: Xe đẩy inox 1 tầng
-Kiểu xe 4 bánh, 2 bánh cố định và 2 bánh quay có phanh hãm
- Kích thước sản phẩm: 600 x 800 x 850 mm
- Được hàn bằng khí argon bảo vệ mối hàn tránh hiện tượng ô xi hóa Đảm bảo vệ sinh an toàn thực phẩm
";2650000;405/2025/392/CTTĐG-VNVIC;18/12/2025;…;Bùi Thị Trà Giang
1547;;Xe chia thức ăn;Cái ;"
Xe đẩy phục vụ thức ăn mầm non 5 ngăn
Kích thước: 850 x 610 x 800 mm
- Được thiết kế bằng inox 304, dày 1mm
- 01 tay đẩy inox phi 25mm
- Xe trên để được 2 khay GN 1/2, khay 03 khay GN 1/3
- Mặt dưới giá phẳng có lan can hộp 127 bao quanh
- 2 mặt bàn 2 bên có thể gập xuống để tiện khi vận chuyển và gập lên thuận lợi cho việc chia đồ ở lớp
- 04 bánh xe 130mm (02 bánh xoay và 02 bánh cố định)
- Được hàn bằng khí Argon tránh hiện tượng oxy hóa
- Sản phẩm được chứng nhận phù hợp tiêu chuẩn ISO 9001:2015, ISO 14001: 2015";5414000;405/2025/392/CTTĐG-VNVIC;18/12/2025;…;Bùi Thị Trà Giang
1548;;Xe vận chuyển dạng tròn;cái;"
Xe vận chuyển dạng tròn
- D600xH500/900mm
- Vật liệu inox 304
- 2 vòng tròn D600 được uốn bằng ống D32
- Chiều cao 500mm để dễ dàng di chuyển nồi từ bếp sau nấu đến vị trí chia soạn
- 04 bánh xe D100, trong đó 2 bánh có phanh hãm
- Được hàn bằng khí argon tránh hiện tượng oxy hóa
- Sản phẩm được chứng nhận phù hợp tiêu chuẩn ISO 9001:2015, ISO 14001: 2015";2152000;405/2025/392/CTTĐG-VNVIC;18/12/2025;…;Bùi Thị Trà Giang
1549;;Máy xay thịt ;bộ;"VD22S – VD32S
Máy xay thịt công nghiệp
- KT: 590 x 430 x 880mm
- Động cơ: Công suất 22kw, tốc độ quay 1400V/P
- Điện áp: 220V/ 1P
- Công suất: 100-150kg/h
- Kích cỡ cối đùn: 85mm
- Phụ kiện: 1 trục đùn inox, 1 dao đùn inox, 1 mắt sàng 8mm inox
- Trọng lượng: 47kg
- Xuất xứ: Việt Nam
- Bảo hành: 12 tháng";9075000;405/2025/392/CTTĐG-VNVIC;18/12/2025;…;Bùi Thị Trà Giang
1550;;Máy thái rau củ đa năng;Cái;"BJY-VPM
Máy thái rau củ quả :
Công suất tiêu thụ (W) 550W
Điện áp (V) 220V- 240V
Tần số (Hz) 50Hz/1P
Trọng lượng sản phẩm (Kg) ~26 kg
Kích thước sản phẩm (cm) ~59,5 x 25 x 57 (cm)
Thời gian tự ngắt ( giây ) Tự ngắt khi quá áp, quá tải
Bảng điều khiển Công tắc bật/tắt điều khiển
Đèn báo hiệu Có đèn báo hiệu
Chất liệu sản phẩm Chất liệu inox và gang dày
Màu sắc Inox
Trang bị 4 lưỡi dao đi kèm, thái lát, thái sợi, cắt hạt lựu
";13400000;405/2025/392/CTTĐG-VNVIC;18/12/2025;…;Bùi Thị Trà Giang
1551;;Thùng rác di động;Cái;"
Thùng rác di động
 '- Kích thước: D450x600mm
 - Vật liệu inox 304 dày 1,2mm
 - Có bánh xe di chuyển
 - Được hàn bằng khí argon bảo vệ mối hàn tránh hiện tượng ô xi hóa Đảm bảo vệ sinh an toàn thực phẩm
";2685000;405/2025/392/CTTĐG-VNVIC;18/12/2025;…;Bùi Thị Trà Giang
1552;;Nồi hầm cháo điện công nghiệp 100 lít;chiếc;"HM-NC 100L
Nồi hầm cháo điện công nghiệp 100 lít
 - Điện áp: 220v/380V 
- Công suất: 6 - 8KW
- Chất liệu: inox Inox 304 Độ dày inox: 0,8- 1,2 mm 
- Chân hộp 40x40 tăng chỉnh độ cao
- Nồi cấu tạo 3 lớp inox, 1 lớp gia nhiệt bằng lớp dầu, 1 lớp cách nhiệt dày 3mm
- Hệ thống cài đặt thời gian nấu, tự động ngắt khi nấu xong
- 1 vòi cấp nước lạnh
- Nấu cháo nhanh chóng hiệu quả Thiết kế thông minh linh hoạt Chất liệu an toàn, hợp vệ sinh
- Được hàn bằng khí Argon tránh hiện tượng oxy hóa
- Sản phẩm được chứng nhận phù hợp tiêu chuẩn ISO 9001:2015, ISO 14001: 2015";11281000;405/2025/392/CTTĐG-VNVIC;18/12/2025;…;Bùi Thị Trà Giang
1553;;Biển tên phòng(bếp + kho);Cái;"
""Biển tên phòng:
- Kích thước: 110x300 mm
- Vật liệu: Inox tấm 304, mica trong
- Chữ và họa tiết trên tấm Inox được gia công bằng phương pháp Inox ăn mòn, mực sơn nội dung cao cấp không bị bay màu Tấm Inox sau khi gia công xong sẽ được gắn chặt vào tấm mica bằng loại keo chuyên dụng đảm bảo bền bỉ, chắc chắn""
";350000;405/2025/392/CTTĐG-VNVIC;18/12/2025;…;Bùi Thị Trà Giang
1554;;Thìa ăn trẻ Inox cán ngắn;Cái;"
Thìa ăn trẻ Inox cán ngắn";6000;405/2025/392/CTTĐG-VNVIC;18/12/2025;…;Bùi Thị Trà Giang
1555;;Bát Inox D10cm ( Đ/Kính vành 10cm );Cái;"
Bát Inox D100 ( Đ/Kinh  vành 10 cm )";45000;405/2025/392/CTTĐG-VNVIC;18/12/2025;…;Bùi Thị Trà Giang
1556;;Bát to D24cm ( Đ/Kính vành 24cm );Cái;"
Bát to D240 ( Đ/Kính vành 24cm )";80000;405/2025/392/CTTĐG-VNVIC;18/12/2025;…;Bùi Thị Trà Giang
1557;;Khay để đồ inox ;Cái;"
Khay được làm từ chất liệu inox 304 dày 1mm ,cao cấp,bền đẹp  không từ tính, khay được thiết kế gọn nhẹ tinh tế đảm bảo an toàn vệ sinh thực phẩm, khay được xử lí kháng khuẩn bảo vệ hệ tiêu hóaKt 50x35x5cm Đảm bảo vệ sinh an toàn thực phẩm";155000;405/2025/392/CTTĐG-VNVIC;18/12/2025;…;Bùi Thị Trà Giang
1558;;Khay ăn inox ;Cái;"
Khay được làm từ chất liệu inox 304 cao cấp,bền đẹp  không từ tính, khay được thiết kế gọn nhẹ tinh tế đảm bảo an toàn vệ sinh thực phẩm, khay được xử lí kháng khuẩn bảo vệ hệ tiêu hóa
 Khay có nắp đậy bằng nhựa kín, không bị thức ăn sánh ra ngoài, chống sự xâm nhập của côn trùng
- Kích thước: 28x22x5cm
Đảm bảo vệ sinh an toàn thực phẩm
";155000;405/2025/392/CTTĐG-VNVIC;18/12/2025;…;Bùi Thị Trà Giang
1559;;Khay đựng thức ăn có nắp 1/2;Cái;"
Khay được làm từ chất liệu inox 304 cao cấp,bền đẹp không từ tính, khay được thiết kế gọn nhẹ tinh tế đảm bảo an toàn vệ sinh thực phẩm, khay được xử lí kháng khuẩn bảo vệ hệ tiêu hóa Khay có nắp đậy bằng inox, không bị thức ăn sánh ra ngoài, chống sự xâm nhập của côn trùng-Kích thước: 325cm x 265cm x 20cm";250000;405/2025/392/CTTĐG-VNVIC;18/12/2025;…;Bùi Thị Trà Giang
1560;;Khay đựng thức ăn có nắp 1/3;Cái;"
Chất liệu: inox 304 cao cấp dày 0,8mm,có nắp đậy Kích thước: 32,5x17,5x15cm";200000;405/2025/392/CTTĐG-VNVIC;18/12/2025;…;Bùi Thị Trà Giang
1561;;Nồi  Inox 50L cao;Cái;"
Inox 304,đáy nồi bắt từ  Đường kính Ø40 x cao 40Đáy dày ~5mm với 5 lớp: gồm 2 lớp inox - 2 lớp nhôm và 1 lớp hợp kim có từ tínhThành nồi dày 1mm, thành nồi và đáy nồi liền một khối";1200000;405/2025/392/CTTĐG-VNVIC;18/12/2025;…;Bùi Thị Trà Giang
1562;;Nồi  Inox 50L thấp;Cái;"
Inox 304,đáy nồi bắt từ Đường kính Ø50x cao 26Đáy dày ~5mm với 5 lớp: gồm 2 lớp inox - 2 lớp nhôm và 1 lớp hợp kim có từ tínhThành nồi dày 1mm, thành nồi và đáy nồi liền một khối";1300000;405/2025/392/CTTĐG-VNVIC;18/12/2025;…;Bùi Thị Trà Giang
1563;;Nồi Inox 100L;Cái;"
Inox 304,đáy nồi bắt từ Đường kính Ø50x cao 50Đáy dày ~5mm với 5 lớp: gồm 2 lớp inox - 2 lớp nhôm và 1 lớp hợp kim có từ tínhThành nồi dày 1mm, thành nồi và đáy nồi liền một khối";1600000;405/2025/392/CTTĐG-VNVIC;18/12/2025;…;Bùi Thị Trà Giang
1564;;Chảo xào sử dụng cho bếp từ ;Cái;"
'Inox chuyên dụng dùng cho bếp từ kính lõm chảo dờiKt: Đường kính chảo 500mmDùng để xào, chiên, rán nấu- Sản phẩm thích hợp để nấu các món chiên xào, đặc biệt giảm thiểu lượng dầu mở giúp bảo vệ sức khỏeChảo dùng được cho bếp từ  Đảm bảo vệ sinh an toàn thực phẩm";800000;405/2025/392/CTTĐG-VNVIC;18/12/2025;…;Bùi Thị Trà Giang
1565;;Chảo đáy bằng chống dính;Cái;"
Chảo đáy bằng chống dính
Kích thước: D400
Vật liệu: Inox sử dụng cho bếp từ";1350000;405/2025/392/CTTĐG-VNVIC;18/12/2025;…;Bùi Thị Trà Giang
1566;;Ấm inox;Cái;"
Thiết kế tay cầm của ấm được bọc nhựa cách nhiệt màu đen, đầu vòi nước có còi báo khi nước sôi
Được thiết kế đặc biệt giúp tối ưu, phân phối đều nhiệt 
Sử dụng được với nhiều loại bếp như bếp gas,bếp từ, bếp điện… và các loại bếp khác
Chất liệu: Inox cao cấp
Dung tích: 5L
Chất liệu inox sáng bóng và an toàn khi sử dụng
";249000;405/2025/392/CTTĐG-VNVIC;18/12/2025;…;Bùi Thị Trà Giang
1567;;Dao chặt;Cái;"
Dao chặt
Chất liệu: Thép";240000;405/2025/392/CTTĐG-VNVIC;18/12/2025;…;Bùi Thị Trà Giang
1568;;Dao thái;Cái;"
Dao thái
Chất liệu: Thép";140000;405/2025/392/CTTĐG-VNVIC;18/12/2025;…;Bùi Thị Trà Giang
1569;;Dao gọt hoa quả;Cái;"
Dao gọt hoa quả
Chất liệu: Inox, cán gỗ/nhựa";70000;405/2025/392/CTTĐG-VNVIC;18/12/2025;…;Bùi Thị Trà Giang
1570;;Nạo vỏ;Cái;"
Nạo vỏ
Chất liệu: inox và nhựa";55000;405/2025/392/CTTĐG-VNVIC;18/12/2025;…;Bùi Thị Trà Giang
1571;;Thớt chặt;Cái;"
Thớt chặt
Thớt nghiến siêu bền D44cm, dày 6cm, có đai, quai xách inox";1042000;405/2025/392/CTTĐG-VNVIC;18/12/2025;…;Bùi Thị Trà Giang
1572;;Thớt thái;Cái;"
Thớt thái
Thớt nghiến siêu bền D34cm, dày 3 - 4 cm, có đai, quai xách inox";680000;405/2025/392/CTTĐG-VNVIC;18/12/2025;…;Bùi Thị Trà Giang
1573;;Muôi nấu to cán dài;Cái;"
Muôi nấu to cán dài D16cm inox";110000;405/2025/392/CTTĐG-VNVIC;18/12/2025;…;Bùi Thị Trà Giang
1574;;Muôi thủng;Cái;"
Muôi thủng D16cm inox";110000;405/2025/392/CTTĐG-VNVIC;18/12/2025;…;Bùi Thị Trà Giang
1575;;Xẻng nấu cán dài inox;Cái;"
Xẻng nấu cán dài inox";35000;405/2025/392/CTTĐG-VNVIC;18/12/2025;…;Bùi Thị Trà Giang
1576;;Vợt Inox D16cm;Cái;"
Vợt Inox D16cm";115000;405/2025/392/CTTĐG-VNVIC;18/12/2025;…;Bùi Thị Trà Giang
1577;;Lọc dầu ăn;Cái;"
Lọc dầu ăn";70000;405/2025/392/CTTĐG-VNVIC;18/12/2025;…;Bùi Thị Trà Giang
1578;;Rá vo gạo D57cm;Cái;"
Rá Inox vo gạo D57cm";359000;405/2025/392/CTTĐG-VNVIC;18/12/2025;…;Bùi Thị Trà Giang
1579;;Rổ inox lỗ to D57cm;Cái;"
Rổ inox lỗ to D57cm";345000;405/2025/392/CTTĐG-VNVIC;18/12/2025;…;Bùi Thị Trà Giang
1580;;Rổ inox lỗ nhỏ D57cm;Cái;"
Rổ inox lỗ nhỏ D57cm";345000;405/2025/392/CTTĐG-VNVIC;18/12/2025;…;Bùi Thị Trà Giang
1581;;Chậu inox to D57cm;Cái;"
Chậu inox to D57cm";450000;405/2025/392/CTTĐG-VNVIC;18/12/2025;…;Bùi Thị Trà Giang
1582;;Chậu inox nhỏ D40cm;cái;"
Chậu inox nhỏ D40cm";205000;405/2025/392/CTTĐG-VNVIC;18/12/2025;…;Bùi Thị Trà Giang
1583;;Muôi Inox D6,5cm;cái;"
Muôi Inox múc canh các nhóm D6,5cm";55000;405/2025/392/CTTĐG-VNVIC;18/12/2025;…;Bùi Thị Trà Giang
1584;;Muôi Inox ;Cái;"
Muôi Inox múc cơm ở các nhóm";30900;405/2025/392/CTTĐG-VNVIC;18/12/2025;…;Bùi Thị Trà Giang
1585;;Tháp giặt sấy;Cái;"WT2517NHEG
Tháp giặt sấy
Model: WT2517NHEG Nhà sản xuất: LG Xuất xứ: Hàn Quốc
Loại máy giặt: Tháp giặt sấy
Lồng giặt: Lồng ngang
Khối lượng giặt: Giặt 25kg - Sấy 17kg
Kiểu động cơ: Lồng giặt truyền động trực tiếp - Lồng sấy truyền động dây curoa
Chất liệu lông giặt: Thép không gỉ
Chất liệu vỏ máy: Kim loại sơn tĩnh điện
Chất liệu cửa máy: Kính
Chương trình giặt: Đồ len, Turbowash, Đồ cotton, Giặt hơi nước, Diệt khuẩn, chống nhăn, Chăn mền, Chu trình tải về
Công nghệ giặt: Công nghệ TurboWash360; Công nghệ AI DD bảo vệ sợi vải; Chăm sóc dị ứng Allergy Care; Công nghệ máy nén bơm nhiệt Inverter sấy khô, hạn chế hư hỏng sợi vải; Công nghệ sấy Bơm nhiệt; Smart Paring™ Tự động xác định chu trình giặt sấy; Bình ngưng tự động làm sạch; Cho phép điều khiển máy giặt từ xa qua ứng dụng LG ThinQ";49390000;405/2025/392/CTTĐG-VNVIC;18/12/2025;…;Bùi Thị Trà Giang
1586;;Tủ để đồ giặt là;Cái;"
Tủ để đồ giặt là: 
+ Chất liệu Inox 304
– Kích thước tổng thể (Dài x Rộng x Cao): 1500X500X1500 mm
– Đặc điểm: 
+ Tủ có 4 tầng để đồ dạng phẳng
+ Tủ có 4 cánh, 2 cánh bên trên và 2 cánh bên dưới, cánh tủ bằng kính trắng
+ Chân bánh xe phi 100 mm
+ Chân hộp 30x30 mm
- Được hàn bằng khí argon bảo vệ mối hàn tránh hiện tượng ô xi hóa
";13580000;405/2025/392/CTTĐG-VNVIC;18/12/2025;…;Bùi Thị Trà Giang
1587;;Giá phơi đồ di động;Cái;"
Giá phơi đồ di động: 
 Thiết kế gồm 2 thanh phơi cao thấp khác nhau, có thể phơi được ở cả 2 đầu giàn
Khung inox hộp 25x25(mm), thanh phơi phi 19 có zic zắc tăng cứng và chống xô dạt quần áo Bạn có thể mắc quần áo vào các zic zắc hoặc mắc trực tiếp lên thanh phơi đều được
Kích thước: Dài 1m, rộng chân 60cm, cao 14cm
Phụ kiện kèm theo giàn phơi bao gồm: chân đế cao su, bộ bu lông ốc vít bằng inox
- Vật liệu inox 304, có 2 tầng phơi, bánh xe bằng cao su nhựa, có thể di chuyển dễ dàng
";1134000;405/2025/392/CTTĐG-VNVIC;18/12/2025;…;Bùi Thị Trà Giang
1588;;Rổ nhựa để đồ giặt ;Cái;"
Giá phơi đồ di động: 
-Chất liệu nhựa pp 100% nguyên chất
";80000;405/2025/392/CTTĐG-VNVIC;18/12/2025;…;Bùi Thị Trà Giang
1589;;Biển tên phòng;Cái;"
""Biển tên phòng:
- Kích thước: 110x300 mm
- Vật liệu: Inox tấm 304, mica trong
- Chữ và họa tiết trên tấm Inox được gia công bằng phương pháp Inox ăn mòn, mực sơn nội dung cao cấp không bị bay màu Tấm Inox sau khi gia công xong sẽ được gắn chặt vào tấm mica bằng loại keo chuyên dụng đảm bảo bền bỉ, chắc chắn""
";350000;405/2025/392/CTTĐG-VNVIC;18/12/2025;…;Bùi Thị Trà Giang
1590;;Giường đơn ;Bộ;"The One/Xuân Hòa
Giường đơn : 
- Kích thước: 1900x914x800mm
- Mô tả: Giường đơn có dát gỗ;
Khung của giường làm bằng thép sơn ống phi Φ=32mm, có khung để mắc màn;
Khung được sơn đen sáng bóng;
Các thành của giường có trang trí các đường nét đơn giản, tinh tế";1150000;405/2025/392/CTTĐG-VNVIC;18/12/2025;…;Bùi Thị Trà Giang
1591;;Đệm bọc da;bộ;"The One/Xuân Hòa
Đệm bọc da
- Kích thước: Theo KT giường
- Mô tả: Đệm nỉ bọc da, dày 5cm";900000;405/2025/392/CTTĐG-VNVIC;18/12/2025;…;Bùi Thị Trà Giang
1592;;Tủ để đồ;Cái;"The One/Xuân Hòa
Tủ để đồ: 
- Kích thước: 1000x500x1830mm 
- Tủ sắt sơn tĩnh điện màu ghi, có 1 khối gồm 2 khoang, mỗi khoang có 2 đợt di động, có thêm 1 suốt treo áo, tủ có 2 cánh sắt mở, 2 tay nắm nhựa liền khóa
";2950000;405/2025/392/CTTĐG-VNVIC;18/12/2025;…;Bùi Thị Trà Giang
1593;;Biển tên phòng;Cái;"
""Biển tên phòng:
- Kích thước: 110x300 mm
- Vật liệu: Inox tấm 304, mica trong
- Chữ và họa tiết trên tấm Inox được gia công bằng phương pháp Inox ăn mòn, mực sơn nội dung cao cấp không bị bay màu Tấm Inox sau khi gia công xong sẽ được gắn chặt vào tấm mica bằng loại keo chuyên dụng đảm bảo bền bỉ, chắc chắn""
";350000;405/2025/392/CTTĐG-VNVIC;18/12/2025;…;Bùi Thị Trà Giang
1594;;Loa toàn dải;Chiếc;"HV215(N)
Loa toàn dải
Model: HV215(N) Hãng sản xuất: Hivi Xuất xứ: Trung Quốc
Cấu tạo  Loa bass + loa treble
Loa bass  2 x 38 cm
Loa treble  75 cm
Công suất định mức  900W
Độ nhạy  102dB
Trở kháng  4 Ω
Dải tần số  35Hz-21KHz
Góc phủ âm  100 độ x 50 độ
Kiểu dáng  Loa đứng
Trọng lượng  59 kg
Kích thước  466 x 1250 x 465 mm
Mức áp suất âm thanh tối đa  138dB";19602000;405/2025/392/CTTĐG-VNVIC;18/12/2025;…;Bùi Thị Trà Giang
1595;;Loa siêu trầm;Chiếc;"HV18S
Loa
(Loại loa: Loa siêu trầm)
Loa bass 50cm
Công suất liên tục 600W
Công suất cực đại 2400W
Kết nối đầu vào 2 x Speakon NL4
Độ nhạy 98dB
Trở kháng 8 Ω
Dải tần số 35Hz-200Hz
Mức áp suất âm thanh tối đa 132dB
Kiêu dáng Loa đứng
Trọng lượng 515 kg
Kích thước 556 × 700 × 695mm";18995000;405/2025/392/CTTĐG-VNVIC;18/12/2025;…;Bùi Thị Trà Giang
1596;;Loa monitor (kiểm âm);Chiếc;"HV12M(N)
Loa monitor (kiểm âm)
Model: HV12M(N) Hãng sản xuất: Hivi Xuất xứ: Trung Quốc
Cấu tạo  Loa bass + loa treble
Loa bass  30 cm
Loa treble  44 cm
Công suất định mức  300W
Độ nhạy  97dB
Trở kháng  8 Ω
Dải tần số  55Hz-22KHz
Góc phủ âm  90 độ x 50 độ
Kiểu dáng  Loa đứng
Trọng lượng  22 kg
Kích thước  580 x 403 x 496 mm
Mức áp suất âm thanh tối đa  128dB
";9900000;405/2025/392/CTTĐG-VNVIC;18/12/2025;…;Bùi Thị Trà Giang
1597;;Âm ly 1;Chiếc;"QA2DSP
Âm ly 1
Model: QA2DSP Hãng sản xuất: Hivi Xuất xứ: Trung Quốc
Công suất 8Ω: 4x800W
Công suất 4Ω: 4x1350W
Công suất 8Ω bridge: 2x2700W
Tỉ lệ S/N: ≥98dB
Hệ số Damping: ≥800
Độ nhạy đầu vào: 0,775V
Trở kháng đầu vào: 10KΩ / 20KΩ _
Tần số: 20Hz-20KHz(+0l-0,5dB)
Tổng méo hài: ≤005%
Chế độ bảo vệ: Bảo vệ ngắn mạch, mở mạch, quá nhiệt, quá tải, DC, tần số siêu âm
Kích thước: 541×482x64mm
Trọng lượng: 85KG
Danh mục bộ khuếch đại: Bộ khuếch đại tích hợp Dante và DSP Áp dụng giao thức điều khiển và truyền tải mạng dante Cổng kết nối USB và J45 Sử dụng điều khiển bằng phần mềm ";22000000;405/2025/392/CTTĐG-VNVIC;18/12/2025;…;Bùi Thị Trà Giang
1598;;Âm ly 2;Chiếc;"LA2100
Âm ly 2
Model: LA2100 Hãng sản xuất: Hivi Xuất xứ: Trung Quốc
Số kênh: 02
Công suất âm thanh 8 Ω: 1000W × 2
Công suất âm thanh 4 Ω: 1600W × 2
Công suất cầu 8 Ω: 3200W × 2
Đáp ứng tần số: ≥20Hz-≤20KHz
Tổng méo hài ( Điều kiện hoạt động bình thường, 1KHz / 8 Ω ): ≦ 0,08%@8Ω
Tỷ lệ tín hiệu trên nhiễu ( 1KHz, trọng số 0,775VA ): ≥ 102dB
Trở kháng đầu vào: Cân bằng 20KΩ, 10KΩ không cân bằng
Kích thước: 483×3195×88mm";17000000;405/2025/392/CTTĐG-VNVIC;18/12/2025;…;Bùi Thị Trà Giang
1599;;Thiết bị trộn tín hiệu âm thanh;Chiếc;"F12
Thiết bị trộn tín hiệu âm thanh
Model: F12 Hãng sản xuất: Hivi Xuất xứ: Trung Quốc
Bộ trộn 2 nhóm 4 bus (có đầu vào USB)
8 kênh đầu vào đường truyền + 2 bộ đầu vào âm thanh nổi, tích hợp sẵn 16 loại hiệu ứng kỹ thuật số
Trình phát Bluetooth MP3 đa định dạng tích hợp, nguồn âm thanh MP3 có thể được chuyển sang kênh âm thanh nổi cục bộ để điều chỉnh hoặc trộn
Chia 3 phần EQ của Mỹ, có giảm âm, đầu ra AUX 2 chiều Các nút chọn nhóm và chức năng giám sát
Bus 6 chiều (BUS): đầu ra chính + hai nhóm + đầu ra phòng giám sát + đầu ra ghi và quay lại
Có thể hoàn thành đầu ra của 6 nguồn âm thanh khác nhau một cách độc lập mà không cần thiết bị bên ngoài
Kết nối và quay lại bên ngoài AUX 1 chiều, cân bằng đồ họa 7 đoạn kép
Điều khiển fader hành trình dài 100MM
Tích hợp nguồn ảo 48V, tích hợp nguồn làm việc điện áp rộng 80V-240V (với đầu ra loa siêu trầm độc lập có thể điều chỉnh tần số, mặt tủ tùy chọn)
Kích thước 434 x 445 x 105cm
Trọng lượng (±10%) 605Kg";16720000;405/2025/392/CTTĐG-VNVIC;18/12/2025;…;Bùi Thị Trà Giang
1600;;Thiết bị xử lý tín hiệu;Chiếc;"HD408
Thiết bị xử lý tín hiệu
Model: HD408 Hãng sản xuất: Hivi Xuất xứ: Trung Quốc
Loại 4 in - 8 out
Dải tần hoạt động 20Hz ~ 20kHz, -03dBu
Tỷ lệ tín hiệu trên nhiễu > 105 dBu
Độ méo <0,008 ở 1kHz (0dBu)
Mức xuyên âm > 70dBu
Đầu vào: 
Loại XLR cân bằng
Mức đầu vào tối đa + 15dBu
Trở kháng 1M / ΩStereo; 500kΩ / MONO
Đầu ra: 
Loại XLR cân bằng
Mức sản lượng tối đa + 15dBu
Trở kháng <500Ω
Phần xử lý kỹ thuật số Chuyển đổi sigma-delta 24 bit, Tỷ lệ mẫu 48kHz
Hiển thị Cài đặt thông số hiển thị màn hình đa điểm và lựa chọn chức năng
Nguồn điện cấp AC ~ 90V-250V NGUỒN 250V AC / 2A NHANH
Kích thước (L × W × H) 482 × 205 × 44mm
Trọng lượng (± 10%) 21Kg";17200000;405/2025/392/CTTĐG-VNVIC;18/12/2025;…;Bùi Thị Trà Giang
1601;;Micro không dây;Bộ;"H-700
Micro không dây
Model: H-700 Hãng sản xuất: Hivi Xuất xứ: Trung Quốc
Khoảng cách sử dụng ≥50 mét (khoảng cách thực tế có liên quan đến môi trường xung quanh)
Dải tần số 640-690MHz
Phương pháp tạo RF Bộ tổng hợp tần số PLL
Băng thông RF 50MHz
Độ chính xác tần số RF +/-20ppm＜10kHz
Số kênh 216 kênh, giống nhau cho các kênh trái và phải
Nhiệt độ hoạt động -10 độ C ~ 50 độ C
Đáp ứng tần số âm thanh 45Hz-18kHz (phần mạch)
SNR >90dB
Tổng méo hài của hệ thống ＜1,8%1KHz (ở đầu ra 300mV)
Phương pháp nhận Chế độ DQPSK
Tiếp nhận đa dạng Thu sóng đa dạng thực sự (kênh kép 2 ăng-ten 2 bộ khuếch đại cao)
Độ nhạy của máy nhận tín hiệu -95dBm(20dB SINAD)
Sự biến dạng sóng hài <0,8%1KHz (đầu ra 300mV)
Phương pháp hiển thị LCD
Nguồn cấp 12V 500-1000mA (tùy model)
Phương thức xuất âm thanh Đầu ra hỗn hợp XLR/đường cân bằng
Kênh 2 đường
Dải động >90dB
Độ lệch tần số danh nghĩa 25KHz
Sự hài hòa -45dBc
Công suất ra 3mW/10mW
Mức tiêu thụ hiện tại <150mA/3V
Nguồn cấp AA15Vx2
Thời gian sử dụng Khoảng 6 giờ (liên quan đến chất lượng pin)
Phương pháp chuyển đổi năng lượng Cuộn dây điện dung, di chuyển, tùy thuộc vào kiểu máy
Chế độ thu âm Cardioid, siêu âm, tùy theo mẫu
Độ nhạy của đầu thu ＜-55dB±3dB(0dB=1V/Par@ 1KHz)
Mức áp suất âm thanh tối đa >110dB SPL";7200000;405/2025/392/CTTĐG-VNVIC;18/12/2025;…;Bùi Thị Trà Giang
1602;;Micro cổ ngỗng;Chiếc;"HCS1501P
Micro cổ ngỗng
Model: HCS1501P Hãng sản xuất: Hivi Xuất xứ: Trung Quốc
Loại micro: điện động
Tính định hướng: đa hướng
Đáp tuyến tần số: 40Hz~16KHz
Cường độ âm thanh tối đa: 123dB
Nguồn Phantom 
Trở kháng ngõ ra: 200 Ohms
Kết nối: Jack – 6ly";2750000;405/2025/392/CTTĐG-VNVIC;18/12/2025;…;Bùi Thị Trà Giang
1603;;Thiết bị quản lý nguồn điện;Chiếc;"P10R
Thiết bị quản lý nguồn điện
Model: P10R Hãng sản xuất: Hivi Xuất xứ: Trung Quốc
Điện áp đầu vào: Điện áp đầy đủ 100～260 VAC
Công suất đầu vào: Công suất dòng vào tối đa 63A (220 VAC)
Giắc cắm đầu vào/liên kết 1/4 inch
Giắc cắm đầu ra 1/4 inch
Điều khiển từ xa thông minh RS485
Cổng RS232 điều khiển thông minh từ xa
Giao diện điều khiển từ xa DC Tai nghe 3,5 mm 5-24V DC
Công suất ngõ ra Ngõ ra tối đa một kênh 30A/10S (220 VAC), Ngõ ra định mức 16A
Kênh có thể điều khiển 8 kênh với chức năng hẹn giờ và 2 ổ cắm đa chức năng thẳng trên bảng điều khiển phía trước
Thời gian cách nhau 1 giây giữa mỗi kênh 
Kích thước: 480×212,5×44 mm
Tổng / Trọng lượng tịnh: 3,65/2,8kg (±0,5kg)";3800000;405/2025/392/CTTĐG-VNVIC;18/12/2025;…;Bùi Thị Trà Giang
1604;;Tủ đựng thiết bị âm thanh;Chiếc;"
Tủ đựng thiết bị âm thanh
Tủ rack 12U Mixer (Gỗ) chế tác từ chất liệu gỗ dán nhiều lớn, dày 9mm, bề mặt được phủ một mặt tráng nhựa vừa tạo nên vẻ đẹp trang trọng, vừa giúp thoát hơi một cách dễ dàng Các góc cạnh bọc lớp nhôm tạo được sự đẹp mắt và sự chắc chắn cho tủ với khả năng chịu được trọng tải lớn
Phía dưới được trang bị 4 bánh xe giúp việc di chuyển tủ được dễ dàng hơn, trong đó 2 bánh có khóa nhằm tránh trôi tủ Hai bên thành tủ có tay xách nên việc vận chuyển khi lắp đặt khá dễ dàng
Ngoài ra tủ rack 12U Mixer (Gỗ) được thiết kế 1 chân đỡ khay để nhạc công có thể để đàn hoặc để máy tính điều chỉnh hệ thống âm thanh";3245000;405/2025/392/CTTĐG-VNVIC;18/12/2025;…;Bùi Thị Trà Giang
1605;;Giá đỡ loa có bánh xe;Chiếc;"
Giá đỡ loa có bánh xe
Kích thước: Phù hợp với loa
Chất liệu mặt sàn: Thép sơn tĩnh điện
Số tầng để hàng:1 tầng
Chất liệu bánh xe: Nhựa PU
Bánh xe di chuyển:4 bánh
";1000000;405/2025/392/CTTĐG-VNVIC;18/12/2025;…;Bùi Thị Trà Giang
1606;;Dây loa 4x15;Mét;"GB110
Dây loa 4x15
Model: GB110 Hãng sản xuất: Soundking Xuất xứ: Trung Quốc
Kết cấu lõi: 4 x 15mm2
Vỏ ngoài: OD100mm";70000;405/2025/392/CTTĐG-VNVIC;18/12/2025;…;Bùi Thị Trà Giang
1607;;Dây loa 2x15;Mét;"
Dây cáp loa
Dây dẫn bên trong (âm thanh) [mm²]: 2×15
AWG (âm thanh): 16
Cách điện dây dẫn Ø [mm]: 2,62
Vật liệu dây dẫn: Đồng
Trọng lượng trên 1 m [g]: 78
Nhiệt độ hoạt động : -20°Cto +80°C
Công suất dây/dây ở 1 ft (âm thanh) [pF]: 45,7
Điện trở dây dẫn trên 1 km [Ω]: 13
Điện trở dây dẫn trên 1000 ft [Ω]: 3,9
";30000;405/2025/392/CTTĐG-VNVIC;18/12/2025;…;Bùi Thị Trà Giang
1608;;Jack;Cái;"CB102
Jack
Model: CB102 Hãng sản xuất: Soundking Xuất xứ: Trung Quốc
Jack loa";75000;405/2025/392/CTTĐG-VNVIC;18/12/2025;…;Bùi Thị Trà Giang
1609;;"Dây tín hiệu
";Mét;"GA202-10
Dây tín hiệu
Model: GA202-10 Hãng sản xuất: Soundking Xuất xứ: Trung Quốc
Dài 1m
Dây tín hiệu Ø60mm màu đen
(20x0,12)x2+64x0,12
Dây cáp truyền tải tín hiệu
Dây 2 lõi, tiết diện sợi đồng 012mm
Vỏ chống nhiễu 64 sợi, tiết diện 012mm
Đường kính cáp: 60mm";23000;405/2025/392/CTTĐG-VNVIC;18/12/2025;…;Bùi Thị Trà Giang
1610;;"Jack canon female
";Cái;" CA117
Jack canon female
Model: CA117 Hãng sản xuất: Soundking Xuất xứ: Trung Quốc
Giắc kết nối 3 chân
Giắc kết nối cái
Đấu nối tín hiệu";30000;405/2025/392/CTTĐG-VNVIC;18/12/2025;…;Bùi Thị Trà Giang
1611;;Jack canon male;Cái;"CA118
Jack canon male
Model: CA118 Hãng sản xuất: Soundking Xuất xứ: Trung Quốc
Giắc kết nối 3 chân
Giắc kết nối đực
Đấu nối tín hiệu";30000;405/2025/392/CTTĐG-VNVIC;18/12/2025;…;Bùi Thị Trà Giang
1612;;Vật tư phụ, phụ kiện lắp đặt;Trọn gói;"
Vật tư phụ, phụ kiện lắp đặt
Vật tư phụ: dây điện, băng keo,…
Đã bao gồm cả nhân công thi công lắp đặt và chuyển giao công nghệ";1450000;405/2025/392/CTTĐG-VNVIC;18/12/2025;…;Bùi Thị Trà Giang
1613;;Cầu trượt đơn hình con voi;Cái;"
Cầu trượt đơn hình con voi
Kích thước: 3300 x 1300 x 1100 mm
Bằng vật liệu Composite đúc nguyên khối mô tả hình con voi, đồ chơi ngoài trời, chịu được thời tiết nắng mưa vẫn bền đẹp Sản phẩm được chứng nhận QCVN 3:2019/BKHCN, TCVN 6238-4A: 2017 và được sản xuất bởi đơn vị sản xuất đạt tiêu chuẩn ISO 9001:2015, ISO 14001:2015";9700000;405/2025/392/CTTĐG-VNVIC;18/12/2025;…;Bùi Thị Trà Giang
1614;;Cầu trượt đơn con hươu;Cái;"
Cầu trượt đơn con hươu
Kích thước: 3,5x1,5x1,1m
Sản phẩm được đức bằng nhựa composite nguyên khối, siêu bền Phù hợp với thời tiết, khí hậu khắc ngiệt ở Việt Nam Sơn phủ PU nhiều màu có thể theo yêu cầu phù hợp với khu vườn của trường Sản phẩm được chứng nhận QCVN 3:2019/BKHCN và được sản xuất đạt tiêu chuẩn ISO 9001:2015, ISO 14001:2015";9500000;405/2025/392/CTTĐG-VNVIC;18/12/2025;…;Bùi Thị Trà Giang
1615;;Cầu trượt xích đu đa năng;Cái;"
Cầu trượt xích đu đa năng
Kích thước: 3600 x 1800 x 2500 mm
Vật liệu: Làm từ 2 vật liệu bền vững khi sử dụng ngoài trời là thép sơn tĩnh điện và nhựa PE đúc liền cao cấp, siêu bền xử lý bề mặt nhẵn cả 2 bề mặt, an toàn, không độc hại và màu sắc bắt mắt, tươi sáng Các chi tiết bằng thép: 4 cột trụ, sàn, lan can, tay vịn cầu thang, xích đu, đặc biệt sàn, thang lên là thép dập gân, đột lỗ tròn chống trượt đảm bảo an toàn cho di chuyển; Các chi tiết bằng nhựa PE: Mái hình con rùa đội mũ ngộ nghĩnh, cầu trượt đơn quả đỗ, vách ngăn Gồm Nhà chơi cầu trượt liên kết xích đu ghế kép Nhà chơi cầu trượt mái con rùa có cầu trượt đơn quả đỗ + thang lên thẳng, vách ngăn liên kết với xích đu ghế kép có một đầu gắn vào cột trụ của nhà chơi cầu trượt, 1 đầu có chân chữ A đảm bảo chắc chắn, an toànSản phẩm được chứng nhận QCVN 3:2019/BKHCN, TCVN 6238-4A: 2017 và được sản xuất bởi đơn vị sản xuất đạt tiêu chuẩn ISO 9001:2015, ISO 14001:2015";28750000;405/2025/392/CTTĐG-VNVIC;18/12/2025;…;Bùi Thị Trà Giang
1616;;Xích đu ngoài trời ;Cái;"
Xích đu ngoài trời:
- Kích thước sản phẩm: D4700*R1600*C1800 mm
- Chất liệu: được làm từ chất liệu nhựa nguyên sinh cao cấp, rất dầy dặn và chắc chắn, bền đẹp Hệ thống khung sắt được sơn phủ bằng công nghệ sơn tĩnh điện cao cấp Sản phẩm được chứng nhận QCVN 3:2019/BKHCN, TCVN 6238-4A: 2017 và được sản xuất bởi đơn vị sản xuất đạt tiêu chuẩn ISO 9001:2015, ISO 14001:2015";16800000;405/2025/392/CTTĐG-VNVIC;18/12/2025;…;Bùi Thị Trà Giang
1617;;Xích đu ghế kép;Cái;"
Kích thước: 1500 x 1500 x 1600 mm
Vật liệu: Khung bằng sắt ống Ø60, Ø32, Ø27 dà̀y 14mm sơn tĩnh điện ngoài trời Ghế 4 chỗ ngồi  bằng nhựa LDPE đúc liền nguyên khối, màu sắc tươi sáng đa dạng 
";7500000;405/2025/392/CTTĐG-VNVIC;18/12/2025;…;Bùi Thị Trà Giang
1618;;Bập bênh 2 chỗ;Cái;"
Kích thước: Dài 2m, Rộng 04m, Cao 06m
Vật liệu: Đòn bập bênh bằng sắt ống Ø90 dầy 1,8mm, và sắt ống Ø32, Ø27 dầy 12mm mạ kẽm, đế bằng sắt tấm dày 5mm, lò xo Ø125mm cao 250mm, dây lò xo Ø12mm, tất cả được sơn tĩnh điện ngoài trời Ghế ngồi bằng nhựa LDPE đúc liền khối
";3590000;405/2025/392/CTTĐG-VNVIC;18/12/2025;…;Bùi Thị Trà Giang
1619;;Con giống nhún lò xo;Cái;"
Con giống nhún lò xo tê giác , :
 Kích thước: 80 x 50 x 80 cm
 Hệ thống nhún là lò xo chịu lực có tính đàn hồi cao Một đầu lò xo được gắn với đế, một đầu được thiết kế có chỗ để chân và gắn con giống
 + Con giống làm bằng vật liệu nhựa LLDPE nguyên sinh, siêu bền chống chịu được môi trường ngoài trời, được gắn cố định trên hệ thống nhún, chỗ ngồi là trên lưng các con giống, có tay cầm và cách mặt đất 300 mm
 + Toàn bộ phần khung thép được sơn tĩnh điện cao cấp, lò xo thép dày Φ22mm, đế bằng thép tấm dày 6mm sơn tĩnh điện Con vật nhún lò xo được thiết kế đảm bảo an toàn, chắc chắn chống lật ngang, lật dọc và chống kẹp chân
";1500000;405/2025/392/CTTĐG-VNVIC;18/12/2025;…;Bùi Thị Trà Giang
1620;;Cầu giữ thăng bằng;Cái;"

Cầu thăng bằng
Kích thước: 2000 x 800 x 800 mm
Vật liệu: Gỗ lim sơn PU dùng ngoài trời Đảm bảo an toàn, chắc chắn khi sử dụng  Sản phẩm được chứng nhận QCVN 3:2019/BKHCN, TCVN 6238-4A: 2017 và được đăng ký nhãn hiệu bởi đơn vị sản xuất đạt tiêu chuẩn ISO 9001:2015, ISO 14001:2015
";7500000;405/2025/392/CTTĐG-VNVIC;18/12/2025;…;Bùi Thị Trà Giang
1621;;Thang leo và cầu trượt;Bộ;"
Thang leo và cầu trượt
Kích thước: 6600 x 2600 x 3300 mm
Vật liệu: Làm từ 2 vật liệu bền vững khi sử dụng ngoài trời là thép và nhựa cao cấp siêu bền 08 cột trụ làm thép mạ kẽm f89 dày 2,0mm, tay vịn thang lên + lan can chiếu nghỉ cầu trượt thép ống f32 Sàn chiếu nghỉ, cầu đi, sàn cầu thang bằng thép tấm cán nguội cường độ cao đột lỗ f8, f5 giúp chống trơn trượt và thoát nước, 03 sàn chiếu nghỉ kích thước 950 x 950 mm; Các chi tiết từ nhựa HDPE cao cấp nhập khẩu chống UV, chống nứt, không độc hại, bền màu an toàn với trẻ và môi trường có màu sắc tươi sáng, bắt mắt, tạo hình ngộ nghĩnh: 01 mái ngôi nhà của khỉ con, 04 vách ngăn khác nhau, 01 cầu trượt đôi con sâu, 01 cầu trượt ống, 01 cầu trượt xoắn chữ “S”, 01 cổng chui cầu trượt đôi, 03 chi tiết trang trí cột trụ (02 lá và thỏ con đáng yêu) Các chi tiết và các khối liên kết với nhau bởi các chốt hợp kim nhôm và các vít bằng thép không gỉ có độ bền cao đảm bảo chắc chắn, an toàn khi sử dụng Khu vui chơi như một góc khu rừng trong các câu chuyện cổ tích thu nhỏ tạo hấp dẫn trẻ khi chơi và vận động Sản phẩm được chứng nhận QCVN 3:2019/BKHCN, TCVN 6238-4A: 2017 và được sản xuất bởi đơn vị sản xuất đạt tiêu chuẩn ISO 9001:2015, ISO 14001:2015";68500000;405/2025/392/CTTĐG-VNVIC;18/12/2025;…;Bùi Thị Trà Giang
1622;;Nhà chơi vận động Mầm non;Bộ;"
Nhà chơi vận động Mầm non
Kích thước: 6400 x 3500 x 3300 mm
Vật liệu: Làm từ 2 vật liệu bền vững khi sử dụng ngoài trời là thép và nhựa cao cấp siêu bền Sàn nhà, chiếu nghỉ làm bằng thép dập gân, đột lỗ tròn chống trượt đảm bảo an toàn cho di chuyển Cột trụ (12 cột) thép ống ϴ76 dày 15mm, lan can có tay vịn thép tròn ϴ26 dày 15mm, thanh nan ϴ21 dày 15mm Trụ thang đĩa xoay thép ống ϴ26 Mái lâu đài cách điệu, mái chóp lâu đài kiểu mới, cầu trượt sóng đơn, cầu trượt xoắn, thang leo vách núi, cầu trượt ống, ống chui, các đĩa xoay, các chi tiết gắn kèm bút chì, bút sáp, chỗi vẽ bằng nhựa đúc liền cao cấp siêu bền xử lý bề mặt nhẵn cả 2 bề mặt Các chân đế cột trụ đều có chân ủng nhựa 
Gồm 04 khối: Hai khối có mái hình lâu đài và hai khối không mái Khối mái chóp lâu đài kiểu mới có 01 cầu trượt xoắn, 02 vách ngăn, Khối mái lâu đài cách điệu có 01 cầu trượt sóng đơn Khối không mái gắn liên kết với khối mái chóp lâu đài kiểu mới nhờ 2 cột trụ chung, trên cột trụ gắn hình cây chổi, chiếc bút chì và 1 thang lên đĩa xoay, 1 cầu trượt ống; Khối không mái thứ hai gắn với khối mái lâu đài cách điệu bởi 2 cột trụ chung trên cột trụ có gắn bút sáp có thang lên bậc 4 khối được chia đều 2 bên qua ống chui liên kết, các khối liên kết với nhau nhờ các đai ốp thép bắt bulong chìm Sản phẩm được chứng nhận QCVN 3:2019/BKHCN, TCVN 6238-4A: 2017 và được đăng ký nhãn hiệu bởi đơn vị sản xuất đạt tiêu chuẩn ISO 9001:2015, ISO 14001:2015
";64200000;405/2025/392/CTTĐG-VNVIC;18/12/2025;…;Bùi Thị Trà Giang
1623;;Đồ chơi phát triển thể chất liên hoàn;Bộ;"
Đồ chơi phát triển thể chất liên hoàn
Kích thước: 9000 x 4600 x 2800 mm
Sản phầm được làm bằng vật liệu chính bằng gỗ lim sơn phủ PU, chống mối mọt Vật liệu chính được kiểm định đạt tiêu chuẩn TCVN 8048:3-2009, TCVN 8048:5-2009, TCVN 8048:6-2009 và được chứng nhận QCVN 3:2019/BKHCN, TCVN 6238-4A: 2017 và được đăng ký nhãn hiệu bởi đơn vị sản xuất đạt tiêu chuẩn ISO 9001:2015, ISO 14001:2015 Gồm:
+ 1 bộ nhà khối cao 2800mm, mái được lợp bằng các thanh gỗ lim cắt CNC tạo hình mái ngói truyền thống Cầu thang bộ có bậc và tay vịn để học sinh lên khu vực chiếu nghỉ trung tâm, từ vị trí này có bộ cầu trượt đôi được lắp đặt kiên cố (cầu trượt đôi bằng gỗ lim hoặc nhựa cao cấp đúc liền khối) Tiếp nối là 2 bộ chiếu nghỉ gồm 2 khối lửng được phân chia độ cao để giúp trẻ dễ dàng tiếp cận khoang ống chui 
+ 1 bộ ống chui gỗ có khoang hở ở vị trí giữa, liên kết với khối nhà và cầu thăng bằng cố định
+ 1 bộ cầu thăng bằng cố định, có khung và cột bằng gỗ lim nguyên khối, có thanh thăng bằng được gắn bằng xích treo, liên kết với ống chui bằng một sàn chiếu nghỉ
+ Cầu thăng bằng cố định song song, nối 2 bộ chiếu nghỉ để rèn kỹ năng đi thăng bằng cho trẻ để di chuyển sang cầu thăng bằng hình tròn
+ Chiếu nghỉ cầu bậc thăng bằng dốc sẽ kết nối khu thăng bằng dạng hình tròn với cầu thăng bằng zíc zắc đi từ chiếu nghỉ ống chui
Tất cả tạo thành một thể thống nhất giúp trẻ được thực hành nhiều kỹ năng di chuyển đa dạng và rèn luyện sức khỏe
";117850000;405/2025/392/CTTĐG-VNVIC;18/12/2025;…;Bùi Thị Trà Giang
1624;;Thang leo 4 mặt;Cái;"
Thang leo 4 mặt
Kích thước: 3000 x 3000 x 2400mm
Chất liệu: Khung bằng gỗ lim tự nhiên sơn phủ Pu 5 lớp
Gồm bốn góc vận động:
- Góc 1 gồm 1 thang leo xương cá bằng gỗ, 1 liên hoàn vận động leo trèo bằng lốp liên kết với nhau tạo thành bậc leo 
- Góc 2 gồm 1 thang leo ngang bằng gỗ, kết hợp vách leo núi
- Góc 3 gồm vận động bằng dây thừng đan với nhau kiểu chữ thập 
- Góc 4 vận động thể chất thang leo cho các độ tuổi bằng gỗ
Sản phầm được chứng nhận QCVN 3:2019/BKHCN, TCVN 6238-4A: 2017 và được đăng ký nhãn hiệu bởi đơn vị sản xuất đạt tiêu chuẩn ISO 9001:2015, ISO 14001:2015
";52000000;405/2025/392/CTTĐG-VNVIC;18/12/2025;…;Bùi Thị Trà Giang
1625;;Ghế ngồi nghỉ;Cái;"
Ghế ngồi nghỉ 
Kích thước (mm): 1500 x 430 x 400 mm
Chất liệu: Phần khung và chân ghế được làm bằng gang đúc, thép và thép tấm tạo hình Phần mặt ghế sử dụng vật liệu gỗ nhựa ngoài trời cao cấp WPC (Wood plastic composite) của Nhựa Việt Pháp Sản phẩm được sơn phủ bằng lớp sơn ngoài trời cao cấp giúp bề mặt bóng, bền màu, đẹp, dễ vệ sinh
";4500000;405/2025/392/CTTĐG-VNVIC;18/12/2025;…;Bùi Thị Trà Giang
1626;;Ô che nắng;Cái;"
Ô che nắng: 
– Kích thước: 25m x25mx Cao: 27m
Ô lệch tâm 4 nan 2,5x2,5m là loại ô lệch tâm vuông 2 tầng được làm bằng vải dù chất liệu polyester cao cấp, dày, chống thấm nước, màu sắc bền đẹp không phai màu Sử dụng khung sắt tĩnh điện, đế hộp bê tông bọc inox có gắn bánh xe giúp người dùng dễ dàng di chuyển Ô Có thể gấp gọn khi không sử dụng
";1900000;405/2025/392/CTTĐG-VNVIC;18/12/2025;…;Bùi Thị Trà Giang
1627;;Thùng rác cá heo;Cái;"
Thùng rác cá heo
Kích thước: 600 x 1100 mm
Chất liệu: CompositeCó giỏ PVC đựng rác bên trong
Màu sắc: da xanh, bụng trắng (hoặc theo yêu cầu)
";1350000;405/2025/392/CTTĐG-VNVIC;18/12/2025;…;Bùi Thị Trà Giang
1628;;Bàn giáo viên;Cái;"The One/Xuân Hòa
Bàn vi tính giáo viên
(Có khay bàn phím, chỗ để CPU và máy in)
Kích thước: 900 x 500 x 800 mm
Dung sai kích thước ± 5mm
Vật liệu: Gỗ cao su ghép thanh cao cấp loại AA dày 18mm được chứng nhận phù hợp với TCVN 8575:2010, đã qua xử lý chống ẩm mốc, mối mọt, không cong vênh, sơn phủ bóng cao cấp Bàn có khay bàn phím, chỗ để CPU, có chỗ để máy in, có quây gờ 3 mặt, có khoét lỗ luồn dây, yếm lửng chân bàn chắc chắn Sản phẩm được đăng ký nhãn hiệu và sản xuất bởi nhà sản xuất đạt tiêu chuẩn ISO 9001:2015, ISO 14001: 2015";1752000;405/2025/392/CTTĐG-VNVIC;18/12/2025;…;Bùi Thị Trà Giang
1629;;Giá để đồ vẽ;Cái;"
Gíá để đồ vẽ 
Kích thước: 1000 x 300 x 600 mm
Vật liệu: Gỗ cao su ghép thanh cao cấp loại 1 (AA) dày 18mm, được chứng nhận phù hợp TCVN 8575:2010, đã qua xử lý chống ẩm mốc, mối mọt, không cong vênh, sơn phủ bóng cao cấp đảm bảo tính thẩm mỹ bền đẹp của sản phẩm Giá không hậu, chân có bánh xe di chuyển Giá 02 tầng, 3 khoang, đợt nóc mỗi khoang chạy gờ chia 6 ô các ô để bút/phấn vẽ Sản phẩm được đăng ký nhãn hiệu và sản xuất bởi nhà sản xuất đạt tiêu chuẩn ISO 9001:2015, ISO 14001: 2015
";1350000;405/2025/392/CTTĐG-VNVIC;18/12/2025;…;Bùi Thị Trà Giang
1630;;Kệ để đồ chơi đa năng;Cái;"
Kệ để đồ chơi đa năng
Kích thước 1000 x 300 x 800 mm
Vật liệu: Gỗ cao su ghép thanh cao cấp loại 1 (AA) dày 18mm, được chứng nhận phù hợp TCVN 8575:2010, đã qua xử lý chống ẩm mốc, mối mọt, không cong vênh, sơn phủ bóng cao cấp đảm bảo tính thẩm mỹ bền đẹp của sản phẩm Giá không hậu để thông 2 mặt, chia 03 tầng, hai bên hồi giá có khoét lỗ tay cầm";950000;405/2025/392/CTTĐG-VNVIC;18/12/2025;…;Bùi Thị Trà Giang
1631;;Băng ghế để trẻ thay giầy dép;Cái;"
Băng ghế để trẻ thay giầy dép
Kích thước: 800 x 300 x 250 mm
Vật liệu: Gỗ cao su ghép thanh cao cấp loại AA dày 18mm (gồm cả hậu) được chứng nhận phù hợp với TCVN 8575:2010, đã qua xử lý chống ẩm mốc, mối mọt, không cong vênh, sơn phủ bóng cao cấp Mặt ghế có đệm mút bọc da, có khóa thuận tiện cho việc vệ sinh Ghế được thiết kế có 1 đợt để dép, dùng cho trẻ ngồi đi giày dép Sản phẩm được đăng ký nhãn hiệu và sản xuất bởi nhà sản xuất đạt tiêu chuẩn ISO 9001:2015, ISO 14001: 2015
";1350000;405/2025/392/CTTĐG-VNVIC;18/12/2025;…;Bùi Thị Trà Giang
1632;;Kệ để giầy dép;Cái;"
Giá để giày dép
Kích thước: D2000 x R300 x C600 (mm)
Vật liệu: Gỗ cao su ghép thanh cao cấp loại AA dày 18mm, hậu gỗ cao su AA 10mm được chứng nhận phù hợp với TCVN 8575:2010, đã qua xử lý chống ẩm mốc, mối mọt, không cong vênh, sơn phủ bóng cao cấp Chia 3 tầng, 02 khoang để dép, đợt để phẳng, dùng khoảng 35 đôi giày, dép Chân có bánh xe di chuyển Sản phẩm được đăng ký nhãn hiệu và sản xuất bởi nhà sản xuất đạt tiêu chuẩn ISO 9001:2015, ISO 14001: 2015
";2200000;405/2025/392/CTTĐG-VNVIC;18/12/2025;…;Bùi Thị Trà Giang
1633;;Ghế cho trẻ;Cái;"
""Ghế cho trẻ
Kích thước: R280 x S290 mm x C260/520mm
Dung sai kích thước ± 5mm
Vật liệu: gỗ cao su ghép thanh cao cấp loại 1 (AA) dày 18mm được chứng nhận phù hợp TCVN 8575:2010, đã qua xử lý chống ẩm mốc, mối mọt, không cong vênh, sơn phủ bóng cao cấp đảm bảo tính thẩm mỹ Chân gỗ tự nhiên 35 x 35mm, có giằng 50x 18mm quây xung quanh mặt ngồi đảm bảo chắc chắn Sản phẩm được đăng ký nhãn hiệu và sản xuất bởi nhà sản xuất đạt tiêu chuẩn ISO 9001:2015, ISO 14001: 2015""
";386000;405/2025/392/CTTĐG-VNVIC;18/12/2025;…;Bùi Thị Trà Giang
1634;;Ghế cho giáo viên;Cái;"The One/Xuân Hòa
Ghế cho giáo viên
Kích thước: R320 x S320 mm x C350/600 mm 
Vật liệu: Gỗ sao sughép thanh cao cấp loại 1 (AA) dày 18mm được chứng nhận phù hợp TCVN 8575:2010, đã qua xử lý chống ẩm mốc, mối mọt, không cong vênh, sơn phủ bóng cao cấp đảm bảo tính thẩm mỹ Chân gỗ tự nhiên 18 x 55 mm, có giằng 55 x 18mm quây xung quanh mặt ngồi và giằng chân 30 x 18mm đảm bảo chắc chắn Sản phẩm được đăng ký nhãn hiệu và sản xuất bởi nhà sản xuất đạt tiêu chuẩn ISO 9001:2015, ISO 14001: 2015
";485000;405/2025/392/CTTĐG-VNVIC;18/12/2025;…;Bùi Thị Trà Giang
1635;;"Tivi 75"" treo tường + giá treo";Cái;"UA75DU8500KXXV
Tivi 75'' treo tường + giá treo
* Tivi 75 inche
Model: UA75DU8500KXXV Xuất xứ: Samsung - Việt Nam
Hệ điều hành TizenOS
Loại Tivi TV LED 
Kích thước màn hình 75 inch 
Độ phân giải: 4K (3840 x 2160) Bluetooth (BT52) 
Kết nối: Internet Ethernet (LAN), WiFi 5, Bluetooth, Cổng Digital Audio Out (Optical), Cổng HDMI (3 cổng), Cổng USB (2 cổng), HDMI Audio Return Channel: eARC/ARC 
Tính năng: Multi Device Experience (Mobile to TV, Sound Mirroring, Wireless TV On, Tap View); Multi-View, Apple AirPlay Tích hợp đầu thu kỹ thuật số DVB-T2, trình duyệt Web Điều khiển tivi bằng điện thoại: Bằng ứng dụng SmartThings 
Công nghệ hình ảnh: Crystal Processor 4K, High Dynamic Range: HDR, HDR 10+, UHD Dimming, Contrast Enhancer
Công nghệ âm thanh: Q-Symphony, Adaptive Sound, Object Tracking Sound - OTS Lite
Tổng công suất loa 20W
* Giá treo tivi
Loại: Khung treo cố định, sử dụng cho tivi 75 inch
Chất liệu: Thép sơn tĩnh điện màu đen";19000000;405/2025/392/CTTĐG-VNVIC;18/12/2025;…;Bùi Thị Trà Giang
1636;;Giá vẽ cho trẻ;Cái;"
Giá vẽ cho trẻ
Kích thước: 950 x 450 x 390 mm
Vật liệu: gỗ cao su ghép thanh cao cấp, đã qua xử lý chống ẩm mốc, mối mọt, không cong vênh, sơn phủ bóng cao cấp đảm bảo tính thẩm mỹ bền đẹp của sản phẩm Giá vẽ 2 mặt, có khay để màu vẽ, đảm bảo chắc chắn, đẹp Sản phẩm được đăng ký nhãn hiệu và sản xuất bởi nhà sản xuất đạt tiêu chuẩn ISO 9001:2015, ISO 14001: 2015
";462000;405/2025/392/CTTĐG-VNVIC;18/12/2025;…;Bùi Thị Trà Giang
1637;;Tủ úp cốc;Cái;"
Tủ úp cốc
Kích thước: 600 x 300 x 900 mm
Vật liệu: toàn bộ làm bằng inox 304, khung vuông 25 x 25 x 1mm, cánh vuông 20x20x 1mm, bọc xung quanh inox tấm 0,6mm, khay hứng nước inox tấm dày 0,6mm Tủ có 3 tầng úp cốc và 1 tầng để thuốc Kệ úp cốc có khung 10 x 20 x 0,8 mm, nan inox 9,5 dày 0,8mm Tủ 04 cánh mở mica dày 5mm, có 4 bánh xe phi 50mm Thanh chắn quây 3 mặt trên nóc tủ bằng inox vuông 15 x 15 x 0,8mm Sản phẩm được sản xuất bởi nhà sản xuất đạt tiêu chuẩn ISO 9001:2015, ISO 14001: 2015";2249350;405/2025/392/CTTĐG-VNVIC;18/12/2025;…;Bùi Thị Trà Giang
1638;;Loa vi tính;Bộ;"Loa Microlab M105 21
Loa vi tính
Hệ thống loa 21 với bộ khuếch đại chất lượng
Số lượng loa: 3
Công suất loa: 5W + 5W (25Wx2)
Tần số đáp ứng: 40Hz-20kHz
Cổng tín hiệu vào: 35mm stereo";528000;405/2025/392/CTTĐG-VNVIC;18/12/2025;…;Bùi Thị Trà Giang
1639;;Bộ mic trợ giảng không dây;Bộ;"Máy trợ giảng không dây Aporo T18
Bộ mic trợ giảng không dây:                                    
Công suất loa phát (với mic): RMS 15W
Công suất cực đại tối đa: PMPO 30W
Thời gian sạc: 6 giờ
Thời lượng pin (mic): ~4 giờ
Thời lượng pin máy: ~8 giờ
Kích thước thân máy: 13,5 (cao) x 11 (rộng) x 3,7 (dày)
Cổng sạc: DC5V/1A
Hỗ trợ kết nối: USB 20 / Bluetooth 50 / TF Card tối đa 32G / Aux 35 line inHỗ trợ chức năng:  USB, Ghi âm, FM, Thẻ nhớ, Bluetooth 50
Phụ kiện đi kèm: 1 Micro ko dây, kẹp đế,  dây sạc,  dây 35mm, dây đeo
";1300000;405/2025/392/CTTĐG-VNVIC;18/12/2025;…;Bùi Thị Trà Giang
1640;;Bảng đa năng ;Chiếc;"
Loại bảng: Bảng vách ngăn Scala một mặt ghim nỉ + 1 mặt từ trắng
Kích thước: D1200 x C1500 mm
Vật liệu: Bề mặt bảng: Mặt HQ trắng viết bút dạ; Bề mặt ghim kết hợp tiêu âm theo bộ sưu tập màu vải trang nhã mới Có thể kết hợp 2 bề mặt từ HQ + 1 mặt tiêu âm ghim có tác dụng ghim tài liệu đồng thời làm tiêu tiếng ồn và âm thanh Bảng được sử dụng cốt tiêu âm + cao su non 5mm dày 20 mm đảm bảo chắc chắn Bánh xe chuyên dụng có chốt hãm định vị Sản phẩm được sản xuất bởi Nhà sản xuất đạt tiêu chuẩn ISO 9001:2015; ISO 14001:2015
";6770000;405/2025/392/CTTĐG-VNVIC;18/12/2025;…;Bùi Thị Trà Giang
1641;;Rèm cuộn chống nắng;m2;"
Rèm cuộn chống nắng
- Mô tả: Vải phủ nhựa Polyester chống ẩm mốc, thanh rèm làm từ hợp kim nhôm cao cấp, dây điều khiển có độ bền cao
- Rèm được thử nghiệm chống thấm nước bề mặt (AATCC 22-2017) và khả năng bảo vệ tia UV (AS/NZS 4399:2017)";368000;405/2025/392/CTTĐG-VNVIC;18/12/2025;…;Bùi Thị Trà Giang
1642;;Cây ấm lạnh;Cái;"Model: DK900 Thương hiệu: Dako Xuất xứ: Trung Quốc
Cây ấm lạnh
Model: DK900 Thương hiệu: Dako Xuất xứ: Trung Quốc
Nhiệt độ nóng khoảng 45 độ C, phù hợp uống liền, không lo bị bỏng
Đặc biệt: Bình âm thân (bình nước đặt trong máy) Làm lạnh bằng block (khí nén)
Hệ thống bình chứa bằng thép không gỉ, an toàn, độ bền cao
Role tự ngắt khi hết nước, an toàn chống cháy nổ
Bình đun bằng thép không gỉ, an toàn, độ bền cao
Nhiệt độ nóng: >45oC, lạnh: <10oC
Công suất làm nóng: 550W - lạnh: 90 W";4050000;405/2025/392/CTTĐG-VNVIC;18/12/2025;…;Bùi Thị Trà Giang
1643;;Cốc uống nước;Cái;"
Cốc uống nước
Đường kính: 7cm
Vật liệu: Bằng inox 304, có quai không uốn mép đảm bảo vệ sinh an toàn khi sử dụng
Hãng sản xuất: Kim Khí Thăng Long";20000;405/2025/392/CTTĐG-VNVIC;18/12/2025;…;Bùi Thị Trà Giang
1644;;Ghế vi tính giáo viên;Cái;"The One/Xuân Hòa
Ghế cho giáo viên
Kích thước: R320 x S320 mm x C350/600 mm 
Vật liệu: Gỗ sao sughép thanh cao cấp loại 1 (AA) dày 18mm được chứng nhận phù hợp TCVN 8575:2010, đã qua xử lý chống ẩm mốc, mối mọt, không cong vênh, sơn phủ bóng cao cấp đảm bảo tính thẩm mỹ Chân gỗ tự nhiên 18 x 55 mm, có giằng 55 x 18mm quây xung quanh mặt ngồi và giằng chân 30 x 18mm đảm bảo chắc chắn Sản phẩm được đăng ký nhãn hiệu và sản xuất bởi nhà sản xuất đạt tiêu chuẩn ISO 9001:2015, ISO 14001: 2015
";685000;405/2025/392/CTTĐG-VNVIC;18/12/2025;…;Bùi Thị Trà Giang
1645;;Biển tên phòng;Cái;"
""Biển tên phòng:
- Kích thước: 110x300 mm
- Vật liệu: Inox tấm 304, mica trong
- Chữ và họa tiết trên tấm Inox được gia công bằng phương pháp Inox ăn mòn, mực sơn nội dung cao cấp không bị bay màu Tấm Inox sau khi gia công xong sẽ được gắn chặt vào tấm mica bằng loại keo chuyên dụng đảm bảo bền bỉ, chắc chắn""
";350000;405/2025/392/CTTĐG-VNVIC;18/12/2025;…;Bùi Thị Trà Giang
1646;;Máy vi tính để bàn giáo viên;Bộ;"FTA5224i
Máy vi tính để bàn đồng bộ
 Hãng Sản xuất: FPT
 Nhãn hiệu: FPT Elead
 Model: FTA5224i
 Xuất xứ: Việt Nam
 Bảo hành: 24 tháng
 Thông số kỹ thuật
 -Bộ vi xử lý: Bộ xử lý Intel Core i5-12400
 -Bộ nhớ RAM: dung lượng 8GB DDR4
 -Ổ cứng: dung lượng 512GB SSD
 -Bảng mạch chủ: Sử dụng chipset Intel H610; Giao tiếp kết nối: 02x PCIe, 01x HDMI port, 06x USB Ports, 01x M2 slot, 04x SATA 60 Gb/s Port, 03x Audio Jacks
 -Card màn hình: Tích hợp và hỗ trợ Intel UHD Graphics
 -Card âm thanh: Tích hợp cạc âm thanh High Definition Audio
 -Giao tiếp mạng: Tích hợp mạng Gigabit LAN
 -Case máy tính: Case máy tính FPT Elead kiểu dáng đứng nhỏ gọn (Slim Tower Case) Mặt trước của case có tích hợp màn hình hiển thị: hiển thị tốc độ quạt, nhiệt độ các thành phần CPU/HDD/VGA và có cảnh báo bằng âm thanh khi nhiệt độ của các thành phần CPU/HDD/VGA vượt qua 60 độ C
 -Màn hình: Màn hình vi tính FPT Elead 215” (Kính thước: 215 inch, Độ phân giải: 1920 x 1080), cổng giao tiếp kết nối: 01x D-Sub port và 01x HDMI port (Màn hình vi tính đồng bộ cùng thương hiệu với hãng sản xuất máy vi tính)
 -Bàn phím và chuột: Bàn phím FPT Elead tiêu chuẩn có dây và chuột FPT Elead có dây, chuẩn kết nối USB (sản phẩm đồng bộ cùng nhãn hiệu với nhãn hiệu máy vi tính)
 -Hệ điều hành: Phần mềm Microsoft Windows 11 bản quyền 
 -Tiêu chuẩn chất lượng: Máy vi tính được sản xuất trên dây chuyền công nghiệp bởi tổ chức đạt tiêu chuẩn ISO (ISO 9001:2015; ISO 14001:2015; ISO/IEC 27001:2013 và hệ thống quản lý chất lượng phòng LAB theo ISO/IEC 17025:2017)";14980000;405/2025/392/CTTĐG-VNVIC;18/12/2025;…;Bùi Thị Trà Giang
1647;;Gương múa;m2;"
Gương múa:
- Gương tấm khổ lớn mài vát cạnh, dày 5 mm, bắt cố định vào tường bằng keo công nghiệp kết hợp với kẹp, vít chuyên dụng, xung quanh hệ gương được nẹp sập nhôm trắng sứ nhằm tăng độ liên kết và tạo thẩm mỹ
";600000;405/2025/392/CTTĐG-VNVIC;18/12/2025;…;Bùi Thị Trà Giang
1648;;Gióng múa cho trẻ;m;"
Tay vịn gỗ:
- Tay vịn làm bằng gỗ D42, cách sàn 600mm, làm chân đỡ tay vịn, chân làm bằng inox D38, vít chặt xuống sàn
";400000;405/2025/392/CTTĐG-VNVIC;18/12/2025;…;Bùi Thị Trà Giang
1649;;Gióng múa cho cô;m;"
Tay vịn gỗ:
- Tay vịn làm bằng gỗ D60, cách sàn 1000mm, làm chân đỡ tay vịn, chân làm bằng inox D38, vít chặt xuống sàn
";450000;405/2025/392/CTTĐG-VNVIC;18/12/2025;…;Bùi Thị Trà Giang
1650;;Tủ để đồ dùng nhạc cụ;Cái;"The One/Xuân Hòa
Tủ để đồ dùng nhạc cụ
Kích thước: 2400 x 400 x 1200 mm
Chất liệu: Thùng gỗ mdf phủ melamin Cánh và hộc chứa đồ làm bằng gỗ mdf sơn pu Tủ được chia làm 5 khoang đứng: Phần trên: cánh sơn trắng có khắc hình nốt nhạc ở giữa, phần dưới: khoang hở sơn pu màu theo thiết kế";6912000;405/2025/392/CTTĐG-VNVIC;18/12/2025;…;Bùi Thị Trà Giang
1651;;Tủ đựng trang phục biểu diễn (Cô);Cái;"
Tủ đựng trang phục biểu diễn (Cô)
Kích thước: 1200 x 500 x 1800 mm
Vật liệu: Gỗ cao su ghép thanh cao cấp loại 1 (AA) dày 18mm, được chứng nhận phù hợp TCVN 8575:2010, đã qua xử lý chống ẩm mốc, mối mọt, không cong vênh, sơn phủ bóng cao cấp đảm bảo tính thẩm mỹ bền đẹp của sản phẩm, hậu alu vân gỗ 3mm Tủ 2 tầng: phía trên 2 cánh gỗ - mca mở, bên trong có suốt treo trang phục biểu diễn của cô; phía dưới 02 cánh gỗ mở, có khóa Sản phẩm được sản xuất bởi nhà sản xuất đạt tiêu chuẩn ISO 9001:2015, ISO 14001: 2015";5184000;405/2025/392/CTTĐG-VNVIC;18/12/2025;…;Bùi Thị Trà Giang
1652;;Tủ đựng trang phục biểu diễn (cháu);Cái;"
Tủ đựng trang phục biểu diễn (cháu)
Kích thước: 1200 x 500 x 1800 mm
Vật liệu: Gỗ cao su ghép thanh cao cấp loại 1 (AA) dày 18mm, được chứng nhận phù hợp TCVN 8575:2010, đã qua xử lý chống ẩm mốc, mối mọt, không cong vênh, sơn phủ bóng cao cấp đảm bảo tính thẩm mỹ bền đẹp của sản phẩm, hậu alu vân gỗ dày 3mm Tủ chia 2 tầng 04 cánh gỗ - mica mở, bên trong mỗi tầng có suốt inox treo trang phục biểu diễn của trẻ Sản phẩm được sản xuất bởi nhà sản xuất đạt tiêu chuẩn ISO 9001:2015, ISO 14001: 2015";5184000;405/2025/392/CTTĐG-VNVIC;18/12/2025;…;Bùi Thị Trà Giang
1653;;Bục sân khấu biểu diễn;Cái;"
Bục sân khấu biểu diễn
Kích thước: 2400 x 1200 x 200mm
Chất liệu: Gỗ cao su ghép thanh, mặt bọc thảm nỉ hoặc da Kích thước có thể điều chỉnh phù hợp với thiết kế thực tế phòng nhưng vẫn đảm bảo số m2 được cấp";6048000;405/2025/392/CTTĐG-VNVIC;18/12/2025;…;Bùi Thị Trà Giang
1654;;Đàn piano;;"Roland RP107
Đàn organ điện tử cho giáo viên:
Đàn organ điện tử cho giáo viên Roland RP107
- Âm thanh piano : Công nghệ tái tạo âm thanh siêu chân thật
- Độ phân giải âm thanh tối đa : 256 âm thanh
- Số tiếng đàn :  Tổng 15 tiếng
- Bàn phím : Bàn phím tiêu chuẩn PHA-4: với cảm giác thoát phím chân thật và mặt bàn phím giả ngà voi tạo cảm giác bám 88 phím)    
- Bàn đạp điều khiển : Damper (capable of continuous detection) Bộ giảm chấn (có khả năng phát hiện liên tục) ; Soft (capable of continuous detection) Mềm (có khả năng phát hiện liên tục)SostenutoSostenuto – Kéo dài âm thanh
- Công suất đầu ra định mức: 8 W x 2 = 16W
- Công nghệ tai nghe: Hiệu ứng: Công nghệ tai nghe 3D ngoại cảnh
- Độ nhạy cảm ứng:  Phím cảm ứng 5 mức, chạm cố định
- Điều chỉnh tần số:  Từ 415,3–466,2 Hz (có thể điều chỉnh theo gia số 0,1 Hz)
- Các hiệu ứng: Cảm nhận sắc thái âm thanh, âm sắc rực rỡ
- Bluetooth:  Bluetooth Ver 42; Cấu hình: A2DP (Âm thanh), GATT (MIDI qua Bluetooth năng lượng thấp); CODEC: SBC (Hỗ trợ bảo vệ nội dung SCMS-T)
- Data Playback: Standard MIDI Files (Format 0, 1); Tệp âm thanh (WAV: 44,1 kHz, định dạng tuyến tính 16 bit, MP3: 44,1 kHz, 64 kbps – 320 kbps, yêu cầu Bộ nhớ USB Flash)
- Chức năng mở rộng: Máy đếm nhịp (có thể điều chỉnh Tempo / Beat / Volume); 2 tiếng nhạc cụ cùng lúc; TwinPiano – chia bàn phím 2 người đánh; Dịch tone – theo nửa cung mỗi lần; Âm lượng loa và âm lượng tai nghe tự động chọn chức năng; Loa tự động tắt tiếng; Tự động tắt khi không dùng
 - Kết nối: DC In jack; USB Computer port: USB B type; USB Memory port: USB A type; Phones jack x 2: Stereo miniature phone type, Stereo 1/4-inch phone type
- Ghi âm:  Tệp MIDI tiêu chuẩn (Định dạng 0, 1 phần, Bộ nhớ khoảng 70000 nốt)
- Kích thước: 1,378  x 410 x 982 (Rộng x Sâu x Cao)
- Bao gồm phụ kiện: Bộ chân đế để đàn, túi đựng đàn, sách bài hát
";20000000;405/2025/392/CTTĐG-VNVIC;18/12/2025;…;Bùi Thị Trà Giang
1655;;Đàn Organ;Cái;"BK-3 BK
Đàn Organ
Model: BK-3 BK Hãng sản xuất: ROLAND 
- 61 phím (Có vận tốc - cảm ứng gia tốc)
- Đa âm tối đa: 128 voices (GM2/GS/XG Lite), 16 parts; 
- Bộ nhớ lưu trữ ngoài : Số lượng không giới hạn (lưu trữ trên bộ nhớ USB)
 Hơn 500 “Âm nhạc Bộ nhớ Assistant” (bộ nhớ trong), 5 bộ nhớ “Factory Song” (bộ nhớ trong),
- Âm thanh: 851 tiếng; 53 bộ trống; 
- Giai điệu: 250 in 5 nhóm (đặc trưng của các dân tộc nằm trong nhóm WORLD 1 và WORLD 2) Cài đặt One Touch: 4 cài đặt cho mỗi điệu đệm (có thể cài đặt cho các điệu đệm trong thẻ nhớ USB) và USB đi kèm có hơn 1000 điệu
- Đọc điệu, tiếng, mp3, wave, midi, … trực tiếp từ USB (công nghệ Direct Reading)
- Chức năng ngắt tiếng (lời ca) các bài hát
- Hệ tiếng và điệu thừa hưởng từ các series BK-9, E-80, G-70, VA-7, để phù hợp hơn với nhạc Việt Nam
- Công suất đầu ra: 7,5W + 7,5W
- Bộ loa: 10cm x 2
- Màn hình điều khiển LCD 
Sản phẩm đạt tiêu chuẩn ISO 9001:2015; Chứng nhận: Low Voltage, EMC, ErP, RoHS
(Đã bao gồm chân, bao, nguồn, USB)";15730000;405/2025/392/CTTĐG-VNVIC;18/12/2025;…;Bùi Thị Trà Giang
1656;;Loa;Cái;"HV12(N)
Loa
Model: HV12(N) Hãng sản xuất: Hivi Xuất xứ: Trung Quốc
Loại loa: loa toàn dải treo tường
Cấu tạo  Loa bass + loa treble
Loa bass  30 cm
Loa treble  44cm
Công suất định mức  300W
Độ nhạy  97dB
Trở kháng  8 Ω
Dải tần số  55Hz-22KHz
Góc phủ âm  90 độ x 50 độ
Kiểu dáng  Loa đứng
Trọng lượng  21kg
Kích thước  345 x 580 x 375 mm
Mức áp suất âm thanh tối đa 128 dB";9500000;405/2025/392/CTTĐG-VNVIC;18/12/2025;…;Bùi Thị Trà Giang
1657;;Âm ly;Cái;"LA245
Âm ly
Model: LA245 Hãng sản xuất: Hivi Xuất xứ: Trung Quốc
(Cục đẩy công suất)
Công suất âm thanh tại 8Ω  450W × 2
Công suất âm thanh tại 4Ω  700W x 2
Công suất bridge  1400W x 2
Tần số đạp tuyến  ≥20Hz-≤20KHz
Độ méo âm thanh  ≦ 0,08%
Tỷ lệ tín hiệu trên nhiễu  ≥102dB
Trở Kháng đầu vào  Cân bằng 20KΩ, 10KΩ không cân bằng
Hệ số giảm chấn  ≥300
Độ nhạy đầu vào  0,775V / 1v / 32dB
Tốc độ quay  ≥10V / uS
Kích thước  483 × 319,5 × 88mm
Khối lượng tịnh (± 10%)  12,4 kg";10500000;405/2025/392/CTTĐG-VNVIC;18/12/2025;…;Bùi Thị Trà Giang
1658;;Thiết bị xử lý tín hiệu có tích hợp effec;Cái;"DSP-10
Thiết bị xử lý tín hiệu có tích hợp effect
Model: DSP-10 Hãng sản xuất: Hivi Xuất xứ: Trung Quốc
(Vang số tích hợp micro)
Mức đầu vào âm nhạc tối đa:  4,5V (RMS)
Mức đầu ra tối đa: 4,5V (RMS)
Âm nhạc: Kênh tăng tối đa:  18dB
Độ nhạy của micrô có dây:  20mV (OUTPUT：19V）
Độ nhạy của micrô không dây ở mặt sau: 1V (RMS) /
Tỷ lệ tín hiệu trên nhiễu  > 80dB
Chế độ chuyển chương trình nhanh: 3 chế độ
Tính năng vật lý: Trang bị 2 màn hình hiển thị
Màn hình số 1: điều chỉnh thiết lập dải tần số âm thanh phù hợp với không gian
Màn hình số 2: điều chỉnh cài đặt micro 
Micro: gồm 2 tay micro với tần số sóng 700-790Mhz, 2 cần micro bắt sóng riêng biệt
Cổng vào kết nối: 7 cổng gồm: 3 bông sen,1 optical, 2 ngõ micro,1 ngõ vào coaxial
Cổng ra: 7 cổng, gồm: 6 ngõ ra canon, 1 ngõ ra AV
Điện áp cung cấp đầu vào:  220V 50Hz
Kích thước:  482×227×49mm
Trọng lượng:  3,55kg";16550000;405/2025/392/CTTĐG-VNVIC;18/12/2025;…;Bùi Thị Trà Giang
1659;;Thiết bị quản lý nguồn điện;;" P10R
Thiết bị quản lý nguồn điện
Model: P10R Hãng sản xuất: Hivi Xuất xứ: Trung Quốc
Điện áp đầu vào: Điện áp đầy đủ 100～260 VAC
Công suất đầu vào: Công suất dòng vào tối đa 63A (220 VAC)
Giắc cắm đầu vào/liên kết 1/4 inch
Giắc cắm đầu ra 1/4 inch
Điều khiển từ xa thông minh RS485
Cổng RS232 điều khiển thông minh từ xa
Giao diện điều khiển từ xa DC Tai nghe 3,5 mm 5-24V DC
Công suất ngõ ra Ngõ ra tối đa một kênh 30A/10S (220 VAC), Ngõ ra định mức 16A
Kênh có thể điều khiển 8 kênh với chức năng hẹn giờ và 2 ổ cắm đa chức năng thẳng trên bảng điều khiển phía trước
Thời gian cách nhau 1 giây giữa mỗi kênh 
Kích thước: 480×212,5×44 mm
Tổng / Trọng lượng tịnh: 3,65/2,8kg (±0,5kg)";3800000;405/2025/392/CTTĐG-VNVIC;18/12/2025;…;Bùi Thị Trà Giang
1660;;Tủ đựng thiết bị âm thanh;;"
Tủ đựng thiết bị âm thanh
Loại: 8U
Mặt tủ: Sử dụng gỗ dán cao cấp và 9 mm bề mặt tráng phủ nhựa Góc bằng sắt dập mạ crom bóng đẹp và mạnh mẽ
Chân quay đa hướng có vòng bi bánh cao su bền chắc chắn Xung quanh các cạnh bọc góc nhôm dày
Có khóa lưỡi móc dễ dàng khóa phù hợp và lưỡi
Gắn các phần cứng như amplifier, thiết bị vi xử lý tín hiệu vvv Độ bền rất cao
Kích thước: Cao 40cm x rộng 53cm x sâu 65cm";2850000;405/2025/392/CTTĐG-VNVIC;18/12/2025;…;Bùi Thị Trà Giang
1661;;Giá treo loa;;"
Giá treo loa
Vật liệu: Thép sơn phủ mầu đen Độ dày của thép tùy từng điểm chịu lực từ 1,3 – 3,8 mm Kích thước chiều dài thanh từ tường 38cm";220000;405/2025/392/CTTĐG-VNVIC;18/12/2025;…;Bùi Thị Trà Giang
1662;;Vật tư, phụ kiện và nhân công lắp đặt;Trọn gói;"
Vật tư, phụ kiện và nhân công lắp đặt
* Dây giắc kết nối, phụ kiện đi kèm (dây loa, dây tín hiệu, giắc loa, giắc tín hiệu,vật tư phụ )
* Nhân công thi công lắp đặt và chuyển giao công nghệ";1450000;405/2025/392/CTTĐG-VNVIC;18/12/2025;…;Bùi Thị Trà Giang
1663;;Thảm trải sàn;m2;"
""Thảm trải sàn
Kích thước tấm : 60 x 60 cm, dày 7mm
Chất liệu: Đế xốp EVA + mặt thảm nỉ cao cấp độ bền cao""
";77400;405/2025/392/CTTĐG-VNVIC;18/12/2025;…;Bùi Thị Trà Giang
1664;;Bảng thông tin tuyên truyền cửa lớp;Cái;"
Bảng thông tin tuyên truyền cửa lớp
Loại: Bảng ghim khung air
Kích thước: 1200 x 1800 mm
Chất liệu: Mặt bảng bằng vải nỉ cao cấp có thể ghim ngập đinh ghim một cách nhẹ nhàng và không để lại vết Cốt bảng  sử dụng tấm nhựa dày 10mm + cao su non 5 ly giúp bảng chắc chắn, chống cong vênh, ghim ngập đinh ghim và không để lại vết Viền quanh thân bảng là khung được làm từ hợp kim nhôm chất lượng cao được Anot hóa bề mặt màu ghi chì Khung nhôm được thiết kế ôm trọn mặt bảng mà không cần dùng các góc bít bảng như các loại bảng  thông thường khác Khung nhôm có bề rộng 22mm, bề dày 1mm cứng cáp, tạo cảm giác như bảng không khung Bảng không khung được lắp đặt lên tường bằng  hệ thống ke vít chuyên dụng ẩn đằng sau bảng tạo tính thẩm mĩ Sản phẩm được sản xuất bởi nhà sản xuất đạt tiêu chuẩn ISO 9001:2015; ISO 14001:2015";2500000;405/2025/392/CTTĐG-VNVIC;18/12/2025;…;Bùi Thị Trà Giang
1665;;Rèm che nắng hiên chơi lớp học;m2;"
Rèm che nắng hiên chơi lớp học
Loại: Rèm cuốn bạt ngoài ban công
Bạt che mưa nắng hiên chơi sử dụng cơ cấu lò xo đồng trục Trục cuốn bằng nhôm Ø 63 cuốn 1 đầu bạt, đầu kia có thanh inox Ø 25 làm đai dưới Bạt được bắt lên tường bằng bản mã hai đầu trục cuốn Chất liệu bạt bằng bạt nhựa polyester Rèm được thử nghiệm tính kháng thấm thấm nước bề mặt theo AATCC 22-2017 và khả năng bảo vệ tia UV (độ truyền qua tia UV) theo AS/NZS 4399:2017 (Bao gồm cả vật tư, nhân công và phụ kiện lắp đặt hoàn thiện theo yêu cầu)";330000;405/2025/392/CTTĐG-VNVIC;18/12/2025;…;Bùi Thị Trà Giang
1666;;Thùng rác;Cái;"
Thùng rác: Thùng rác được làm từ nhựa PP cao cấp, cho độ bền cao, khả năng chống lão hóa tốtKích thước: 345 x 34 x 44 cm";200000;405/2025/392/CTTĐG-VNVIC;18/12/2025;…;Bùi Thị Trà Giang
1667;;Đồng hồ treo tường;Cái;"
""Đồng hồ :
- Kích thước: 397x360x50 mm
- Mô tả: Chất liệu nhựa bền đẹp, chắc chắn
""
";350000;405/2025/392/CTTĐG-VNVIC;18/12/2025;…;Bùi Thị Trà Giang
1668;;Ổ cắm điện kéo dài đa năng;Cái;"
Ổ cắm kéo dài đa năng kết hợp 5 ổ
Ổ cắm điện có 5 lỗ 3 chấu, đa năng và có 5 công tắc đi kèm
Mỗi ổ cắm đều có nắp che, hạn chế tối đa bị phóng tia lửa điện, chống rò rỉ điện, chống giật hiệu quả, an toàn cho trẻ nhỏ
 Ổ cắm  được làm bằng hạt nhựa ABS nhập khẩu chịu nhiệt độ cao,chống cháy Chịu tải cao: Max 3200W, 2 lõi dây đồng : 2*1mm- Điện áp: 220V/ 50Hz
";235000;405/2025/392/CTTĐG-VNVIC;18/12/2025;…;Bùi Thị Trà Giang
1669;;Bàn vi tính giáo viên;Cái;"
Bàn vi tính giáo viên
(Có khay bàn phím, chỗ để CPU và máy in)
Kích thước: 900 x 500 x 800 mm
Dung sai kích thước ± 5mm
Vật liệu: Gỗ cao su ghép thanh cao cấp loại AA dày 18mm được chứng nhận phù hợp với TCVN 8575:2010, đã qua xử lý chống ẩm mốc, mối mọt, không cong vênh, sơn phủ bóng cao cấp Bàn có khay bàn phím, chỗ để CPU, có chỗ để máy in, có quây gờ 3 mặt, có khoét lỗ luồn dây, yếm lửng chân bàn chắc chắn Sản phẩm được đăng ký nhãn hiệu và sản xuất bởi nhà sản xuất đạt tiêu chuẩn ISO 9001:2015, ISO 14001: 2015";1752000;405/2025/392/CTTĐG-VNVIC;18/12/2025;…;Bùi Thị Trà Giang
1670;;Băng ghế để trẻ thay giầy dép;Cái;"
Băng ghế để trẻ thay giầy dép
Kích thước: 800 x 300 x 250 mm
Vật liệu: Gỗ cao su ghép thanh cao cấp loại AA dày 18mm (gồm cả hậu) được chứng nhận phù hợp với TCVN 8575:2010, đã qua xử lý chống ẩm mốc, mối mọt, không cong vênh, sơn phủ bóng cao cấp Mặt ghế có đệm mút bọc da, có khóa thuận tiện cho việc vệ sinh Ghế được thiết kế có 1 đợt để dép, dùng cho trẻ ngồi đi giày dép Sản phẩm được đăng ký nhãn hiệu và sản xuất bởi nhà sản xuất đạt tiêu chuẩn ISO 9001:2015, ISO 14001: 2015
";1350000;405/2025/392/CTTĐG-VNVIC;18/12/2025;…;Bùi Thị Trà Giang
1671;;Kệ để giầy dép;Cái;"
Giá để giày dép
Kích thước: D2000 x R300 x C600 (mm)
Vật liệu: Gỗ cao su ghép thanh cao cấp loại AA dày 18mm, hậu gỗ cao su AA 10mm được chứng nhận phù hợp với TCVN 8575:2010, đã qua xử lý chống ẩm mốc, mối mọt, không cong vênh, sơn phủ bóng cao cấp Chia 3 tầng, 02 khoang để dép, đợt để phẳng, dùng khoảng 35 đôi giày, dép Chân có bánh xe di chuyển Sản phẩm được đăng ký nhãn hiệu và sản xuất bởi nhà sản xuất đạt tiêu chuẩn ISO 9001:2015, ISO 14001: 2015
";2200000;405/2025/392/CTTĐG-VNVIC;18/12/2025;…;Bùi Thị Trà Giang
1672;;"Tivi 75"" treo tường + giá treo";Cái;"UA75DU8500KXXV
Tivi 75'' treo tường + giá treo
* Tivi 75 inche
Model: UA75DU8500KXXV Xuất xứ: Samsung - Việt Nam
Hệ điều hành TizenOS
Loại Tivi TV LED 
Kích thước màn hình 75 inch 
Độ phân giải: 4K (3840 x 2160) Bluetooth (BT52) 
Kết nối: Internet Ethernet (LAN), WiFi 5, Bluetooth, Cổng Digital Audio Out (Optical), Cổng HDMI (3 cổng), Cổng USB (2 cổng), HDMI Audio Return Channel: eARC/ARC 
Tính năng: Multi Device Experience (Mobile to TV, Sound Mirroring, Wireless TV On, Tap View); Multi-View, Apple AirPlay Tích hợp đầu thu kỹ thuật số DVB-T2, trình duyệt Web Điều khiển tivi bằng điện thoại: Bằng ứng dụng SmartThings 
Công nghệ hình ảnh: Crystal Processor 4K, High Dynamic Range: HDR, HDR 10+, UHD Dimming, Contrast Enhancer
Công nghệ âm thanh: Q-Symphony, Adaptive Sound, Object Tracking Sound - OTS Lite
Tổng công suất loa 20W
* Giá treo tivi
Loại: Khung treo cố định, sử dụng cho tivi 75 inch
Chất liệu: Thép sơn tĩnh điện màu đen";19000000;405/2025/392/CTTĐG-VNVIC;18/12/2025;…;Bùi Thị Trà Giang
1673;;Ghế vi tính giáo viên;Cái;"The One/Xuân Hòa
Ghế cho giáo viên
Kích thước: R320 x S320 mm x C350/600 mm 
Vật liệu: Gỗ sao sughép thanh cao cấp loại 1 (AA) dày 18mm được chứng nhận phù hợp TCVN 8575:2010, đã qua xử lý chống ẩm mốc, mối mọt, không cong vênh, sơn phủ bóng cao cấp đảm bảo tính thẩm mỹ Chân gỗ tự nhiên 18 x 55 mm, có giằng 55 x 18mm quây xung quanh mặt ngồi và giằng chân 30 x 18mm đảm bảo chắc chắn Sản phẩm được đăng ký nhãn hiệu và sản xuất bởi nhà sản xuất đạt tiêu chuẩn ISO 9001:2015, ISO 14001: 2015
";685000;405/2025/392/CTTĐG-VNVIC;18/12/2025;…;Bùi Thị Trà Giang
1674;;Loa vi tính;Bộ;"Loa Microlab M105 21
Loa vi tính
Hệ thống loa 21 với bộ khuếch đại chất lượng
Số lượng loa: 3
Công suất loa: 5W + 5W (25Wx2)
Tần số đáp ứng: 40Hz-20kHz
Cổng tín hiệu vào: 35mm stereo";528000;405/2025/392/CTTĐG-VNVIC;18/12/2025;…;Bùi Thị Trà Giang
1675;;Rèm cuộn chống nắng;m2;"
Rèm cuộn chống nắng
- Mô tả: Vải phủ nhựa Polyester chống ẩm mốc, thanh rèm làm từ hợp kim nhôm cao cấp, dây điều khiển có độ bền cao
- Rèm được thử nghiệm chống thấm nước bề mặt (AATCC 22-2017) và khả năng bảo vệ tia UV (AS/NZS 4399:2017)";368000;405/2025/392/CTTĐG-VNVIC;18/12/2025;…;Bùi Thị Trà Giang
1676;;Ghế cho trẻ;Cái;"
""Ghế cho trẻ
Kích thước: R280 x S290 mm x C260/520mm
Dung sai kích thước ± 5mm
Vật liệu: gỗ cao su ghép thanh cao cấp loại 1 (AA) dày 18mm được chứng nhận phù hợp TCVN 8575:2010, đã qua xử lý chống ẩm mốc, mối mọt, không cong vênh, sơn phủ bóng cao cấp đảm bảo tính thẩm mỹ Chân gỗ tự nhiên 35 x 35mm, có giằng 50x 18mm quây xung quanh mặt ngồi đảm bảo chắc chắn Sản phẩm được đăng ký nhãn hiệu và sản xuất bởi nhà sản xuất đạt tiêu chuẩn ISO 9001:2015, ISO 14001: 2015""
";386000;405/2025/392/CTTĐG-VNVIC;18/12/2025;…;Bùi Thị Trà Giang
1677;;Ghế cho giáo viên;Cái;"The One/Xuân Hòa
Ghế cho giáo viên
Kích thước: R320 x S320 mm x C350/600 mm 
Vật liệu: Gỗ sao sughép thanh cao cấp loại 1 (AA) dày 18mm được chứng nhận phù hợp TCVN 8575:2010, đã qua xử lý chống ẩm mốc, mối mọt, không cong vênh, sơn phủ bóng cao cấp đảm bảo tính thẩm mỹ Chân gỗ tự nhiên 18 x 55 mm, có giằng 55 x 18mm quây xung quanh mặt ngồi và giằng chân 30 x 18mm đảm bảo chắc chắn Sản phẩm được đăng ký nhãn hiệu và sản xuất bởi nhà sản xuất đạt tiêu chuẩn ISO 9001:2015, ISO 14001: 2015
";485000;405/2025/392/CTTĐG-VNVIC;18/12/2025;…;Bùi Thị Trà Giang
1678;;Bảng đa năng ;Chiếc;"
Loại bảng: Bảng vách ngăn Scala một mặt ghim nỉ + 1 mặt từ trắng
Kích thước: D1200 x C1500 mm
Vật liệu: Bề mặt bảng: Mặt HQ trắng viết bút dạ; Bề mặt ghim kết hợp tiêu âm theo bộ sưu tập màu vải trang nhã mới Có thể kết hợp 2 bề mặt từ HQ + 1 mặt tiêu âm ghim có tác dụng ghim tài liệu đồng thời làm tiêu tiếng ồn và âm thanh Bảng được sử dụng cốt tiêu âm + cao su non 5mm dày 20 mm đảm bảo chắc chắn Bánh xe chuyên dụng có chốt hãm định vị Sản phẩm được sản xuất bởi Nhà sản xuất đạt tiêu chuẩn ISO 9001:2015; ISO 14001:2015
";6770000;405/2025/392/CTTĐG-VNVIC;18/12/2025;…;Bùi Thị Trà Giang
1679;;Tủ úp cốc;Cái;"
Tủ úp cốc
Kích thước: 600 x 300 x 900 mm
Vật liệu: toàn bộ làm bằng inox 304, khung vuông 25 x 25 x 1mm, cánh vuông 20x20x 1mm, bọc xung quanh inox tấm 0,6mm, khay hứng nước inox tấm dày 0,6mm Tủ có 3 tầng úp cốc và 1 tầng để thuốc Kệ úp cốc có khung 10 x 20 x 0,8 mm, nan inox 9,5 dày 0,8mm Tủ 04 cánh mở mica dày 5mm, có 4 bánh xe phi 50mm Thanh chắn quây 3 mặt trên nóc tủ bằng inox vuông 15 x 15 x 0,8mm Sản phẩm được sản xuất bởi nhà sản xuất đạt tiêu chuẩn ISO 9001:2015, ISO 14001: 2015";2249350;405/2025/392/CTTĐG-VNVIC;18/12/2025;…;Bùi Thị Trà Giang
1680;;Cốc uống nước;Cái;"
Cốc uống nước
Đường kính: 7cm
Vật liệu: Bằng inox 304, có quai không uốn mép đảm bảo vệ sinh an toàn khi sử dụng
Hãng sản xuất: Kim Khí Thăng Long";20000;405/2025/392/CTTĐG-VNVIC;18/12/2025;…;Bùi Thị Trà Giang
1681;;Bộ mic trợ giảng không dây;Bộ;"Máy trợ giảng không dây Aporo T18
Bộ mic trợ giảng không dây:                                    
Công suất loa phát (với mic): RMS 15W
Công suất cực đại tối đa: PMPO 30W
Thời gian sạc: 6 giờ
Thời lượng pin (mic): ~4 giờ
Thời lượng pin máy: ~8 giờ
Kích thước thân máy: 13,5 (cao) x 11 (rộng) x 3,7 (dày)
Cổng sạc: DC5V/1A
Hỗ trợ kết nối: USB 20 / Bluetooth 50 / TF Card tối đa 32G / Aux 35 line inHỗ trợ chức năng:  USB, Ghi âm, FM, Thẻ nhớ, Bluetooth 50
Phụ kiện đi kèm: 1 Micro ko dây, kẹp đế,  dây sạc,  dây 35mm, dây đeo
";1300000;405/2025/392/CTTĐG-VNVIC;18/12/2025;…;Bùi Thị Trà Giang
1682;;Cây ấm lạnh;Cái;"Model: DK900 Thương hiệu: Dako Xuất xứ: Trung Quốc
Cây ấm lạnh
Model: DK900 Thương hiệu: Dako Xuất xứ: Trung Quốc
Nhiệt độ nóng khoảng 45 độ C, phù hợp uống liền, không lo bị bỏng
Đặc biệt: Bình âm thân (bình nước đặt trong máy) Làm lạnh bằng block (khí nén)
Hệ thống bình chứa bằng thép không gỉ, an toàn, độ bền cao
Role tự ngắt khi hết nước, an toàn chống cháy nổ
Bình đun bằng thép không gỉ, an toàn, độ bền cao
Nhiệt độ nóng: >45oC, lạnh: <10oC
Công suất làm nóng: 550W - lạnh: 90 W";4050000;405/2025/392/CTTĐG-VNVIC;18/12/2025;…;Bùi Thị Trà Giang
1683;;Thang leo áp tường;bộ;"
Thang leo áp tường
Kích thước: (D3700 x C2400 x S200) mm
- Leo dây: D100*C240cm
- Leo núi: D150*C240cm
- Leo thang: D60*C240cm
- Leo lốp: D60*C240cm
Vật liệu: Khung gỗ tần bì sơn phủ bóng 3 lớp, ngoài ra có núm nhựa gắn vách để leo núi, lốp cao su của thang leo lốp và dây đan ô lưới để leo dây
";13500000;405/2025/392/CTTĐG-VNVIC;18/12/2025;…;Bùi Thị Trà Giang
1684;;Đệm mút để đỡ trẻ khi leo núi;cái;"
Đệm nhiều màu sắc 3cm (gập 5)
Kích thước: 2000 x 1000 x 30 mm
Vật liệu: Lõi mút xốp chịu lực, vỏ bạt/da bền, đẹp, dễ vệ sinh Gập 5
";3850000;405/2025/392/CTTĐG-VNVIC;18/12/2025;…;Bùi Thị Trà Giang
1685;;Bộ sàn nhún thể dục;bộ;"PL1901
Bàn nhún lò xo PL1901 (122Cm)";1063260;405/2025/392/CTTĐG-VNVIC;18/12/2025;…;Bùi Thị Trà Giang
1686;;Cổng chui;cái;"
Bằng nhựa 
Kích thước: 67 x 60 x 31 cm
Sản phẩm được chứng nhận phù hợp quy chuẩn kỹ thuật quốc gia QCVN 3:2009/BKHCN, được sản xuất và đăng ký nhãn hiệu bởi nhà sản xuất tiêu chuẩn ISO 9001:2015, ISO 14001:2015
";390000;405/2025/392/CTTĐG-VNVIC;18/12/2025;…;Bùi Thị Trà Giang
1687;;Bập bênh đơn tạo hình các con vật;bộ;"
Kích thước: D750 x R300 x C500 mm
Chất liệu: Con giống bằng nhựa LDPE đúc liền khối
";429000;405/2025/392/CTTĐG-VNVIC;18/12/2025;…;Bùi Thị Trà Giang
1688;;Vòng thể dục 5-6 tuổi;Cái;"
Vật liệu: Nhựa HDPE có màu sắc tươi sáng phù hợp với lứa tuổi mầm non Đường kính 20mm, đường kính vòng 300mm Đảm bảo chắc chắn, không cong vênh
Sản phẩm được chứng nhận phù hợp quy chuẩn kỹ thuật quốc gia QCVN 3:2009/BKHCN, được sản xuất và đăng ký nhãn hiệu bởi nhà sản xuất tiêu chuẩn ISO 9001:2015, ISO 14001:2015
";10206;405/2025/392/CTTĐG-VNVIC;18/12/2025;…;Bùi Thị Trà Giang
1689;;Vòng thể dục 4- 5 tuổi;Cái;"
Vật liệu: Nhựa HDPE có màu sắc tươi sáng phù hợp với lứa tuổi mầm non Đường kính 20mm, đường kính vòng 300mm Đảm bảo chắc chắn, không cong vênh
Sản phẩm được chứng nhận phù hợp quy chuẩn kỹ thuật quốc gia QCVN 3:2009/BKHCN, được sản xuất và đăng ký nhãn hiệu bởi nhà sản xuất tiêu chuẩn ISO 9001:2015, ISO 14001:2015
";10206;405/2025/392/CTTĐG-VNVIC;18/12/2025;…;Bùi Thị Trà Giang
1690;;Vòng thể dục 3- 4 tuổi;Cái;"
Vật liệu: Nhựa HDPE có màu sắc tươi sáng phù hợp với lứa tuổi mầm non Đường kính 20mm, đường kính vòng 300mm Đảm bảo chắc chắn, không cong vênh
Sản phẩm được chứng nhận phù hợp quy chuẩn kỹ thuật quốc gia QCVN 3:2009/BKHCN, được sản xuất và đăng ký nhãn hiệu bởi nhà sản xuất tiêu chuẩn ISO 9001:2015, ISO 14001:2015
";10206;405/2025/392/CTTĐG-VNVIC;18/12/2025;…;Bùi Thị Trà Giang
1691;;Gậy thể dục;Cái;"
Vật liệu: Nhựa HDPE một màu, có các màu sắc tươi sáng phù hợp với lứa tuổi mầm non
Thân gậy tròn, đường kính 20mm, dài 300mm
Đảm bảo chắc chắn, không cong vênh
Sản phẩm được chứng nhận phù hợp quy chuẩn kỹ thuật quốc gia QCVN 3:2009/BKHCN, được sản xuất và đăng ký nhãn hiệu bởi nhà sản xuất tiêu chuẩn ISO 9001:2015, ISO 14001:2015
";3024;405/2025/392/CTTĐG-VNVIC;18/12/2025;…;Bùi Thị Trà Giang
1692;;Thang leo vòng;Bộ ;"Mã sản phẩm: NK7-001
Thang leo vòng
Kích thước:(DK125*R50)cm
Vật liệu: Nhựa nguyên sinh an toàn không độc hại với bé Bộ đồ chơi gồm 4 mảnh ghép hình cung có thể bố trí đa dạng trò chơi cho bé đi thăng bằng: ghép 4 mảnh với nhau tạo thành bánh xe lăn, để độc lập từng mảnh ghép tạo thành 4 thang leo cầu vồng, còn nếu ghép 2 hoặc 3 mảnh ghép thì tạo thành thang leo lượn sóng Giúp phát triển kỹ năng sống và vận động thể chất cơ bản của trường mầm non ";4633200;405/2025/392/CTTĐG-VNVIC;18/12/2025;…;Bùi Thị Trà Giang
1693;;Bộ thể chất đa năng;Bộ;"
Bộ thể chất đa năng
Vật liệu: Bằng nhựa cao cấp đảm bảo chất lượng và tính an toàn, thẩm mỹ cao khi sử dụng cho trẻ Bộ thể chất được kết hợp bởi các chi tiết: cầu thăng bằng, cầu thang bậc, cầu thang sóng, cầu thang vồng tạo các tư thế vận động như leo, chèo, thăng bằng, bập bênh; Các khớp nối, khúc nối hình tròn, hình tam giác, hình chữ U, hình chữ H nối các chi tiết chính với nhau tạo thành bộ thể chất với các tư thế vận động khác nhau cùng kết hợp Đặc biệt, các khớp nối hình tròn, hình chữ U tạo tư thế chui, bò cho trẻ khi vận động";11340000;405/2025/392/CTTĐG-VNVIC;18/12/2025;…;Bùi Thị Trà Giang
1694;;Biển tên phòng;Cái;"
""Biển tên phòng:
- Kích thước: 110x300 mm
- Vật liệu: Inox tấm 304, mica trong
- Chữ và họa tiết trên tấm Inox được gia công bằng phương pháp Inox ăn mòn, mực sơn nội dung cao cấp không bị bay màu Tấm Inox sau khi gia công xong sẽ được gắn chặt vào tấm mica bằng loại keo chuyên dụng đảm bảo bền bỉ, chắc chắn""
";350000;405/2025/392/CTTĐG-VNVIC;18/12/2025;…;Bùi Thị Trà Giang
1695;;Máy vi tính để bàn giáo viên;Bộ;"FTA5224i
Máy vi tính để bàn đồng bộ
 Hãng Sản xuất: FPT
 Nhãn hiệu: FPT Elead
 Model: FTA5224i
 Xuất xứ: Việt Nam
 Bảo hành: 24 tháng
 Thông số kỹ thuật
 -Bộ vi xử lý: Bộ xử lý Intel Core i5-12400
 -Bộ nhớ RAM: dung lượng 8GB DDR4
 -Ổ cứng: dung lượng 512GB SSD
 -Bảng mạch chủ: Sử dụng chipset Intel H610; Giao tiếp kết nối: 02x PCIe, 01x HDMI port, 06x USB Ports, 01x M2 slot, 04x SATA 60 Gb/s Port, 03x Audio Jacks
 -Card màn hình: Tích hợp và hỗ trợ Intel UHD Graphics
 -Card âm thanh: Tích hợp cạc âm thanh High Definition Audio
 -Giao tiếp mạng: Tích hợp mạng Gigabit LAN
 -Case máy tính: Case máy tính FPT Elead kiểu dáng đứng nhỏ gọn (Slim Tower Case) Mặt trước của case có tích hợp màn hình hiển thị: hiển thị tốc độ quạt, nhiệt độ các thành phần CPU/HDD/VGA và có cảnh báo bằng âm thanh khi nhiệt độ của các thành phần CPU/HDD/VGA vượt qua 60 độ C
 -Màn hình: Màn hình vi tính FPT Elead 215” (Kính thước: 215 inch, Độ phân giải: 1920 x 1080), cổng giao tiếp kết nối: 01x D-Sub port và 01x HDMI port (Màn hình vi tính đồng bộ cùng thương hiệu với hãng sản xuất máy vi tính)
 -Bàn phím và chuột: Bàn phím FPT Elead tiêu chuẩn có dây và chuột FPT Elead có dây, chuẩn kết nối USB (sản phẩm đồng bộ cùng nhãn hiệu với nhãn hiệu máy vi tính)
 -Hệ điều hành: Phần mềm Microsoft Windows 11 bản quyền 
 -Tiêu chuẩn chất lượng: Máy vi tính được sản xuất trên dây chuyền công nghiệp bởi tổ chức đạt tiêu chuẩn ISO (ISO 9001:2015; ISO 14001:2015; ISO/IEC 27001:2013 và hệ thống quản lý chất lượng phòng LAB theo ISO/IEC 17025:2017)";14980000;405/2025/392/CTTĐG-VNVIC;18/12/2025;…;Bùi Thị Trà Giang
1696;;Bảng thông tin tuyên truyền cửa lớp;Cái;"
Bảng thông tin tuyên truyền cửa lớp
Loại: Bảng ghim khung air
Kích thước: 1200 x 1800 mm
Chất liệu: Mặt bảng bằng vải nỉ cao cấp có thể ghim ngập đinh ghim một cách nhẹ nhàng và không để lại vết Cốt bảng  sử dụng tấm nhựa dày 10mm + cao su non 5 ly giúp bảng chắc chắn, chống cong vênh, ghim ngập đinh ghim và không để lại vết Viền quanh thân bảng là khung được làm từ hợp kim nhôm chất lượng cao được Anot hóa bề mặt màu ghi chì Khung nhôm được thiết kế ôm trọn mặt bảng mà không cần dùng các góc bít bảng như các loại bảng  thông thường khác Khung nhôm có bề rộng 22mm, bề dày 1mm cứng cáp, tạo cảm giác như bảng không khung Bảng không khung được lắp đặt lên tường bằng  hệ thống ke vít chuyên dụng ẩn đằng sau bảng tạo tính thẩm mĩ Sản phẩm được sản xuất bởi nhà sản xuất đạt tiêu chuẩn ISO 9001:2015; ISO 14001:2015";2500000;405/2025/392/CTTĐG-VNVIC;18/12/2025;…;Bùi Thị Trà Giang
1697;;Rèm che nắng hiên chơi lớp học;m2;"
Rèm che nắng hiên chơi lớp học
Loại: Rèm cuốn bạt ngoài ban công
Bạt che mưa nắng hiên chơi sử dụng cơ cấu lò xo đồng trục Trục cuốn bằng nhôm Ø 63 cuốn 1 đầu bạt, đầu kia có thanh inox Ø 25 làm đai dưới Bạt được bắt lên tường bằng bản mã hai đầu trục cuốn Chất liệu bạt bằng bạt nhựa polyester Rèm được thử nghiệm tính kháng thấm thấm nước bề mặt theo AATCC 22-2017 và khả năng bảo vệ tia UV (độ truyền qua tia UV) theo AS/NZS 4399:2017 (Bao gồm cả vật tư, nhân công và phụ kiện lắp đặt hoàn thiện theo yêu cầu)";330000;405/2025/392/CTTĐG-VNVIC;18/12/2025;…;Bùi Thị Trà Giang
1698;;Thùng rác;Cái;"
Thùng rác: Thùng rác được làm từ nhựa PP cao cấp, cho độ bền cao, khả năng chống lão hóa tốtKích thước: 345 x 34 x 44 cm";200000;405/2025/392/CTTĐG-VNVIC;18/12/2025;…;Bùi Thị Trà Giang
1699;;Đồng hồ treo tường;Cái;"
""Đồng hồ :
- Kích thước: 397x360x50 mm
- Mô tả: Chất liệu nhựa bền đẹp, chắc chắn
""
";350000;405/2025/392/CTTĐG-VNVIC;18/12/2025;…;Bùi Thị Trà Giang
1700;;Ổ cắm điện kéo dài đa năng;Cái;"
Ổ cắm kéo dài đa năng kết hợp 5 ổ
Ổ cắm điện có 5 lỗ 3 chấu, đa năng và có 5 công tắc đi kèm
Mỗi ổ cắm đều có nắp che, hạn chế tối đa bị phóng tia lửa điện, chống rò rỉ điện, chống giật hiệu quả, an toàn cho trẻ nhỏ
 Ổ cắm  được làm bằng hạt nhựa ABS nhập khẩu chịu nhiệt độ cao,chống cháy Chịu tải cao: Max 3200W, 2 lõi dây đồng : 2*1mm- Điện áp: 220V/ 50Hz
";235000;405/2025/392/CTTĐG-VNVIC;18/12/2025;…;Bùi Thị Trà Giang
1701;;Thùng rác;Cái;"
Thùng rác: Thùng rác được làm từ nhựa PP cao cấp, cho độ bền cao, khả năng chống lão hóa tốtKích thước: 345 x 34 x 44 cm";200000;405/2025/392/CTTĐG-VNVIC;18/12/2025;…;Bùi Thị Trà Giang
1702;;Bàn giáo viên;Cái;"
Bàn vi tính giáo viên
(Có khay bàn phím, chỗ để CPU và máy in)
Kích thước: 900 x 500 x 800 mm
Dung sai kích thước ± 5mm
Vật liệu: Gỗ cao su ghép thanh cao cấp loại AA dày 18mm được chứng nhận phù hợp với TCVN 8575:2010, đã qua xử lý chống ẩm mốc, mối mọt, không cong vênh, sơn phủ bóng cao cấp Bàn có khay bàn phím, chỗ để CPU, có chỗ để máy in, có quây gờ 3 mặt, có khoét lỗ luồn dây, yếm lửng chân bàn chắc chắn Sản phẩm được đăng ký nhãn hiệu và sản xuất bởi nhà sản xuất đạt tiêu chuẩn ISO 9001:2015, ISO 14001: 2015";1752000;405/2025/392/CTTĐG-VNVIC;18/12/2025;…;Bùi Thị Trà Giang
1703;;Băng ghế để trẻ thay giầy dép;Cái;"
Băng ghế để trẻ thay giầy dép
Kích thước: 800 x 300 x 250 mm
Vật liệu: Gỗ cao su ghép thanh cao cấp loại AA dày 18mm (gồm cả hậu) được chứng nhận phù hợp với TCVN 8575:2010, đã qua xử lý chống ẩm mốc, mối mọt, không cong vênh, sơn phủ bóng cao cấp Mặt ghế có đệm mút bọc da, có khóa thuận tiện cho việc vệ sinh Ghế được thiết kế có 1 đợt để dép, dùng cho trẻ ngồi đi giày dép Sản phẩm được đăng ký nhãn hiệu và sản xuất bởi nhà sản xuất đạt tiêu chuẩn ISO 9001:2015, ISO 14001: 2015
";1350000;405/2025/392/CTTĐG-VNVIC;18/12/2025;…;Bùi Thị Trà Giang
1704;;Kệ để giầy dép;Cái;"
Giá để giày dép
Kích thước: D2000 x R300 x C600 (mm)
Vật liệu: Gỗ cao su ghép thanh cao cấp loại AA dày 18mm, hậu gỗ cao su AA 10mm được chứng nhận phù hợp với TCVN 8575:2010, đã qua xử lý chống ẩm mốc, mối mọt, không cong vênh, sơn phủ bóng cao cấp Chia 3 tầng, 02 khoang để dép, đợt để phẳng, dùng khoảng 35 đôi giày, dép Chân có bánh xe di chuyển Sản phẩm được đăng ký nhãn hiệu và sản xuất bởi nhà sản xuất đạt tiêu chuẩn ISO 9001:2015, ISO 14001: 2015
";2200000;405/2025/392/CTTĐG-VNVIC;18/12/2025;…;Bùi Thị Trà Giang
1705;;Bàn ghế vi tính của trẻ;Cái;"
Bàn ghế vi tính của trẻ (Bàn ghế kidsmart của trẻ)
 (Bao gồm 01 bàn + 01 ghế đôi) 
 Kích thước:
 Bàn: 900 x 500 x 550 mm 
 Ghế: 800 x 350 x 500 mm
 Vật liệu: Gỗ cao su ghép thanh cao cấp loại 1 (AA) dày 18mm, được chứng nhận phù hợp TCVN 8575:2010, đã qua xử lý chống ẩm mốc, mối mọt, không cong vênh, sơn phủ bóng cao cấp đảm bảo tính thẩm mỹ bền đẹp của sản phẩm Bộ bàn ghế được thiết kế cách điệu: Bàn có ray bàn phím, có chân cách điệu tạo hình quả táo với giằng chân chắc chắc, thiết kế có chỗ để CPU; Ghế có tựa, chân tạo hình quả táo và có giằng chắc chắn Đảm bảo chắc chắn, an toàn, thẩm mỹ Sản phẩm thiết kế phù hợp với giáo dục mầm non, kích thích trẻ học và chơi theo hướng dẫn của giáo viên Sản phẩm được đăng ký nhãn hiệu và sản xuất bởi nhà sản xuất đạt tiêu chuẩn ISO 9001:2015, ISO 14001: 2015
";2132000;405/2025/392/CTTĐG-VNVIC;18/12/2025;…;Bùi Thị Trà Giang
1706;;Ghế cho trẻ;Cái;"
""Ghế cho trẻ
Kích thước: R280 x S290 mm x C260/520mm
Dung sai kích thước ± 5mm
Vật liệu: gỗ cao su ghép thanh cao cấp loại 1 (AA) dày 18mm được chứng nhận phù hợp TCVN 8575:2010, đã qua xử lý chống ẩm mốc, mối mọt, không cong vênh, sơn phủ bóng cao cấp đảm bảo tính thẩm mỹ Chân gỗ tự nhiên 35 x 35mm, có giằng 50x 18mm quây xung quanh mặt ngồi đảm bảo chắc chắn Sản phẩm được đăng ký nhãn hiệu và sản xuất bởi nhà sản xuất đạt tiêu chuẩn ISO 9001:2015, ISO 14001: 2015""
";386000;405/2025/392/CTTĐG-VNVIC;18/12/2025;…;Bùi Thị Trà Giang
1707;;Ghế cho giáo viên;Cái;"
Ghế cho giáo viên
Kích thước: R320 x S320 mm x C350/600 mm 
Vật liệu: Gỗ sao sughép thanh cao cấp loại 1 (AA) dày 18mm được chứng nhận phù hợp TCVN 8575:2010, đã qua xử lý chống ẩm mốc, mối mọt, không cong vênh, sơn phủ bóng cao cấp đảm bảo tính thẩm mỹ Chân gỗ tự nhiên 18 x 55 mm, có giằng 55 x 18mm quây xung quanh mặt ngồi và giằng chân 30 x 18mm đảm bảo chắc chắn Sản phẩm được đăng ký nhãn hiệu và sản xuất bởi nhà sản xuất đạt tiêu chuẩn ISO 9001:2015, ISO 14001: 2015
";485000;405/2025/392/CTTĐG-VNVIC;18/12/2025;…;Bùi Thị Trà Giang
1708;;Bảng đa năng ;Chiếc;"
Loại bảng: Bảng vách ngăn Scala một mặt ghim nỉ + 1 mặt từ trắng
Kích thước: D1200 x C1500 mm
Vật liệu: Bề mặt bảng: Mặt HQ trắng viết bút dạ; Bề mặt ghim kết hợp tiêu âm theo bộ sưu tập màu vải trang nhã mới Có thể kết hợp 2 bề mặt từ HQ + 1 mặt tiêu âm ghim có tác dụng ghim tài liệu đồng thời làm tiêu tiếng ồn và âm thanh Bảng được sử dụng cốt tiêu âm + cao su non 5mm dày 20 mm đảm bảo chắc chắn Bánh xe chuyên dụng có chốt hãm định vị Sản phẩm được sản xuất bởi Nhà sản xuất đạt tiêu chuẩn ISO 9001:2015; ISO 14001:2015
";6770000;405/2025/392/CTTĐG-VNVIC;18/12/2025;…;Bùi Thị Trà Giang
1709;;Ghế vi tính giáo viên;Cái;"
Ghế cho giáo viên
Kích thước: R320 x S320 mm x C350/600 mm 
Vật liệu: Gỗ sao sughép thanh cao cấp loại 1 (AA) dày 18mm được chứng nhận phù hợp TCVN 8575:2010, đã qua xử lý chống ẩm mốc, mối mọt, không cong vênh, sơn phủ bóng cao cấp đảm bảo tính thẩm mỹ Chân gỗ tự nhiên 18 x 55 mm, có giằng 55 x 18mm quây xung quanh mặt ngồi và giằng chân 30 x 18mm đảm bảo chắc chắn Sản phẩm được đăng ký nhãn hiệu và sản xuất bởi nhà sản xuất đạt tiêu chuẩn ISO 9001:2015, ISO 14001: 2015
";685000;405/2025/392/CTTĐG-VNVIC;18/12/2025;…;Bùi Thị Trà Giang
1710;;Loa vi tính;Bộ;"Loa Microlab M105 21
Loa vi tính
Hệ thống loa 21 với bộ khuếch đại chất lượng
Số lượng loa: 3
Công suất loa: 5W + 5W (25Wx2)
Tần số đáp ứng: 40Hz-20kHz
Cổng tín hiệu vào: 35mm stereo";528000;405/2025/392/CTTĐG-VNVIC;18/12/2025;…;Bùi Thị Trà Giang
1711;;Rèm cuộn chống nắng;m2;"
Rèm cuộn chống nắng
- Mô tả: Vải phủ nhựa Polyester chống ẩm mốc, thanh rèm làm từ hợp kim nhôm cao cấp, dây điều khiển có độ bền cao
- Rèm được thử nghiệm chống thấm nước bề mặt (AATCC 22-2017) và khả năng bảo vệ tia UV (AS/NZS 4399:2017)";368000;405/2025/392/CTTĐG-VNVIC;18/12/2025;…;Bùi Thị Trà Giang
1712;;Bộ mic trợ giảng không dây;Bộ;"Máy trợ giảng không dây Aporo T18
Bộ mic trợ giảng không dây:                                    
Công suất loa phát (với mic): RMS 15W
Công suất cực đại tối đa: PMPO 30W
Thời gian sạc: 6 giờ
Thời lượng pin (mic): ~4 giờ
Thời lượng pin máy: ~8 giờ
Kích thước thân máy: 13,5 (cao) x 11 (rộng) x 3,7 (dày)
Cổng sạc: DC5V/1A
Hỗ trợ kết nối: USB 20 / Bluetooth 50 / TF Card tối đa 32G / Aux 35 line inHỗ trợ chức năng:  USB, Ghi âm, FM, Thẻ nhớ, Bluetooth 50
Phụ kiện đi kèm: 1 Micro ko dây, kẹp đế,  dây sạc,  dây 35mm, dây đeo
";1300000;405/2025/392/CTTĐG-VNVIC;18/12/2025;…;Bùi Thị Trà Giang
1713;;Tủ úp cốc;Cái;"
Tủ úp cốc
Kích thước: 600 x 300 x 900 mm
Vật liệu: toàn bộ làm bằng inox 304, khung vuông 25 x 25 x 1mm, cánh vuông 20x20x 1mm, bọc xung quanh inox tấm 0,6mm, khay hứng nước inox tấm dày 0,6mm Tủ có 3 tầng úp cốc và 1 tầng để thuốc Kệ úp cốc có khung 10 x 20 x 0,8 mm, nan inox 9,5 dày 0,8mm Tủ 04 cánh mở mica dày 5mm, có 4 bánh xe phi 50mm Thanh chắn quây 3 mặt trên nóc tủ bằng inox vuông 15 x 15 x 0,8mm Sản phẩm được sản xuất bởi nhà sản xuất đạt tiêu chuẩn ISO 9001:2015, ISO 14001: 2015";2249350;405/2025/392/CTTĐG-VNVIC;18/12/2025;…;Bùi Thị Trà Giang
1714;;Cốc uống nước;Cái;"
Cốc uống nước
Đường kính: 7cm
Vật liệu: Bằng inox 304, có quai không uốn mép đảm bảo vệ sinh an toàn khi sử dụng
Hãng sản xuất: Kim Khí Thăng Long";20000;405/2025/392/CTTĐG-VNVIC;18/12/2025;…;Bùi Thị Trà Giang
1715;;Cây ấm lạnh;Cái;"Model: DK900 Thương hiệu: Dako Xuất xứ: Trung Quốc
Cây ấm lạnh
Model: DK900 Thương hiệu: Dako Xuất xứ: Trung Quốc
Nhiệt độ nóng khoảng 45 độ C, phù hợp uống liền, không lo bị bỏng
Đặc biệt: Bình âm thân (bình nước đặt trong máy) Làm lạnh bằng block (khí nén)
Hệ thống bình chứa bằng thép không gỉ, an toàn, độ bền cao
Role tự ngắt khi hết nước, an toàn chống cháy nổ
Bình đun bằng thép không gỉ, an toàn, độ bền cao
Nhiệt độ nóng: >45oC, lạnh: <10oC
Công suất làm nóng: 550W - lạnh: 90 W";4050000;405/2025/392/CTTĐG-VNVIC;18/12/2025;…;Bùi Thị Trà Giang
1716;;Biển tên phòng;Cái;"
""Biển tên phòng:
- Kích thước: 110x300 mm
- Vật liệu: Inox tấm 304, mica trong
- Chữ và họa tiết trên tấm Inox được gia công bằng phương pháp Inox ăn mòn, mực sơn nội dung cao cấp không bị bay màu Tấm Inox sau khi gia công xong sẽ được gắn chặt vào tấm mica bằng loại keo chuyên dụng đảm bảo bền bỉ, chắc chắn""
";350000;405/2025/392/CTTĐG-VNVIC;18/12/2025;…;Bùi Thị Trà Giang
1717;;Máy vi tính để bàn giáo viên;Bộ;"FTA5224i
Máy vi tính để bàn đồng bộ
 Hãng Sản xuất: FPT
 Nhãn hiệu: FPT Elead
 Model: FTA5224i
 Xuất xứ: Việt Nam
 Bảo hành: 24 tháng
 Thông số kỹ thuật
 -Bộ vi xử lý: Bộ xử lý Intel Core i5-12400
 -Bộ nhớ RAM: dung lượng 8GB DDR4
 -Ổ cứng: dung lượng 512GB SSD
 -Bảng mạch chủ: Sử dụng chipset Intel H610; Giao tiếp kết nối: 02x PCIe, 01x HDMI port, 06x USB Ports, 01x M2 slot, 04x SATA 60 Gb/s Port, 03x Audio Jacks
 -Card màn hình: Tích hợp và hỗ trợ Intel UHD Graphics
 -Card âm thanh: Tích hợp cạc âm thanh High Definition Audio
 -Giao tiếp mạng: Tích hợp mạng Gigabit LAN
 -Case máy tính: Case máy tính FPT Elead kiểu dáng đứng nhỏ gọn (Slim Tower Case) Mặt trước của case có tích hợp màn hình hiển thị: hiển thị tốc độ quạt, nhiệt độ các thành phần CPU/HDD/VGA và có cảnh báo bằng âm thanh khi nhiệt độ của các thành phần CPU/HDD/VGA vượt qua 60 độ C
 -Màn hình: Màn hình vi tính FPT Elead 215” (Kính thước: 215 inch, Độ phân giải: 1920 x 1080), cổng giao tiếp kết nối: 01x D-Sub port và 01x HDMI port (Màn hình vi tính đồng bộ cùng thương hiệu với hãng sản xuất máy vi tính)
 -Bàn phím và chuột: Bàn phím FPT Elead tiêu chuẩn có dây và chuột FPT Elead có dây, chuẩn kết nối USB (sản phẩm đồng bộ cùng nhãn hiệu với nhãn hiệu máy vi tính)
 -Hệ điều hành: Phần mềm Microsoft Windows 11 bản quyền 
 -Tiêu chuẩn chất lượng: Máy vi tính được sản xuất trên dây chuyền công nghiệp bởi tổ chức đạt tiêu chuẩn ISO (ISO 9001:2015; ISO 14001:2015; ISO/IEC 27001:2013 và hệ thống quản lý chất lượng phòng LAB theo ISO/IEC 17025:2017)";14980000;405/2025/392/CTTĐG-VNVIC;18/12/2025;…;Bùi Thị Trà Giang
1718;;Máy vi tính để bàn học sinh;Bộ;"FTA5224i
Máy vi tính để bàn đồng bộ
 Hãng Sản xuất: FPT
 Nhãn hiệu: FPT Elead
 Model: FTA5224i
 Xuất xứ: Việt Nam
 Bảo hành: 24 tháng
 Thông số kỹ thuật
 -Bộ vi xử lý: Bộ xử lý Intel Core i5-12400
 -Bộ nhớ RAM: dung lượng 8GB DDR4
 -Ổ cứng: dung lượng 512GB SSD
 -Bảng mạch chủ: Sử dụng chipset Intel H610; Giao tiếp kết nối: 02x PCIe, 01x HDMI port, 06x USB Ports, 01x M2 slot, 04x SATA 60 Gb/s Port, 03x Audio Jacks
 -Card màn hình: Tích hợp và hỗ trợ Intel UHD Graphics
 -Card âm thanh: Tích hợp cạc âm thanh High Definition Audio
 -Giao tiếp mạng: Tích hợp mạng Gigabit LAN
 -Case máy tính: Case máy tính FPT Elead kiểu dáng đứng nhỏ gọn (Slim Tower Case) Mặt trước của case có tích hợp màn hình hiển thị: hiển thị tốc độ quạt, nhiệt độ các thành phần CPU/HDD/VGA và có cảnh báo bằng âm thanh khi nhiệt độ của các thành phần CPU/HDD/VGA vượt qua 60 độ C
 -Màn hình: Màn hình vi tính FPT Elead 215” (Kính thước: 215 inch, Độ phân giải: 1920 x 1080), cổng giao tiếp kết nối: 01x D-Sub port và 01x HDMI port (Màn hình vi tính đồng bộ cùng thương hiệu với hãng sản xuất máy vi tính)
 -Bàn phím và chuột: Bàn phím FPT Elead tiêu chuẩn có dây và chuột FPT Elead có dây, chuẩn kết nối USB (sản phẩm đồng bộ cùng nhãn hiệu với nhãn hiệu máy vi tính)
 -Hệ điều hành: Phần mềm Microsoft Windows 11 bản quyền 
 -Tiêu chuẩn chất lượng: Máy vi tính được sản xuất trên dây chuyền công nghiệp bởi tổ chức đạt tiêu chuẩn ISO (ISO 9001:2015; ISO 14001:2015; ISO/IEC 27001:2013 và hệ thống quản lý chất lượng phòng LAB theo ISO/IEC 17025:2017)";14980000;405/2025/392/CTTĐG-VNVIC;18/12/2025;…;Bùi Thị Trà Giang
1719;;Bảng thông tin tuyên truyền cửa lớp;Cái;"
Bảng thông tin tuyên truyền cửa lớp
Loại: Bảng ghim khung air
Kích thước: 1200 x 1800 mm
Chất liệu: Mặt bảng bằng vải nỉ cao cấp có thể ghim ngập đinh ghim một cách nhẹ nhàng và không để lại vết Cốt bảng  sử dụng tấm nhựa dày 10mm + cao su non 5 ly giúp bảng chắc chắn, chống cong vênh, ghim ngập đinh ghim và không để lại vết Viền quanh thân bảng là khung được làm từ hợp kim nhôm chất lượng cao được Anot hóa bề mặt màu ghi chì Khung nhôm được thiết kế ôm trọn mặt bảng mà không cần dùng các góc bít bảng như các loại bảng  thông thường khác Khung nhôm có bề rộng 22mm, bề dày 1mm cứng cáp, tạo cảm giác như bảng không khung Bảng không khung được lắp đặt lên tường bằng  hệ thống ke vít chuyên dụng ẩn đằng sau bảng tạo tính thẩm mĩ Sản phẩm được sản xuất bởi nhà sản xuất đạt tiêu chuẩn ISO 9001:2015; ISO 14001:2015";2500000;405/2025/392/CTTĐG-VNVIC;18/12/2025;…;Bùi Thị Trà Giang
1720;;Đồng hồ treo tường;Cái;"
""Đồng hồ :
- Kích thước: 397x360x50 mm
- Mô tả: Chất liệu nhựa bền đẹp, chắc chắn
""
";350000;405/2025/392/CTTĐG-VNVIC;18/12/2025;…;Bùi Thị Trà Giang
1721;;Ổ cắm điện kéo dài đa năng;Cái;"
Ổ cắm kéo dài đa năng kết hợp 5 ổ
Ổ cắm điện có 5 lỗ 3 chấu, đa năng và có 5 công tắc đi kèm
Mỗi ổ cắm đều có nắp che, hạn chế tối đa bị phóng tia lửa điện, chống rò rỉ điện, chống giật hiệu quả, an toàn cho trẻ nhỏ
 Ổ cắm  được làm bằng hạt nhựa ABS nhập khẩu chịu nhiệt độ cao,chống cháy Chịu tải cao: Max 3200W, 2 lõi dây đồng : 2*1mm- Điện áp: 220V/ 50Hz
";235000;405/2025/392/CTTĐG-VNVIC;18/12/2025;…;Bùi Thị Trà Giang
1722;;Rèm cuộn chống nắng;m2;"
Rèm cuộn chống nắng
- Mô tả: Vải phủ nhựa Polyester chống ẩm mốc, thanh rèm làm từ hợp kim nhôm cao cấp, dây điều khiển có độ bền cao
- Rèm được thử nghiệm chống thấm nước bề mặt (AATCC 22-2017) và khả năng bảo vệ tia UV (AS/NZS 4399:2017)";368000;405/2025/392/CTTĐG-VNVIC;18/12/2025;…;Bùi Thị Trà Giang
1723;;Biển tên phòng;Cái;"
""Biển tên phòng:
- Kích thước: 110x300 mm
- Vật liệu: Inox tấm 304, mica trong
- Chữ và họa tiết trên tấm Inox được gia công bằng phương pháp Inox ăn mòn, mực sơn nội dung cao cấp không bị bay màu Tấm Inox sau khi gia công xong sẽ được gắn chặt vào tấm mica bằng loại keo chuyên dụng đảm bảo bền bỉ, chắc chắn""
";350000;405/2025/392/CTTĐG-VNVIC;18/12/2025;…;Bùi Thị Trà Giang
1724;;Hệ giá sách truyện nghệ thuật;Hệ;"
Hệ giá sách truyện nghệ thuật
Kích thước: 4950 x 300 x 1800 mm
Chất liệu: Gỗ MDF phủ Melamine 18mm chống trầy xước
Quy cách: Gồm 05 khoang với các ô để sách truyện kết hợp decore tạo hình nghệ thuật trang trí bắt mắt và độc đáo: khoang tạo hình mái nhà có bục ngồi đệm simili dày 4mm; khoang tạo hình cây để sách; khoang cắt CNC tạ hình chiếc lá trang trí tạo điểm nhấn cho hệ giá Kết hợp với pha màu tạo điểm kết nối và không gian mở cho thư viện, phù hợp với môi trường mầm non";19981000;405/2025/392/CTTĐG-VNVIC;18/12/2025;…;Bùi Thị Trà Giang
1725;;Hệ tủ kệ sách truyện thư viện;Hệ;"
Hệ tủ kệ sách truyện thư viện
Kích thước: 4100 x 380 x 1200 mm
Chất liệu: Gỗ MDF phủ Melamine 18mm chống trầy xước
Quy cách: Hệ tủ kệ được tạo hình thành các khoang kết hợp thiết kế các ô tủ có cánh và các ô ngăn không cánh với các kiểu dáng khác nhau Các khoang được bo tròn cạnh và màu sắc theo thiết kế";11033000;405/2025/392/CTTĐG-VNVIC;18/12/2025;…;Bùi Thị Trà Giang
1726;;Giá sách truyện nhỏ;Cái;"
Giá sách truyện nhỏ
Kích thước: 1000 x 400 x 600 mm
Vật liệu: gỗ cao su ghép thanh cao cấp loại AA dày 15mm được chứng nhận phù hợp với TCVN 8575:2010, đã qua xử lý chống ẩm mốc, mối mọt, không cong vênh, sơn phủ bóng cao cấp Giá được thiết kế 2 phần, phần dưới chia 2-3 ngăn dựng sách, phần trên thiết kế thành khay có chia ngăn để sách, truyện  Sản phẩm được sản xuất bởi nhà sản xuất đạt tiêu chuẩn ISO 9001:2015, ISO 14001: 2015";1500000;405/2025/392/CTTĐG-VNVIC;18/12/2025;…;Bùi Thị Trà Giang
1727;;Giá thư viện gắn tường;Cái;"
Giá thư viện gắn tường
Kích thước: 450 x 300 x 1800mm
Chất liệu: Gỗ MDF phủ melamine
Quy cách: Giá được tạo hình trên các đợt gắn liền với hồi bên Phía dưới gồm 2 khoang có cánh mở Hình dáng đồng bộ với các giá sách xung quanh";750000;405/2025/392/CTTĐG-VNVIC;18/12/2025;…;Bùi Thị Trà Giang
1728;;Cây trang trí cột;Cây;"
Cây trang trí cột
Kích thước: 800/1700 x 460/2900 x 2800 mm
Chất liệu: gỗ MDF chống ẩm phủ melamine 18mm kết hợp sơn
Quy cách: Thân cây ốp nổi khỏi tường Tán cây được tạo hình từ những hình đám mây treo lửng trần Phía dưới lá có các cành bằng gỗ vươn ra Phần chân có bục ngồi đệm bọc simili kết hợp hộc sách bo xung quanh thân cây tạo cảm giác thoải mái cho học sinh";10316000;405/2025/392/CTTĐG-VNVIC;18/12/2025;…;Bùi Thị Trà Giang
1729;;Bục ngồi lượn cong kết hợp để sách;Cái;"
Bục ngồi lượn cong kết hợp để sách
Kích thước: 1500 x 350 x 300mm
Vật liệu: Gỗ MDF phủ melamine 18mm kết hợp simili
Quy cách: Gỗ MDF lõi xanh chống ẩm phủ melamine 18mm tạo thành hộc để sách phía dưới, phía trên sử dụng simili bọc đệm ngồi";4122000;405/2025/392/CTTĐG-VNVIC;18/12/2025;…;Bùi Thị Trà Giang
1730;;Băng ghế để trẻ đọc sách;Cái;"
Băng ghế để trẻ đọc sách
 Kích thước: 1200 x 300 x 300 mm
 Vật liệu: Gỗ cao su ghép thanh cao cấp loại 1 (AA) dày 18mm, được chứng nhận phù hợp TCVN 8575:2010, đã qua xử lý chống ẩm mốc, mối mọt, không cong vênh, sơn phủ bóng cao cấp đảm bảo tính thẩm mỹ bền đẹp của sản phẩm Ghế được thiết kế đa năng 2 trong 1 kết hợp giữa ghế ngồi có nệm bông ép bọc da 50mm và giá để sách 1 tầng với 3 khoang để sách truyện Sản phẩm được đăng ký nhãn hiệu và sản xuất bởi nhà sản xuất đạt tiêu chuẩn ISO 9001:2015, ISO 14001: 2015
";1785000;405/2025/392/CTTĐG-VNVIC;18/12/2025;…;Bùi Thị Trà Giang
1731;;Kệ để đồ chơi đa năng;Cái;"
Kệ để đồ chơi đa năng
Kích thước 1000 x 300 x 600 mm
Vật liệu: Gỗ cao su ghép thanh cao cấp loại 1 (AA) dày 18mm, được chứng nhận phù hợp TCVN 8575:2010, đã qua xử lý chống ẩm mốc, mối mọt, không cong vênh, sơn phủ bóng cao cấp đảm bảo tính thẩm mỹ bền đẹp của sản phẩm Giá không hậu để thông 2 mặt, chia 02 tầng, hai bên hồi giá có khoét lỗ tay cầm";887000;405/2025/392/CTTĐG-VNVIC;18/12/2025;…;Bùi Thị Trà Giang
1732;;Kệ để đồ chơi đa năng;Cái;"
Kệ để đồ chơi đa năng
Kích thước 1000 x 300 x 800 mm
Vật liệu: Gỗ cao su ghép thanh cao cấp loại 1 (AA) dày 18mm, được chứng nhận phù hợp TCVN 8575:2010, đã qua xử lý chống ẩm mốc, mối mọt, không cong vênh, sơn phủ bóng cao cấp đảm bảo tính thẩm mỹ bền đẹp của sản phẩm Giá không hậu để thông 2 mặt, chia 03 tầng, hai bên hồi giá có khoét lỗ tay cầm";950000;405/2025/392/CTTĐG-VNVIC;18/12/2025;…;Bùi Thị Trà Giang
1733;;Bàn đọc sách ngồi bệt;Cái;"
Bàn đọc sách ngồi bệt
Kích thước: 800 x 800 x 250 mm
Kiểu dáng: Hình tròn/hình vuông
Vật liệu: gỗ cao su ghép thanh cao cấp loại AA dày 15mm được chứng nhận phù hợp với TCVN 8575:2010, đã qua xử lý chống ẩm mốc, mối mọt, không cong vênh, sơn phủ bóng cao cấp, chân 60x60mm Sản phẩm được sản xuất bởi nhà sản xuất đạt tiêu chuẩn ISO 9001:2015, ISO 14001: 2015";1000000;405/2025/392/CTTĐG-VNVIC;18/12/2025;…;Bùi Thị Trà Giang
1734;;Bàn đọc sách hình bán nguyệt;Cái;"
Bàn đọc sách hình bán nguyệt
Kích thước: D800x420mm
Chất liệu: Gỗ MDF phủ melamine 18mm kết hợp gồ tần bì tự nhiên
Quy cách: Mặ bàn được cắt CNC hình trăng khuyết, 2 cạnh nhọn được bo tròn hạn chế đầu nhọn Chân bàn sử dụng gỗ tần bì phun sơn PU lộ vân";850000;405/2025/392/CTTĐG-VNVIC;18/12/2025;…;Bùi Thị Trà Giang
1735;;Sân khấu kể chuyện, thuyết trình của trẻ;Cái;"
Sân khấu kể chuyện, thuyết trình của trẻ
Kích thước: 1200 x 800 x 150 mm
Vật liệu: Gỗ cao su ghép thanh cao cấp loại 1 (AA) dày 18mm, được chứng nhận phù hợp TCVN 8575:2010; đã qua xử lý chống ẩm mốc, mối mọt, không cong vênh, sơn phủ bóng cao cấp Sân khấu được thiết kế hình bán nguyệt Sản phẩm được sản xuất bởi Nhà sản xuất đạt tiêu chuẩn ISO 9001:2015, ISO 14001: 2015";2316600;405/2025/392/CTTĐG-VNVIC;18/12/2025;…;Bùi Thị Trà Giang
1736;;Bàn vi tính giáo viên;Cái;"
Bàn vi tính giáo viên
(Có khay bàn phím, chỗ để CPU và máy in)
Kích thước: 900 x 500 x 800 mm
Dung sai kích thước ± 5mm
Vật liệu: Gỗ cao su ghép thanh cao cấp loại AA dày 18mm được chứng nhận phù hợp với TCVN 8575:2010, đã qua xử lý chống ẩm mốc, mối mọt, không cong vênh, sơn phủ bóng cao cấp Bàn có khay bàn phím, chỗ để CPU, có chỗ để máy in, có quây gờ 3 mặt, có khoét lỗ luồn dây, yếm lửng chân bàn chắc chắn Sản phẩm được đăng ký nhãn hiệu và sản xuất bởi nhà sản xuất đạt tiêu chuẩn ISO 9001:2015, ISO 14001: 2015";1752000;405/2025/392/CTTĐG-VNVIC;18/12/2025;…;Bùi Thị Trà Giang
1737;;Ghế vi tính giáo viên;Cái;"
Ghế cho giáo viên
Kích thước: R320 x S320 mm x C350/600 mm 
Vật liệu: Gỗ sao sughép thanh cao cấp loại 1 (AA) dày 18mm được chứng nhận phù hợp TCVN 8575:2010, đã qua xử lý chống ẩm mốc, mối mọt, không cong vênh, sơn phủ bóng cao cấp đảm bảo tính thẩm mỹ Chân gỗ tự nhiên 18 x 55 mm, có giằng 55 x 18mm quây xung quanh mặt ngồi và giằng chân 30 x 18mm đảm bảo chắc chắn Sản phẩm được đăng ký nhãn hiệu và sản xuất bởi nhà sản xuất đạt tiêu chuẩn ISO 9001:2015, ISO 14001: 2015
";685000;405/2025/392/CTTĐG-VNVIC;18/12/2025;…;Bùi Thị Trà Giang
1738;;Tivi 75'' treo tường + giá treo;Cái;"UA75DU8500KXXV
Tivi 75'' treo tường + giá treo
* Tivi 75 inche
Model: UA75DU8500KXXV Xuất xứ: Samsung - Việt Nam
Hệ điều hành TizenOS
Loại Tivi TV LED 
Kích thước màn hình 75 inch 
Độ phân giải: 4K (3840 x 2160) Bluetooth (BT52) 
Kết nối: Internet Ethernet (LAN), WiFi 5, Bluetooth, Cổng Digital Audio Out (Optical), Cổng HDMI (3 cổng), Cổng USB (2 cổng), HDMI Audio Return Channel: eARC/ARC 
Tính năng: Multi Device Experience (Mobile to TV, Sound Mirroring, Wireless TV On, Tap View); Multi-View, Apple AirPlay Tích hợp đầu thu kỹ thuật số DVB-T2, trình duyệt Web Điều khiển tivi bằng điện thoại: Bằng ứng dụng SmartThings 
Công nghệ hình ảnh: Crystal Processor 4K, High Dynamic Range: HDR, HDR 10+, UHD Dimming, Contrast Enhancer
Công nghệ âm thanh: Q-Symphony, Adaptive Sound, Object Tracking Sound - OTS Lite
Tổng công suất loa 20W
* Giá treo tivi
Loại: Khung treo cố định, sử dụng cho tivi 75 inch
Chất liệu: Thép sơn tĩnh điện màu đen";19000000;405/2025/392/CTTĐG-VNVIC;18/12/2025;…;Bùi Thị Trà Giang
1739;;Loa vi tính;Bộ;"Loa Microlab M105 21
Loa vi tính
Hệ thống loa 21 với bộ khuếch đại chất lượng
Số lượng loa: 3
Công suất loa: 5W + 5W (25Wx2)
Tần số đáp ứng: 40Hz-20kHz
Cổng tín hiệu vào: 35mm stereo";528000;405/2025/392/CTTĐG-VNVIC;18/12/2025;…;Bùi Thị Trà Giang
1740;;Máy vi tính để bàn giáo viên;Bộ;"FTA5224i
Máy vi tính để bàn đồng bộ
 Hãng Sản xuất: FPT
 Nhãn hiệu: FPT Elead
 Model: FTA5224i
 Xuất xứ: Việt Nam
 Bảo hành: 24 tháng
 Thông số kỹ thuật
 -Bộ vi xử lý: Bộ xử lý Intel Core i5-12400
 -Bộ nhớ RAM: dung lượng 8GB DDR4
 -Ổ cứng: dung lượng 512GB SSD
 -Bảng mạch chủ: Sử dụng chipset Intel H610; Giao tiếp kết nối: 02x PCIe, 01x HDMI port, 06x USB Ports, 01x M2 slot, 04x SATA 60 Gb/s Port, 03x Audio Jacks
 -Card màn hình: Tích hợp và hỗ trợ Intel UHD Graphics
 -Card âm thanh: Tích hợp cạc âm thanh High Definition Audio
 -Giao tiếp mạng: Tích hợp mạng Gigabit LAN
 -Case máy tính: Case máy tính FPT Elead kiểu dáng đứng nhỏ gọn (Slim Tower Case) Mặt trước của case có tích hợp màn hình hiển thị: hiển thị tốc độ quạt, nhiệt độ các thành phần CPU/HDD/VGA và có cảnh báo bằng âm thanh khi nhiệt độ của các thành phần CPU/HDD/VGA vượt qua 60 độ C
 -Màn hình: Màn hình vi tính FPT Elead 215” (Kính thước: 215 inch, Độ phân giải: 1920 x 1080), cổng giao tiếp kết nối: 01x D-Sub port và 01x HDMI port (Màn hình vi tính đồng bộ cùng thương hiệu với hãng sản xuất máy vi tính)
 -Bàn phím và chuột: Bàn phím FPT Elead tiêu chuẩn có dây và chuột FPT Elead có dây, chuẩn kết nối USB (sản phẩm đồng bộ cùng nhãn hiệu với nhãn hiệu máy vi tính)
 -Hệ điều hành: Phần mềm Microsoft Windows 11 bản quyền 
 -Tiêu chuẩn chất lượng: Máy vi tính được sản xuất trên dây chuyền công nghiệp bởi tổ chức đạt tiêu chuẩn ISO (ISO 9001:2015; ISO 14001:2015; ISO/IEC 27001:2013 và hệ thống quản lý chất lượng phòng LAB theo ISO/IEC 17025:2017)";14980000;405/2025/392/CTTĐG-VNVIC;18/12/2025;…;Bùi Thị Trà Giang
1741;;Bộ mic trợ giảng không dây;Bộ;"Máy trợ giảng không dây Aporo T18
Bộ mic trợ giảng không dây:                                    
Công suất loa phát (với mic): RMS 15W
Công suất cực đại tối đa: PMPO 30W
Thời gian sạc: 6 giờ
Thời lượng pin (mic): ~4 giờ
Thời lượng pin máy: ~8 giờ
Kích thước thân máy: 13,5 (cao) x 11 (rộng) x 3,7 (dày)
Cổng sạc: DC5V/1A
Hỗ trợ kết nối: USB 20 / Bluetooth 50 / TF Card tối đa 32G / Aux 35 line inHỗ trợ chức năng:  USB, Ghi âm, FM, Thẻ nhớ, Bluetooth 50
Phụ kiện đi kèm: 1 Micro ko dây, kẹp đế,  dây sạc,  dây 35mm, dây đeo
";1300000;405/2025/392/CTTĐG-VNVIC;18/12/2025;…;Bùi Thị Trà Giang
1742;;Cây ấm lạnh;Cái;"Model: DK900 Thương hiệu: Dako Xuất xứ: Trung Quốc
Cây ấm lạnh
Model: DK900 Thương hiệu: Dako Xuất xứ: Trung Quốc
Nhiệt độ nóng khoảng 45 độ C, phù hợp uống liền, không lo bị bỏng
Đặc biệt: Bình âm thân (bình nước đặt trong máy) Làm lạnh bằng block (khí nén)
Hệ thống bình chứa bằng thép không gỉ, an toàn, độ bền cao
Role tự ngắt khi hết nước, an toàn chống cháy nổ
Bình đun bằng thép không gỉ, an toàn, độ bền cao
Nhiệt độ nóng: >45oC, lạnh: <10oC
Công suất làm nóng: 550W - lạnh: 90 W";4050000;405/2025/392/CTTĐG-VNVIC;18/12/2025;…;Bùi Thị Trà Giang
1743;;Bảng thông tin tuyên truyền cửa lớp;Cái;"
Bảng thông tin tuyên truyền cửa lớp
Loại: Bảng ghim khung air
Kích thước: 1200 x 1800 mm
Chất liệu: Mặt bảng bằng vải nỉ cao cấp có thể ghim ngập đinh ghim một cách nhẹ nhàng và không để lại vết Cốt bảng  sử dụng tấm nhựa dày 10mm + cao su non 5 ly giúp bảng chắc chắn, chống cong vênh, ghim ngập đinh ghim và không để lại vết Viền quanh thân bảng là khung được làm từ hợp kim nhôm chất lượng cao được Anot hóa bề mặt màu ghi chì Khung nhôm được thiết kế ôm trọn mặt bảng mà không cần dùng các góc bít bảng như các loại bảng  thông thường khác Khung nhôm có bề rộng 22mm, bề dày 1mm cứng cáp, tạo cảm giác như bảng không khung Bảng không khung được lắp đặt lên tường bằng  hệ thống ke vít chuyên dụng ẩn đằng sau bảng tạo tính thẩm mĩ Sản phẩm được sản xuất bởi nhà sản xuất đạt tiêu chuẩn ISO 9001:2015; ISO 14001:2015";2500000;405/2025/392/CTTĐG-VNVIC;18/12/2025;…;Bùi Thị Trà Giang
1744;;Bảng đa năng ;Chiếc;"
Loại bảng: Bảng vách ngăn Scala một mặt ghim nỉ + 1 mặt từ trắng
Kích thước: D1200 x C1500 mm
Vật liệu: Bề mặt bảng: Mặt HQ trắng viết bút dạ; Bề mặt ghim kết hợp tiêu âm theo bộ sưu tập màu vải trang nhã mới Có thể kết hợp 2 bề mặt từ HQ + 1 mặt tiêu âm ghim có tác dụng ghim tài liệu đồng thời làm tiêu tiếng ồn và âm thanh Bảng được sử dụng cốt tiêu âm + cao su non 5mm dày 20 mm đảm bảo chắc chắn Bánh xe chuyên dụng có chốt hãm định vị Sản phẩm được sản xuất bởi Nhà sản xuất đạt tiêu chuẩn ISO 9001:2015; ISO 14001:2015
";6770000;405/2025/392/CTTĐG-VNVIC;18/12/2025;…;Bùi Thị Trà Giang
1745;;Băng ghế để trẻ thay giầy dép;Cái;"
Băng ghế để trẻ thay giầy dép
Kích thước: 800 x 300 x 250 mm
Vật liệu: Gỗ cao su ghép thanh cao cấp loại AA dày 18mm (gồm cả hậu) được chứng nhận phù hợp với TCVN 8575:2010, đã qua xử lý chống ẩm mốc, mối mọt, không cong vênh, sơn phủ bóng cao cấp Mặt ghế có đệm mút bọc da, có khóa thuận tiện cho việc vệ sinh Ghế được thiết kế có 1 đợt để dép, dùng cho trẻ ngồi đi giày dép Sản phẩm được đăng ký nhãn hiệu và sản xuất bởi nhà sản xuất đạt tiêu chuẩn ISO 9001:2015, ISO 14001: 2015
";1350000;405/2025/392/CTTĐG-VNVIC;18/12/2025;…;Bùi Thị Trà Giang
1746;;Kệ để giầy dép;Cái;"
Giá để giày dép
Kích thước: D2000 x R300 x C600 (mm)
Vật liệu: Gỗ cao su ghép thanh cao cấp loại AA dày 18mm, hậu gỗ cao su AA 10mm được chứng nhận phù hợp với TCVN 8575:2010, đã qua xử lý chống ẩm mốc, mối mọt, không cong vênh, sơn phủ bóng cao cấp Chia 3 tầng, 02 khoang để dép, đợt để phẳng, dùng khoảng 35 đôi giày, dép Chân có bánh xe di chuyển Sản phẩm được đăng ký nhãn hiệu và sản xuất bởi nhà sản xuất đạt tiêu chuẩn ISO 9001:2015, ISO 14001: 2015
";2200000;405/2025/392/CTTĐG-VNVIC;18/12/2025;…;Bùi Thị Trà Giang
1747;;Tủ úp cốc;Cái;"
Tủ úp cốc
Kích thước: 600 x 300 x 900 mm
Vật liệu: toàn bộ làm bằng inox 304, khung vuông 25 x 25 x 1mm, cánh vuông 20x20x 1mm, bọc xung quanh inox tấm 0,6mm, khay hứng nước inox tấm dày 0,6mm Tủ có 3 tầng úp cốc và 1 tầng để thuốc Kệ úp cốc có khung 10 x 20 x 0,8 mm, nan inox 9,5 dày 0,8mm Tủ 04 cánh mở mica dày 5mm, có 4 bánh xe phi 50mm Thanh chắn quây 3 mặt trên nóc tủ bằng inox vuông 15 x 15 x 0,8mm Sản phẩm được sản xuất bởi nhà sản xuất đạt tiêu chuẩn ISO 9001:2015, ISO 14001: 2015";2249350;405/2025/392/CTTĐG-VNVIC;18/12/2025;…;Bùi Thị Trà Giang
1748;;Cốc uống nước;Cái;"
Cốc uống nước
Đường kính: 7cm
Vật liệu: Bằng inox 304, có quai không uốn mép đảm bảo vệ sinh an toàn khi sử dụng
Hãng sản xuất: Kim Khí Thăng Long";20000;405/2025/392/CTTĐG-VNVIC;18/12/2025;…;Bùi Thị Trà Giang
1749;;Nệm ngồi chơi của trẻ;Cái;"
Mầu sắc đa dạng phù hợp với mọi không gian
Size : 40x40x5cm
Chất liệu ruột : 
- Ruột Mút PE 
- Mút PU : Mút mềm mại, thoải mái khi sử dụng
Chất liệu vỏ : Vỏ Đệm làm bằng chất liệu nỉ nhung, họa tiết 2 mặt như nhau
";50000;405/2025/392/CTTĐG-VNVIC;18/12/2025;…;Bùi Thị Trà Giang
1750;;Bộ sofa mini của bé;Cái;"
Bao gồm 04 ghế tựa và 03 đôn tròn + 01 Bàn tròn + 01 tam giác
Kích thước:
Bàn tròn + tam giác: 40 x 45 cm
Ghế tựa: Dài 52 × R53 × C50 cm
Ghế đôn: ĐK 280mm, cao 200 - 280 mm
Chất liệu: Khung gỗ tự nhiên, mút xốp cao cấp, bọc nỉ màu sắc tươi sáng phù hợp với trẻ em

";6720000;405/2025/392/CTTĐG-VNVIC;18/12/2025;…;Bùi Thị Trà Giang
1751;;Thảm góc học tập;Cái;"
Thảm góc học tập
Loại: Thảm circle 2x3m
Kích thước: 2m x 3m
Chất liệu: sợi Polyester hoặc nỉ mềm mại, dễ lau chùi vệ sinh, chống trơn trượt Sản phẩm được chứng nhận là sản phẩm thiết bị dạy học, đồ dùng, đồ chơi theo phương pháp montessori dùng cho giáo dục mầm non đảm bảo tính sư phạm, tính kỹ thuật, tính thẩm mỹ, tính hiệu quả giáo dục, phù hợp với lứa tuổi; đáp ứng các yêu cầu về nội dung, phương pháp và hình thức tổ chức các hoạt động giáo dục cho trẻ trong trường mầm non tại Việt Nam";907500;405/2025/392/CTTĐG-VNVIC;18/12/2025;…;Bùi Thị Trà Giang
1752;;Thảm trải sàn;m2;"
""Thảm trải sàn
Kích thước tấm : 60 x 60 cm, dày 7mm
Chất liệu: Đế xốp EVA + mặt thảm nỉ cao cấp độ bền cao""
";77400;405/2025/392/CTTĐG-VNVIC;18/12/2025;…;Bùi Thị Trà Giang
1753;;Thùng rác;Cái;"
Thùng rác: Thùng rác được làm từ nhựa PP cao cấp, cho độ bền cao, khả năng chống lão hóa tốtKích thước: 345 x 34 x 44 cm";200000;405/2025/392/CTTĐG-VNVIC;18/12/2025;…;Bùi Thị Trà Giang
1754;;Đồng hồ treo tường;Cái;"
""Đồng hồ :
- Kích thước: 397x360x50 mm
- Mô tả: Chất liệu nhựa bền đẹp, chắc chắn
""
";350000;405/2025/392/CTTĐG-VNVIC;18/12/2025;…;Bùi Thị Trà Giang
1755;;Ổ cắm điện kéo dài đa năng;Cái;"
Ổ cắm kéo dài đa năng kết hợp 5 ổ
Ổ cắm điện có 5 lỗ 3 chấu, đa năng và có 5 công tắc đi kèm
Mỗi ổ cắm đều có nắp che, hạn chế tối đa bị phóng tia lửa điện, chống rò rỉ điện, chống giật hiệu quả, an toàn cho trẻ nhỏ
 Ổ cắm  được làm bằng hạt nhựa ABS nhập khẩu chịu nhiệt độ cao,chống cháy Chịu tải cao: Max 3200W, 2 lõi dây đồng : 2*1mm- Điện áp: 220V/ 50Hz
";235000;405/2025/392/CTTĐG-VNVIC;18/12/2025;…;Bùi Thị Trà Giang
1756;;Bàn làm việc ;Cái;"The One/ Xuân Hòa
Bàn làm việc: 
 - Kích thước: R1200xS600xC750 mm
 - Mô tả: Bàn sử dụng gỗ MFC cao cấp màu vân gỗ sáng Bàn có ngăn hộc dài sát đất bao gồm 1 ngăn kéo + 1 cánh tủ có khóa an toàn; có 1 khay để bàn phím và 1 kệ CPU; mặt bàn dày 25mm, ngăn bàn các tấm chắn làm bằng gỗ dày 18mm
";1350000;405/2025/392/CTTĐG-VNVIC;18/12/2025;…;Bùi Thị Trà Giang
1757;;Ghế làm việc ;cái;"GL101B
Ghế làm việc
Mã hàng: GL101B Hãng sản xuất: The one Xuất xứ: Việt Nam
Kích thước: W625 x D530 x H870÷965 mm
Dung sai kích thước: ± 20 (mm)
Mô tả: Ghế xoay có tay, mặt ngồi đệm mút, bọc nỉ, tựa viền nhựa nguyên sinh bọc lưới Điều chỉnh độ cao bằng cần hơi, có cốc gật gù, có ốp trục thủy lực, chân nhựa Hàng chất lượng cao, kết cấu vững chắc Tay nhựa cong";800000;405/2025/392/CTTĐG-VNVIC;18/12/2025;…;Bùi Thị Trà Giang
1758;;Giường inox;Cái;"GYT06
Giường inox
Mã hàng: GYT06 Hãng sản xuất: The one Xuất xứ: Việt Nam
Kích thước: W2050 x D900 x H1650 mm
Dung sai kích thước: ± 10 mm
Giường y tế chân di động toàn bộ khung bằng Inox, đầu giường có thể nâng hạ bằng cơ cấu tay quay Sản phẩm đã bao gồm đệm";4800000;405/2025/392/CTTĐG-VNVIC;18/12/2025;…;Bùi Thị Trà Giang
1759;;Đệm bọc da;bộ;"DGYT06
Đệm bọc da
Mã hàng: DGYT06 Hãng sản xuất: The one Xuất xứ: Việt Nam
Kích thước: Phù hợp với giường
Đêmk mút bọc PVC màu ghi dày 5cm, gấp khúc theo kết cấu nâng hạ của giường";1200000;405/2025/392/CTTĐG-VNVIC;18/12/2025;…;Bùi Thị Trà Giang
1760;;Tủ thuốc + để dụng cụ y tế;Bộ;"
Tủ thuốc + để dụng cụ y tế
 Kính thước: D800 x R400 X C1600 mm
 – Chất liệu: Inox 304
 – Đặc điểm:
 + Gồm 2 khoang:
 Khoang trên:Cao 900 mm, 3 đợt 2 cánh lắp kính mầu trắng dầy 5 mm, có khoá, có chốt chắc chắn
 Khoang dưới:Cao 600mm có 2 cánh bằng inox, có chốt và khoá chắc chắn
 + Khung tủ làm bằng inox hộp 25 x 25 mm
 + Khung cánh tủ làm bằng inox hộp 20 x 20 mm
 + Cánh tủ có tay nắm inox, đóng mở nhẹ nhàng
 + Tôn inox được tạo hình bằng máy ép, gấp thuỷ lực 250 tấn, đường nét sắc sảo, chắc chắn
 + Các mối hàn được thực hiện bằng công nghệ hàn TIG có khí Ar bảo vệ chống oxi hóa
 + Các chân tủ có đệm cao su
";5120000;405/2025/392/CTTĐG-VNVIC;18/12/2025;…;Bùi Thị Trà Giang
1761;;Tủ đựng hồ sơ tài liệu;Cái;"The One/ Xuân Hòa
Tủ đựng hồ sơ tài liệu
- Kích thước: R1000 x S450 x C1830mm
- Thẳng đứng 2 khoang, cánh mở, sơn tĩnh điện Khoang lớn phía trên gồm 2 cánh kính trong suốt, có khóa Cánh tủ có 1 chốt khóa trực tiếp vào ngăn đỡ cố định phía trong Khoang dưới có 2 cánh thép được chia đôi thành 2 ngăn có khóa và núm tay cầm riêng biệt";3172000;405/2025/392/CTTĐG-VNVIC;18/12/2025;…;Bùi Thị Trà Giang
1762;;Rèm cầu vồng;m2;"
Rèm cuộn chống nắng
- Mô tả: Vải phủ nhựa Polyester chống ẩm mốc, thanh rèm làm từ hợp kim nhôm cao cấp, dây điều khiển có độ bền cao
- Rèm được thử nghiệm chống thấm nước bề mặt (AATCC 22-2017) và khả năng bảo vệ tia UV (AS/NZS 4399:2017)";430000;405/2025/392/CTTĐG-VNVIC;18/12/2025;…;Bùi Thị Trà Giang
1763;;Ghế gập;Cái;"The One/ Xuân Hòa
Ghế gập
- Kích thước: W470 x D515 x H890 mm
- Mô tả: Kết cấu vững chắc với khung Inox D22, đệm tựa mút bọc PVC
- Ghế có thể gấp lại tiện dụng";440000;405/2025/392/CTTĐG-VNVIC;18/12/2025;…;Bùi Thị Trà Giang
1764;;Bảng ghim nỉ treo tường; Cái;"
Bảng thông tin tuyên truyền cửa lớp
Loại: Bảng ghim khung air
Kích thước: 1200 x 1800 mm
Chất liệu: Mặt bảng bằng vải nỉ cao cấp có thể ghim ngập đinh ghim một cách nhẹ nhàng và không để lại vết Cốt bảng  sử dụng tấm nhựa dày 10mm + cao su non 5 ly giúp bảng chắc chắn, chống cong vênh, ghim ngập đinh ghim và không để lại vết Viền quanh thân bảng là khung được làm từ hợp kim nhôm chất lượng cao được Anot hóa bề mặt màu ghi chì Khung nhôm được thiết kế ôm trọn mặt bảng mà không cần dùng các góc bít bảng như các loại bảng  thông thường khác Khung nhôm có bề rộng 22mm, bề dày 1mm cứng cáp, tạo cảm giác như bảng không khung Bảng không khung được lắp đặt lên tường bằng  hệ thống ke vít chuyên dụng ẩn đằng sau bảng tạo tính thẩm mĩ Sản phẩm được sản xuất bởi nhà sản xuất đạt tiêu chuẩn ISO 9001:2015; ISO 14001:2015";2500000;405/2025/392/CTTĐG-VNVIC;18/12/2025;…;Bùi Thị Trà Giang
1765;;Cây nước nóng lạnh;Cái;" KG41W
Cây nước nóng lạnh
Model: KG41W Hãng sản xuất: Kangaroo Xuất xứ: Trung Quốc
Điện áp/tần số sử dụng: AV 220V/50Hz
Block QD-28h: Môi chất lạnh R134a
Công suất lạnh: 100W
Giàn nóng: Dạng lưới
Bình chứa nước lạnh: Dung tích 2L/h, bình Inox 304
Nhiệt độ làm lạnh: 2 - 10 độ C
Điều khiển nhiệt độ: Số lạnh (thermostat)
Công suất nóng: 500W
Bình chứa nước nóng: Dùng tích 5L/h, bình Inox 304
Nhiệt độ làm nóng: 85 ~ 95 độ C
Thiết bị đun nóng trực tiếp: Trực tiếp
Điều khiển nhiệt độ: Zole lưỡng kim
Công cụ bảo vệ quá nhiệt: Zole lưỡng kim
Khoang chứa: Khoang lạnh";3750000;405/2025/392/CTTĐG-VNVIC;18/12/2025;…;Bùi Thị Trà Giang
1766;;Biển tên phòng;Cái;"
""Biển tên phòng:
- Kích thước: 110x300 mm
- Vật liệu: Inox tấm 304, mica trong
- Chữ và họa tiết trên tấm Inox được gia công bằng phương pháp Inox ăn mòn, mực sơn nội dung cao cấp không bị bay màu Tấm Inox sau khi gia công xong sẽ được gắn chặt vào tấm mica bằng loại keo chuyên dụng đảm bảo bền bỉ, chắc chắn""
";350000;405/2025/392/CTTĐG-VNVIC;18/12/2025;…;Bùi Thị Trà Giang
1767;;Máy vi tính để bàn giáo viên;Bộ;"FTA5224i
Máy vi tính để bàn đồng bộ
 Hãng Sản xuất: FPT
 Nhãn hiệu: FPT Elead
 Model: FTA5224i
 Xuất xứ: Việt Nam
 Bảo hành: 24 tháng
 Thông số kỹ thuật
 -Bộ vi xử lý: Bộ xử lý Intel Core i5-12400
 -Bộ nhớ RAM: dung lượng 8GB DDR4
 -Ổ cứng: dung lượng 512GB SSD
 -Bảng mạch chủ: Sử dụng chipset Intel H610; Giao tiếp kết nối: 02x PCIe, 01x HDMI port, 06x USB Ports, 01x M2 slot, 04x SATA 60 Gb/s Port, 03x Audio Jacks
 -Card màn hình: Tích hợp và hỗ trợ Intel UHD Graphics
 -Card âm thanh: Tích hợp cạc âm thanh High Definition Audio
 -Giao tiếp mạng: Tích hợp mạng Gigabit LAN
 -Case máy tính: Case máy tính FPT Elead kiểu dáng đứng nhỏ gọn (Slim Tower Case) Mặt trước của case có tích hợp màn hình hiển thị: hiển thị tốc độ quạt, nhiệt độ các thành phần CPU/HDD/VGA và có cảnh báo bằng âm thanh khi nhiệt độ của các thành phần CPU/HDD/VGA vượt qua 60 độ C
 -Màn hình: Màn hình vi tính FPT Elead 215” (Kính thước: 215 inch, Độ phân giải: 1920 x 1080), cổng giao tiếp kết nối: 01x D-Sub port và 01x HDMI port (Màn hình vi tính đồng bộ cùng thương hiệu với hãng sản xuất máy vi tính)
 -Bàn phím và chuột: Bàn phím FPT Elead tiêu chuẩn có dây và chuột FPT Elead có dây, chuẩn kết nối USB (sản phẩm đồng bộ cùng nhãn hiệu với nhãn hiệu máy vi tính)
 -Hệ điều hành: Phần mềm Microsoft Windows 11 bản quyền 
 -Tiêu chuẩn chất lượng: Máy vi tính được sản xuất trên dây chuyền công nghiệp bởi tổ chức đạt tiêu chuẩn ISO (ISO 9001:2015; ISO 14001:2015; ISO/IEC 27001:2013 và hệ thống quản lý chất lượng phòng LAB theo ISO/IEC 17025:2017)";14980000;405/2025/392/CTTĐG-VNVIC;18/12/2025;…;Bùi Thị Trà Giang
1768;;Máy in laser;Bộ;" HP 4003DN
Máy in laser
Mã: HP 4003DN Thương hiệu: HP Xuất xứ: Việt Nam
Máy in laser đen trắng (2Z609A) (A4/A5/ Đảo mặt/ USB/ LAN)
Loại máy in Máy in laser đen trắng
Chức năng in
Khổ giấy A4/A5
Bộ nhớ 256 Mb
40 trang/ phút khổ A4 và 40 trang/ phút khổ Letter
In đảo mặt Có
ADF Không
Độ phân giải 1200 x 1200 dpi
Cổng giao tiếp USB/ LAN";6689000;405/2025/392/CTTĐG-VNVIC;18/12/2025;…;Bùi Thị Trà Giang
1769;;Bộ đo chiều cao, cân nặng;Cái;"Akiko TZ 102
Bộ thiết bị đo chiều cao, cân nặng
Mã hàng: Akiko TZ 102 Xuất xứ: Trung Quốc
- Chức năng: Cân trọng lượng cơ thể và đo chiều cao
- Đo Trọng lượng cơ thể: Max: 120kg Min: 05kg
-Đo chiều cao: Phạm vi đo 70-190cm Min: 0,5 cm Dung sai ± 05cm
- Kích thước mặt bàn cân (L × W): 280 × 380
- Kích thước tổng thể (Z × W × H): 950 × 300 × 290mm
- Trọng lượng: ~14kg";1076900;405/2025/392/CTTĐG-VNVIC;18/12/2025;…;Bùi Thị Trà Giang
1770;;Thiết bị đo thị lực;Cái;"
Bảng đo thị lực
Kích thước: 350 x 150 x 900 mm
Bảng đo thị lực hình chữ nhật, làm bằng mika, khung nhôm Có đèn neon phía trong giúp ánh sáng phân bố đều, có công tắc bật đặt phía bên Có 2 lỗ đằng sau để treo lên tường Có 12 hàng ký hiệu từ D25 D50 và V01-V20
Nguồn điện: 220V, 50Hz
Công suất 30W";1000000;405/2025/392/CTTĐG-VNVIC;18/12/2025;…;Bùi Thị Trà Giang
1771;;Bảng đo thị lực hình con vật;Cái;"
Bảng đo thị lực hình con vật
AC: 220V - 01A
Bề mặt: 62cm x 25cm, độ sáng đều
Bảng màu hình ảnh bông hoa/ con vật
Lỗ treo tường, chân để bàn, giá đỡ
Dây nguồn: 2m
Vỏ đèn bằng inox Nhãn hiệu TNE dập nổi Khoảng cách đọc: 5m";850000;405/2025/392/CTTĐG-VNVIC;18/12/2025;…;Bùi Thị Trà Giang
1772;;Bộ nẹp sơ cứu;Bộ;"
Bộ nẹp sơ cứu
Bao gồm 10 cây tương ứng với 5 kích thước: dài 20 cm, 30 cm, 40 cm, 70 cm, 90 cm bằng gỗ";150000;405/2025/392/CTTĐG-VNVIC;18/12/2025;…;Bùi Thị Trà Giang
1773;;Đèn soi tai mũi họng;Chiếc;"
 Bộ đèn soi tai - mũi - họng:
– Bóng đèn LED ánh sáng trắng công suất cao cho ánh sáng trung thực, tuổi thọ cao (10 năm) nên không phải thay bóng
– Gương cầu được chế tạo chính xác giúp tạo độ gom tròn, có thể điều chỉnh được từ 1cm đến 6cm
– Pin sạc dung lượng cao, một lần sạc dùng liên tục từ 6-8 giờ giúp bác sĩ phông phải vướng víu với dây điện và nguồn điện
– Dễ dàng trong việc đi khám ngoại viện, vùng sâu vùng xa, vùng chưa có điện 220V
 – Trọng lượng: 380 gram
– Pin sạc tích hợp trên thân đèn
– Nguồn điện: 220V
";700000;405/2025/392/CTTĐG-VNVIC;18/12/2025;…;Bùi Thị Trà Giang
1774;;Máy đo huyết áp cho người lớn;Bộ;"No-500-V
Máy đo huyết áp cơ cho người lớn
(Kèm ống nghe)
Model: No-500-V Hãng sản xuất: ALPK2 Xuất xứ: Nhật Bản
Bộ máy đo gồm đồng hồ đo, bóng cao su, vòng bít và tai nghe
Loại dùng cho người lớn
Độ chính xác: ± 3mmHg
Vòng bít làm bằng chất liệu vải có độ bền cao Hệ thống dây dẫn khí, quả bóp bằng cao su cao cấp chống oxy hóa
Đồng hồ áp lực: hiển thị áp suất chuẩn (không bị lệch điểm không)
Tai nghe: có độ khuyếch đại lớn, nghe êm, không đau tai";485000;405/2025/392/CTTĐG-VNVIC;18/12/2025;…;Bùi Thị Trà Giang
1775;;Máy đo huyết áp cơ cho trẻ em;Bộ;" No 500-C4
Máy đo huyết áp cơ cho trẻ em
(Kèm ống nghe)
Model: No 500-C4 Hãng sản xuất: ALPK2 Xuất xứ: Nhật Bản
Bộ máy đo gồm đồng hồ đo, bóng cao su, vòng bít và tai nghe
Loại dùng cho trẻ em
Độ chính xác: ± 3mmHg
Vòng bít làm bằng chất liệu vải có độ bền cao Hệ thống dây dẫn khí, quả bóp bằng cao su cao cấp chống oxy hóa
Đồng hồ áp lực: hiển thị áp suất chuẩn (không bị lệch điểm không)
Tai nghe: có độ khuyếch đại lớn, nghe êm, không đau tai";485000;405/2025/392/CTTĐG-VNVIC;18/12/2025;…;Bùi Thị Trà Giang
1776;;Bóng bóp AMBU;Chiếc;"
Bóng bóp AMBU
Loại: Trẻ em
Xuất xứ: Trung Quốc
Bằng silicon Van một chiều: Giúp khí lưu thông theo một hướng, từ bóng vào phổi và ngăn khí hồi lưu Dây dẫn oxy dùng để kết nối với bình oxy để cung cấp oxy bổ sung cho nạn nhân Là dụng cụ hô hấp nhân tạo, tạo nhịp thở và cung cấp oxy cho não và các cơ quan trong cơ thể";385000;405/2025/392/CTTĐG-VNVIC;18/12/2025;…;Bùi Thị Trà Giang
1777;;Tủ sấy dụng cụ y tế;Chiếc;"Model: OT-12
Tủ sấy dụng cụ y tế
Model: OT-12 Hãng sản xuất: Galy Xuất xứ: Trung Quốc
Điện áp: 220V/50Hz;
Dung tích: 20 lít
Công suất: 1200W;
Điện áp: 220v-50Hz
Tác dụng: Tiệt trùng dụng cụ y tế";1380000;405/2025/392/CTTĐG-VNVIC;18/12/2025;…;Bùi Thị Trà Giang
1778;;Xe đẩy y tế 2 tầng;Chiếc;"
Xe đẩy y tế 2 tầng
Chất liệu: Inox 430
- Kích thước: D x R x C (650x400x820mm) (±5%)
- Khung xe bằng hộp 20x20x08mm
- Mặt xe bằng inox tấm dầy 04mm gấp hình chữ nhật được dập liền thành khay
- Toàn bộ mặt xe được bao quanh bởi 4 lan can hộp 10x10x08mm cao 50mm
- Xe có 4 bánh Φ65, 2 bánh có khóa hãm, 2 bánh trơn
- Toàn bộ xe được hàn theo công nghệ hàn Tig và được đánh bóng đạt tiêu chuẩn";2645000;405/2025/392/CTTĐG-VNVIC;18/12/2025;…;Bùi Thị Trà Giang
1779;;Tủ lạnh lưu mẫu;Cái;"Panasonic Inverter 234 lít NR-TV261APSV
Kiểu tủ: Ngăn đá trên - 2 cánh
Dung tích sử dụng: 234 lít - 2 - 3 người
Dung tích tổng: 260 lít
Dung tích ngăn đá: 75 lít
Dung tích ngăn lạnh: 159 lít
Công suất tiêu thụ công bố theo TCVN: ~ 094 kW/ngày
Công nghệ tiết kiệm điện: Cảm biến thông minh EconaviInverter
Công nghệ làm lạnh: Làm lạnh vòng cung Panorama
Công nghệ kháng khuẩn, khử mùi: Công nghệ diệt khuẩn Blue Ag+ với tinh thể bạc Ag+ và ánh sáng xanh
Công nghệ bảo quản thực phẩm: Ngăn rau củ Fresh Safe
Tiện ích: Khay thực phẩm Tanto tránh rơi thực phẩm ra ngoài
Chất liệu cửa tủ lạnh: Thép bạc
Chất liệu khay ngăn lạnh: Kính chịu lực
Chất liệu ống dẫn gas, dàn lạnh: Ống dẫn gas bằng Đồng Chất liệu dàn lạnh bằng Nhôm
";7500000;405/2025/392/CTTĐG-VNVIC;18/12/2025;…;Bùi Thị Trà Giang
1780;;Trang phục;Bộ;"
Trang phục
 1 Áo: Màu trắng; Áo blouse cổ bẻ Danton, cài cúc giữa, dài tay hoặc ngắn tay, chiều dài áo ngang gối, phía trước có 3 túi, phía sau xẻ giữa tới ngang mông
 2 Quần: Màu trắng; Quần chun, 2 túi chéo
 3 Mũ:
 Màu sắc:Màu trắng Chất liệu lon nhật
";250000;405/2025/392/CTTĐG-VNVIC;18/12/2025;…;Bùi Thị Trà Giang
1781;;Đồng hồ treo tường;Cái;"
""Đồng hồ :
- Kích thước: 397x360x50 mm
- Mô tả: Chất liệu nhựa bền đẹp, chắc chắn
""
";350000;405/2025/392/CTTĐG-VNVIC;18/12/2025;…;Bùi Thị Trà Giang
1782;;Ổ cắm điện kéo dài đa năng;Cái;"
Ổ cắm kéo dài đa năng kết hợp 5 ổ
Ổ cắm điện có 5 lỗ 3 chấu, đa năng và có 5 công tắc đi kèm
Mỗi ổ cắm đều có nắp che, hạn chế tối đa bị phóng tia lửa điện, chống rò rỉ điện, chống giật hiệu quả, an toàn cho trẻ nhỏ
 Ổ cắm  được làm bằng hạt nhựa ABS nhập khẩu chịu nhiệt độ cao,chống cháy Chịu tải cao: Max 3200W, 2 lõi dây đồng : 2*1mm- Điện áp: 220V/ 50Hz
";235000;405/2025/392/CTTĐG-VNVIC;18/12/2025;…;Bùi Thị Trà Giang
1783;;Thùng rác;;"
Thùng rác: Thùng rác được làm từ nhựa PP cao cấp, cho độ bền cao, khả năng chống lão hóa tốtKích thước: 345 x 34 x 44 cm";200000;405/2025/392/CTTĐG-VNVIC;18/12/2025;…;Bùi Thị Trà Giang
1784;;Bàn làm việc ;Cái;"The One/ Xuân Hòa
Bàn làm việc: 
 - Kích thước: R1200xS600xC750 mm
 - Mô tả: Bàn sử dụng gỗ MFC cao cấp màu vân gỗ sáng Bàn có ngăn hộc dài sát đất bao gồm 1 ngăn kéo + 1 cánh tủ có khóa an toàn; có 1 khay để bàn phím và 1 kệ CPU; mặt bàn dày 25mm, ngăn bàn các tấm chắn làm bằng gỗ dày 18mm
";1350000;405/2025/392/CTTĐG-VNVIC;18/12/2025;…;Bùi Thị Trà Giang
1785;;Ghế làm việc ;cái;" GL101B
Ghế làm việc
Mã hàng: GL101B Hãng sản xuất: The one Xuất xứ: Việt Nam
Kích thước: W625 x D530 x H870÷965 mm
Dung sai kích thước: ± 20 (mm)
Mô tả: Ghế xoay có tay, mặt ngồi đệm mút, bọc nỉ, tựa viền nhựa nguyên sinh bọc lưới Điều chỉnh độ cao bằng cần hơi, có cốc gật gù, có ốp trục thủy lực, chân nhựa Hàng chất lượng cao, kết cấu vững chắc Tay nhựa cong";800000;405/2025/392/CTTĐG-VNVIC;18/12/2025;…;Bùi Thị Trà Giang
1786;;Tủ đựng hồ sơ tài liệu;Cái;"The One/ Xuân Hòa
Tủ đựng hồ sơ tài liệu
- Kích thước: R1000 x S450 x C1830mm
- Thẳng đứng 2 khoang, cánh mở, sơn tĩnh điện Khoang lớn phía trên gồm 2 cánh kính trong suốt, có khóa Cánh tủ có 1 chốt khóa trực tiếp vào ngăn đỡ cố định phía trong Khoang dưới có 2 cánh thép được chia đôi thành 2 ngăn có khóa và núm tay cầm riêng biệt";3172000;405/2025/392/CTTĐG-VNVIC;18/12/2025;…;Bùi Thị Trà Giang
1787;;Rèm cầu vồng;m2;"
Rèm cuộn chống nắng
- Mô tả: Vải phủ nhựa Polyester chống ẩm mốc, thanh rèm làm từ hợp kim nhôm cao cấp, dây điều khiển có độ bền cao
- Rèm được thử nghiệm chống thấm nước bề mặt (AATCC 22-2017) và khả năng bảo vệ tia UV (AS/NZS 4399:2017)";430000;405/2025/392/CTTĐG-VNVIC;18/12/2025;…;Bùi Thị Trà Giang
1788;;Bảng ghim nỉ treo tường; Cái;"
Bảng thông tin tuyên truyền cửa lớp
Loại: Bảng ghim khung air
Kích thước: 1200 x 1800 mm
Chất liệu: Mặt bảng bằng vải nỉ cao cấp có thể ghim ngập đinh ghim một cách nhẹ nhàng và không để lại vết Cốt bảng  sử dụng tấm nhựa dày 10mm + cao su non 5 ly giúp bảng chắc chắn, chống cong vênh, ghim ngập đinh ghim và không để lại vết Viền quanh thân bảng là khung được làm từ hợp kim nhôm chất lượng cao được Anot hóa bề mặt màu ghi chì Khung nhôm được thiết kế ôm trọn mặt bảng mà không cần dùng các góc bít bảng như các loại bảng  thông thường khác Khung nhôm có bề rộng 22mm, bề dày 1mm cứng cáp, tạo cảm giác như bảng không khung Bảng không khung được lắp đặt lên tường bằng  hệ thống ke vít chuyên dụng ẩn đằng sau bảng tạo tính thẩm mĩ Sản phẩm được sản xuất bởi nhà sản xuất đạt tiêu chuẩn ISO 9001:2015; ISO 14001:2015";2500000;405/2025/392/CTTĐG-VNVIC;18/12/2025;…;Bùi Thị Trà Giang
1789;;Ghế gập;Cái;"The One/ Xuân Hòa
Ghế gập
- Kích thước: W470 x D515 x H890 mm
- Mô tả: Kết cấu vững chắc với khung Inox D22, đệm tựa mút bọc PVC
- Ghế có thể gấp lại tiện dụng";440000;405/2025/392/CTTĐG-VNVIC;18/12/2025;…;Bùi Thị Trà Giang
1790;;Biển tên phòng;Cái;"
""Biển tên phòng:
- Kích thước: 110x300 mm
- Vật liệu: Inox tấm 304, mica trong
- Chữ và họa tiết trên tấm Inox được gia công bằng phương pháp Inox ăn mòn, mực sơn nội dung cao cấp không bị bay màu Tấm Inox sau khi gia công xong sẽ được gắn chặt vào tấm mica bằng loại keo chuyên dụng đảm bảo bền bỉ, chắc chắn""
";350000;405/2025/392/CTTĐG-VNVIC;18/12/2025;…;Bùi Thị Trà Giang
1791;;Máy vi tính để bàn giáo viên;Bộ;"FPT
Máy vi tính để bàn đồng bộ
 Hãng Sản xuất: FPT
 Nhãn hiệu: FPT Elead
 Model: FTA5224i
 Xuất xứ: Việt Nam
 Bảo hành: 24 tháng
 Thông số kỹ thuật
 -Bộ vi xử lý: Bộ xử lý Intel Core i5-12400
 -Bộ nhớ RAM: dung lượng 8GB DDR4
 -Ổ cứng: dung lượng 512GB SSD
 -Bảng mạch chủ: Sử dụng chipset Intel H610; Giao tiếp kết nối: 02x PCIe, 01x HDMI port, 06x USB Ports, 01x M2 slot, 04x SATA 60 Gb/s Port, 03x Audio Jacks
 -Card màn hình: Tích hợp và hỗ trợ Intel UHD Graphics
 -Card âm thanh: Tích hợp cạc âm thanh High Definition Audio
 -Giao tiếp mạng: Tích hợp mạng Gigabit LAN
 -Case máy tính: Case máy tính FPT Elead kiểu dáng đứng nhỏ gọn (Slim Tower Case) Mặt trước của case có tích hợp màn hình hiển thị: hiển thị tốc độ quạt, nhiệt độ các thành phần CPU/HDD/VGA và có cảnh báo bằng âm thanh khi nhiệt độ của các thành phần CPU/HDD/VGA vượt qua 60 độ C
 -Màn hình: Màn hình vi tính FPT Elead 215” (Kính thước: 215 inch, Độ phân giải: 1920 x 1080), cổng giao tiếp kết nối: 01x D-Sub port và 01x HDMI port (Màn hình vi tính đồng bộ cùng thương hiệu với hãng sản xuất máy vi tính)
 -Bàn phím và chuột: Bàn phím FPT Elead tiêu chuẩn có dây và chuột FPT Elead có dây, chuẩn kết nối USB (sản phẩm đồng bộ cùng nhãn hiệu với nhãn hiệu máy vi tính)
 -Hệ điều hành: Phần mềm Microsoft Windows 11 bản quyền 
 -Tiêu chuẩn chất lượng: Máy vi tính được sản xuất trên dây chuyền công nghiệp bởi tổ chức đạt tiêu chuẩn ISO (ISO 9001:2015; ISO 14001:2015; ISO/IEC 27001:2013 và hệ thống quản lý chất lượng phòng LAB theo ISO/IEC 17025:2017)";14980000;405/2025/392/CTTĐG-VNVIC;18/12/2025;…;Bùi Thị Trà Giang
1792;;Máy in laser;Bộ;"HP 4003DN
Máy in laser
Mã: HP 4003DN Thương hiệu: HP Xuất xứ: Việt Nam
Máy in laser đen trắng (2Z609A) (A4/A5/ Đảo mặt/ USB/ LAN)
Loại máy in Máy in laser đen trắng
Chức năng in
Khổ giấy A4/A5
Bộ nhớ 256 Mb
40 trang/ phút khổ A4 và 40 trang/ phút khổ Letter
In đảo mặt Có
ADF Không
Độ phân giải 1200 x 1200 dpi
Cổng giao tiếp USB/ LAN";6689000;405/2025/392/CTTĐG-VNVIC;18/12/2025;…;Bùi Thị Trà Giang
1793;;Máy Photocopy;Cái;"Máy photocopy Canon iR2625i
Loại máy: Máy photocopy đen trắng Canon
Chức năng: Copy – In – Scan màu – Duplex – DADF – WiFi
Khay giấy: 02 x 550 tờ, khay tay 100 tờ
Khổ giấy: A3/A4
Tốc độ in: 25 trang/phút
Đảo mặt bản sao: Có
Bộ nạp và đảo bản gốc tự động (DADF): Có sẵn
Cổng giao tiếp: USB/ LAN/ WiFi
Dùng mực: Canon NPG-84 (30000 trang)
Bảo hành: 12 tháng hoặc 50000 bản in (Xem chi tiết)
Tình trạng máy: 100% mới, nguyên tem, nguyên hộp, CO/CQ
";45000000;405/2025/392/CTTĐG-VNVIC;18/12/2025;…;Bùi Thị Trà Giang
1794;;Két sắt;Cái;"KS90K1C1
Két sắt
Mã hàng: KS90K1C1 Hãng sản xuất: The one Xuất xứ: Việt Nam
Két đứng có khóa chìa, khóa mã và tay nắm
Có 1 đợt di động và ngăn kéo Bánh xe sắt di chuyển
Két có tính năng chống cháy và bảo mật cao
Khối lượng: 90 kg (±10%)
Kích thước ngoài: W400 x D534 x H618 mm
Kích thước trong: W269 x D353 x H418 mm
Dung sai kích thước: ± 5 mm";5100000;405/2025/392/CTTĐG-VNVIC;18/12/2025;…;Bùi Thị Trà Giang
1795;;Cây nước nóng lạnh;Cái;" KG41W
Cây nước nóng lạnh
Model: KG41W Hãng sản xuất: Kangaroo Xuất xứ: Trung Quốc
Điện áp/tần số sử dụng: AV 220V/50Hz
Block QD-28h: Môi chất lạnh R134a
Công suất lạnh: 100W
Giàn nóng: Dạng lưới
Bình chứa nước lạnh: Dung tích 2L/h, bình Inox 304
Nhiệt độ làm lạnh: 2 - 10 độ C
Điều khiển nhiệt độ: Số lạnh (thermostat)
Công suất nóng: 500W
Bình chứa nước nóng: Dùng tích 5L/h, bình Inox 304
Nhiệt độ làm nóng: 85 ~ 95 độ C
Thiết bị đun nóng trực tiếp: Trực tiếp
Điều khiển nhiệt độ: Zole lưỡng kim
Công cụ bảo vệ quá nhiệt: Zole lưỡng kim
Khoang chứa: Khoang lạnh";3750000;405/2025/392/CTTĐG-VNVIC;18/12/2025;…;Bùi Thị Trà Giang
1796;;Đồng hồ treo tường;Cái;"
""Đồng hồ :
- Kích thước: 397x360x50 mm
- Mô tả: Chất liệu nhựa bền đẹp, chắc chắn
""
";350000;405/2025/392/CTTĐG-VNVIC;18/12/2025;…;Bùi Thị Trà Giang
1797;;Ổ cắm điện kéo dài đa năng;Cái;"
Ổ cắm kéo dài đa năng kết hợp 5 ổ
Ổ cắm điện có 5 lỗ 3 chấu, đa năng và có 5 công tắc đi kèm
Mỗi ổ cắm đều có nắp che, hạn chế tối đa bị phóng tia lửa điện, chống rò rỉ điện, chống giật hiệu quả, an toàn cho trẻ nhỏ
 Ổ cắm  được làm bằng hạt nhựa ABS nhập khẩu chịu nhiệt độ cao,chống cháy Chịu tải cao: Max 3200W, 2 lõi dây đồng : 2*1mm- Điện áp: 220V/ 50Hz
";235000;405/2025/392/CTTĐG-VNVIC;18/12/2025;…;Bùi Thị Trà Giang
1798;;Thùng rác;Cái;"
Thùng rác: Thùng rác được làm từ nhựa PP cao cấp, cho độ bền cao, khả năng chống lão hóa tốtKích thước: 345 x 34 x 44 cm";200000;405/2025/392/CTTĐG-VNVIC;18/12/2025;…;Bùi Thị Trà Giang
1799;;Bàn làm việc;Cái;"The One/Xuân Hòa
Bàn làm việc: 
 
 - Kích thước: R1600xS800xC760 mm
 
 - Chất liệu: Bàn làm từ gỗ công nghiệp sơn PU cao cấp đồng màu với nội thất trong phòng
 
  - Bàn trưởng phòng, mặt bàn hình chữ nhật dày 60mm Bàn có 1 hộc liền, 1 ngăn kéo 1 cánh mở Có thể dùng thêm bàn phím và đế đặt CPU tiêu chuẩn Phụ kiện bản lề, cam, liên kết chính hãng, cao cấp
";2916000;405/2025/392/CTTĐG-VNVIC;18/12/2025;…;Bùi Thị Trà Giang
1800;;Ghế làm việc;Cái;"GL212
Ghế làm việc
Mã hàng: GL212 Hãng sản xuất: The one Xuất xứ: Việt Nam
Kích thước: W580 x D640 x H1020 - 1100 mm
Dung sai kích thước: ± 20 (mm)
Vật liệu: Ghế có khung thép bọc da công nghiệp, tay mạ sáng bóng, chân mạ có bánh xe di chuyển Ghế có bộ piston khí nén có thể điều chỉnh được độ cao thấp";1980000;405/2025/392/CTTĐG-VNVIC;18/12/2025;…;Bùi Thị Trà Giang
1801;;Tủ tài liệu;Cái;"The One/ Xuân Hòa
Tủ tài liệu
Kích thươc: 1350x400x2000
Chất liệu: Gỗ MDF và sơn PU Được làm gỗ công nghiệp MDF, phủ sơn PU giúp sản phẩm bền bỉ, sáng đẹp trong suốt thời gian sử dụngPhụ kiện bản lề, cam, liên kết của HafeleKhoang bên trái có 2 cánh kính mở, 1 khóa đơn phù hợp để hồ sơ sổ sách hoặc tài liệu văn phòngKhoang bên phải có cánh áo dài, đặc và kín, có khóa dùng để treo quần áoKhoang bên dưới tủ có 3 cánh đặc, khóa đơn Khoang này có thể để những tài liệu hoặc các giấy tờ quan trọng Bên cạnh có ba ngăn kéo nhỏ, để đồ dùng cá nhân tiện lợi";4850000;405/2025/392/CTTĐG-VNVIC;18/12/2025;…;Bùi Thị Trà Giang
1802;;Bàn họp nhỏ;Cái;"The One/ Xuân Hòa
Bàn họp nhỏ
Kích thước: 2000x1000x760
Chất liệu: Bàn được làm từ gỗ MDF cao cấp, chống cong vênh, mối mọt Lớp sơn PU phủ bên ngoài giúp cho sản phẩm sáng bóng, trơn mịn Bàn họp mặt liền hình oval, có vách, chân bàn lượn cong hình chữ C
Phụ kiện bản lề, cam, liên kết chính hãng";4166000;405/2025/392/CTTĐG-VNVIC;18/12/2025;…;Bùi Thị Trà Giang
1803;;Ghế họp;Cái;"The One/ Xuân Hòa
Ghế họp
Chất liệu: Ghế họp khung gỗ tự nhiên sơn PU cao cấp, mặt ngồi và tựa gỗ dán định hình, đệm mút và giả da
Kích thước: W620 x D750 x H1040 mm
Dung sai kích thước: ± 20(mm)";1500000;405/2025/392/CTTĐG-VNVIC;18/12/2025;…;Bùi Thị Trà Giang
1804;;Bảng ghim nỉ treo tường; Cái;"
Bảng thông tin tuyên truyền cửa lớp
Loại: Bảng ghim khung air
Kích thước: 1200 x 1800 mm
Chất liệu: Mặt bảng bằng vải nỉ cao cấp có thể ghim ngập đinh ghim một cách nhẹ nhàng và không để lại vết Cốt bảng  sử dụng tấm nhựa dày 10mm + cao su non 5 ly giúp bảng chắc chắn, chống cong vênh, ghim ngập đinh ghim và không để lại vết Viền quanh thân bảng là khung được làm từ hợp kim nhôm chất lượng cao được Anot hóa bề mặt màu ghi chì Khung nhôm được thiết kế ôm trọn mặt bảng mà không cần dùng các góc bít bảng như các loại bảng  thông thường khác Khung nhôm có bề rộng 22mm, bề dày 1mm cứng cáp, tạo cảm giác như bảng không khung Bảng không khung được lắp đặt lên tường bằng  hệ thống ke vít chuyên dụng ẩn đằng sau bảng tạo tính thẩm mĩ Sản phẩm được sản xuất bởi nhà sản xuất đạt tiêu chuẩn ISO 9001:2015; ISO 14001:2015";2500000;405/2025/392/CTTĐG-VNVIC;18/12/2025;…;Bùi Thị Trà Giang
1805;;Rèm cầu vồng;m2;"
Rèm cuộn chống nắng
- Mô tả: Vải phủ nhựa Polyester chống ẩm mốc, thanh rèm làm từ hợp kim nhôm cao cấp, dây điều khiển có độ bền cao
- Rèm được thử nghiệm chống thấm nước bề mặt (AATCC 22-2017) và khả năng bảo vệ tia UV (AS/NZS 4399:2017)";430000;405/2025/392/CTTĐG-VNVIC;18/12/2025;…;Bùi Thị Trà Giang
1806;;Biển tên phòng;Cái;"
""Biển tên phòng:
- Kích thước: 110x300 mm
- Vật liệu: Inox tấm 304, mica trong
- Chữ và họa tiết trên tấm Inox được gia công bằng phương pháp Inox ăn mòn, mực sơn nội dung cao cấp không bị bay màu Tấm Inox sau khi gia công xong sẽ được gắn chặt vào tấm mica bằng loại keo chuyên dụng đảm bảo bền bỉ, chắc chắn""
";350000;405/2025/392/CTTĐG-VNVIC;18/12/2025;…;Bùi Thị Trà Giang
1807;;Máy vi tính để bàn giáo viên;Bộ;"FTA5224i
Máy vi tính để bàn đồng bộ
 Hãng Sản xuất: FPT
 Nhãn hiệu: FPT Elead
 Model: FTA5224i
 Xuất xứ: Việt Nam
 Bảo hành: 24 tháng
 Thông số kỹ thuật
 -Bộ vi xử lý: Bộ xử lý Intel Core i5-12400
 -Bộ nhớ RAM: dung lượng 8GB DDR4
 -Ổ cứng: dung lượng 512GB SSD
 -Bảng mạch chủ: Sử dụng chipset Intel H610; Giao tiếp kết nối: 02x PCIe, 01x HDMI port, 06x USB Ports, 01x M2 slot, 04x SATA 60 Gb/s Port, 03x Audio Jacks
 -Card màn hình: Tích hợp và hỗ trợ Intel UHD Graphics
 -Card âm thanh: Tích hợp cạc âm thanh High Definition Audio
 -Giao tiếp mạng: Tích hợp mạng Gigabit LAN
 -Case máy tính: Case máy tính FPT Elead kiểu dáng đứng nhỏ gọn (Slim Tower Case) Mặt trước của case có tích hợp màn hình hiển thị: hiển thị tốc độ quạt, nhiệt độ các thành phần CPU/HDD/VGA và có cảnh báo bằng âm thanh khi nhiệt độ của các thành phần CPU/HDD/VGA vượt qua 60 độ C
 -Màn hình: Màn hình vi tính FPT Elead 215” (Kính thước: 215 inch, Độ phân giải: 1920 x 1080), cổng giao tiếp kết nối: 01x D-Sub port và 01x HDMI port (Màn hình vi tính đồng bộ cùng thương hiệu với hãng sản xuất máy vi tính)
 -Bàn phím và chuột: Bàn phím FPT Elead tiêu chuẩn có dây và chuột FPT Elead có dây, chuẩn kết nối USB (sản phẩm đồng bộ cùng nhãn hiệu với nhãn hiệu máy vi tính)
 -Hệ điều hành: Phần mềm Microsoft Windows 11 bản quyền 
 -Tiêu chuẩn chất lượng: Máy vi tính được sản xuất trên dây chuyền công nghiệp bởi tổ chức đạt tiêu chuẩn ISO (ISO 9001:2015; ISO 14001:2015; ISO/IEC 27001:2013 và hệ thống quản lý chất lượng phòng LAB theo ISO/IEC 17025:2017)";14980000;405/2025/392/CTTĐG-VNVIC;18/12/2025;…;Bùi Thị Trà Giang
1808;;Máy in laser;Bộ;"HP 4003DN
Máy in laser
Mã: HP 4003DN Thương hiệu: HP Xuất xứ: Việt Nam
Máy in laser đen trắng (2Z609A) (A4/A5/ Đảo mặt/ USB/ LAN)
Loại máy in Máy in laser đen trắng
Chức năng in
Khổ giấy A4/A5
Bộ nhớ 256 Mb
40 trang/ phút khổ A4 và 40 trang/ phút khổ Letter
In đảo mặt Có
ADF Không
Độ phân giải 1200 x 1200 dpi
Cổng giao tiếp USB/ LAN";6689000;405/2025/392/CTTĐG-VNVIC;18/12/2025;…;Bùi Thị Trà Giang
1809;;Cây nước nóng lạnh;Cái;"KG41W
Cây nước nóng lạnh
Model: KG41W Hãng sản xuất: Kangaroo Xuất xứ: Trung Quốc
Điện áp/tần số sử dụng: AV 220V/50Hz
Block QD-28h: Môi chất lạnh R134a
Công suất lạnh: 100W
Giàn nóng: Dạng lưới
Bình chứa nước lạnh: Dung tích 2L/h, bình Inox 304
Nhiệt độ làm lạnh: 2 - 10 độ C
Điều khiển nhiệt độ: Số lạnh (thermostat)
Công suất nóng: 500W
Bình chứa nước nóng: Dùng tích 5L/h, bình Inox 304
Nhiệt độ làm nóng: 85 ~ 95 độ C
Thiết bị đun nóng trực tiếp: Trực tiếp
Điều khiển nhiệt độ: Zole lưỡng kim
Công cụ bảo vệ quá nhiệt: Zole lưỡng kim
Khoang chứa: Khoang lạnh";3750000;405/2025/392/CTTĐG-VNVIC;18/12/2025;…;Bùi Thị Trà Giang
1810;;Đồng hồ treo tường;Cái;"
""Đồng hồ :
- Kích thước: 397x360x50 mm
- Mô tả: Chất liệu nhựa bền đẹp, chắc chắn
""
";350000;405/2025/392/CTTĐG-VNVIC;18/12/2025;…;Bùi Thị Trà Giang
1811;;Ổ cắm điện kéo dài đa năng;Cái;"
Ổ cắm kéo dài đa năng kết hợp 5 ổ
Ổ cắm điện có 5 lỗ 3 chấu, đa năng và có 5 công tắc đi kèm
Mỗi ổ cắm đều có nắp che, hạn chế tối đa bị phóng tia lửa điện, chống rò rỉ điện, chống giật hiệu quả, an toàn cho trẻ nhỏ
 Ổ cắm  được làm bằng hạt nhựa ABS nhập khẩu chịu nhiệt độ cao,chống cháy Chịu tải cao: Max 3200W, 2 lõi dây đồng : 2*1mm- Điện áp: 220V/ 50Hz
";235000;405/2025/392/CTTĐG-VNVIC;18/12/2025;…;Bùi Thị Trà Giang
1812;;Thùng rác;Cái;"
Thùng rác: Thùng rác được làm từ nhựa PP cao cấp, cho độ bền cao, khả năng chống lão hóa tốtKích thước: 345 x 34 x 44 cm";200000;405/2025/392/CTTĐG-VNVIC;18/12/2025;…;Bùi Thị Trà Giang
1813;;Bàn làm việc;Cái;"The One/ Xuân Hòa
Bàn làm việc: 
 
 - Kích thước: R1600xS800xC760 mm
 
 - Chất liệu: Bàn làm từ gỗ công nghiệp sơn PU cao cấp đồng màu với nội thất trong phòng
 
  - Bàn trưởng phòng, mặt bàn hình chữ nhật dày 60mm Bàn có 1 hộc liền, 1 ngăn kéo 1 cánh mở Có thể dùng thêm bàn phím và đế đặt CPU tiêu chuẩn Phụ kiện bản lề, cam, liên kết chính hãng, cao cấp
";2916000;405/2025/392/CTTĐG-VNVIC;18/12/2025;…;Bùi Thị Trà Giang
1814;;Ghế làm việc;Cái;"GL212
Ghế làm việc
Mã hàng: GL212 Hãng sản xuất: The one Xuất xứ: Việt Nam
Kích thước: W580 x D640 x H1020 - 1100 mm
Dung sai kích thước: ± 20 (mm)
Vật liệu: Ghế có khung thép bọc da công nghiệp, tay mạ sáng bóng, chân mạ có bánh xe di chuyển Ghế có bộ piston khí nén có thể điều chỉnh được độ cao thấp";1980000;405/2025/392/CTTĐG-VNVIC;18/12/2025;…;Bùi Thị Trà Giang
1815;;Tủ tài liệu;Cái;"The One/ Xuân Hòa
Tủ tài liệu
Kích thươc: 1350x400x2000
Chất liệu: Gỗ MDF và sơn PU Được làm gỗ công nghiệp MDF, phủ sơn PU giúp sản phẩm bền bỉ, sáng đẹp trong suốt thời gian sử dụngPhụ kiện bản lề, cam, liên kết của HafeleKhoang bên trái có 2 cánh kính mở, 1 khóa đơn phù hợp để hồ sơ sổ sách hoặc tài liệu văn phòngKhoang bên phải có cánh áo dài, đặc và kín, có khóa dùng để treo quần áoKhoang bên dưới tủ có 3 cánh đặc, khóa đơn Khoang này có thể để những tài liệu hoặc các giấy tờ quan trọng Bên cạnh có ba ngăn kéo nhỏ, để đồ dùng cá nhân tiện lợi";4850000;405/2025/392/CTTĐG-VNVIC;18/12/2025;…;Bùi Thị Trà Giang
1816;;Bộ bàn ghế tiếp khách ;Bộ ;"
Bộ bàn ghế SOFA tiếp khách:
 - Ghế dài: 1820mmx720mm
 - Ghế nhỏ: 820mmx720mm
 - Đôn 360x360mm
 - Ghế khung gỗ, bọc đệm PVC màu đen, nâu Kết hợp tay gỗ công nghiệp
 1 ghế dài, 2 ghế nhỏ, 2 đôn
 - Bàn kính kết hợp gỗ công nghiệp melamine kích thước 1000mmx500x500mm
";4500000;405/2025/392/CTTĐG-VNVIC;18/12/2025;…;Bùi Thị Trà Giang
1817;;Bảng ghim nỉ treo tường; Cái;"
Bảng thông tin tuyên truyền cửa lớp
Loại: Bảng ghim khung air
Kích thước: 1200 x 1800 mm
Chất liệu: Mặt bảng bằng vải nỉ cao cấp có thể ghim ngập đinh ghim một cách nhẹ nhàng và không để lại vết Cốt bảng  sử dụng tấm nhựa dày 10mm + cao su non 5 ly giúp bảng chắc chắn, chống cong vênh, ghim ngập đinh ghim và không để lại vết Viền quanh thân bảng là khung được làm từ hợp kim nhôm chất lượng cao được Anot hóa bề mặt màu ghi chì Khung nhôm được thiết kế ôm trọn mặt bảng mà không cần dùng các góc bít bảng như các loại bảng  thông thường khác Khung nhôm có bề rộng 22mm, bề dày 1mm cứng cáp, tạo cảm giác như bảng không khung Bảng không khung được lắp đặt lên tường bằng  hệ thống ke vít chuyên dụng ẩn đằng sau bảng tạo tính thẩm mĩ Sản phẩm được sản xuất bởi nhà sản xuất đạt tiêu chuẩn ISO 9001:2015; ISO 14001:2015";2500000;405/2025/392/CTTĐG-VNVIC;18/12/2025;…;Bùi Thị Trà Giang
1818;;Rèm cầu vồng;m2;"
Rèm cuộn chống nắng
- Mô tả: Vải phủ nhựa Polyester chống ẩm mốc, thanh rèm làm từ hợp kim nhôm cao cấp, dây điều khiển có độ bền cao
- Rèm được thử nghiệm chống thấm nước bề mặt (AATCC 22-2017) và khả năng bảo vệ tia UV (AS/NZS 4399:2017)";430000;405/2025/392/CTTĐG-VNVIC;18/12/2025;…;Bùi Thị Trà Giang
1819;;Biển tên phòng;Cái;"
""Biển tên phòng:
- Kích thước: 110x300 mm
- Vật liệu: Inox tấm 304, mica trong
- Chữ và họa tiết trên tấm Inox được gia công bằng phương pháp Inox ăn mòn, mực sơn nội dung cao cấp không bị bay màu Tấm Inox sau khi gia công xong sẽ được gắn chặt vào tấm mica bằng loại keo chuyên dụng đảm bảo bền bỉ, chắc chắn""
";350000;405/2025/392/CTTĐG-VNVIC;18/12/2025;…;Bùi Thị Trà Giang
1820;;Máy vi tính để bàn giáo viên;Bộ;" FTA5224i
Máy vi tính để bàn đồng bộ
 Hãng Sản xuất: FPT
 Nhãn hiệu: FPT Elead
 Model: FTA5224i
 Xuất xứ: Việt Nam
 Bảo hành: 24 tháng
 Thông số kỹ thuật
 -Bộ vi xử lý: Bộ xử lý Intel Core i5-12400
 -Bộ nhớ RAM: dung lượng 8GB DDR4
 -Ổ cứng: dung lượng 512GB SSD
 -Bảng mạch chủ: Sử dụng chipset Intel H610; Giao tiếp kết nối: 02x PCIe, 01x HDMI port, 06x USB Ports, 01x M2 slot, 04x SATA 60 Gb/s Port, 03x Audio Jacks
 -Card màn hình: Tích hợp và hỗ trợ Intel UHD Graphics
 -Card âm thanh: Tích hợp cạc âm thanh High Definition Audio
 -Giao tiếp mạng: Tích hợp mạng Gigabit LAN
 -Case máy tính: Case máy tính FPT Elead kiểu dáng đứng nhỏ gọn (Slim Tower Case) Mặt trước của case có tích hợp màn hình hiển thị: hiển thị tốc độ quạt, nhiệt độ các thành phần CPU/HDD/VGA và có cảnh báo bằng âm thanh khi nhiệt độ của các thành phần CPU/HDD/VGA vượt qua 60 độ C
 -Màn hình: Màn hình vi tính FPT Elead 215” (Kính thước: 215 inch, Độ phân giải: 1920 x 1080), cổng giao tiếp kết nối: 01x D-Sub port và 01x HDMI port (Màn hình vi tính đồng bộ cùng thương hiệu với hãng sản xuất máy vi tính)
 -Bàn phím và chuột: Bàn phím FPT Elead tiêu chuẩn có dây và chuột FPT Elead có dây, chuẩn kết nối USB (sản phẩm đồng bộ cùng nhãn hiệu với nhãn hiệu máy vi tính)
 -Hệ điều hành: Phần mềm Microsoft Windows 11 bản quyền 
 -Tiêu chuẩn chất lượng: Máy vi tính được sản xuất trên dây chuyền công nghiệp bởi tổ chức đạt tiêu chuẩn ISO (ISO 9001:2015; ISO 14001:2015; ISO/IEC 27001:2013 và hệ thống quản lý chất lượng phòng LAB theo ISO/IEC 17025:2017)";14980000;405/2025/392/CTTĐG-VNVIC;18/12/2025;…;Bùi Thị Trà Giang
1821;;Máy in laser;Bộ;"HP 4003DN
Máy in laser
Mã: HP 4003DN Thương hiệu: HP Xuất xứ: Việt Nam
Máy in laser đen trắng (2Z609A) (A4/A5/ Đảo mặt/ USB/ LAN)
Loại máy in Máy in laser đen trắng
Chức năng in
Khổ giấy A4/A5
Bộ nhớ 256 Mb
40 trang/ phút khổ A4 và 40 trang/ phút khổ Letter
In đảo mặt Có
ADF Không
Độ phân giải 1200 x 1200 dpi
Cổng giao tiếp USB/ LAN";6689000;405/2025/392/CTTĐG-VNVIC;18/12/2025;…;Bùi Thị Trà Giang
1822;;Cây nước nóng lạnh;Cái;"KG41W
Cây nước nóng lạnh
Model: KG41W Hãng sản xuất: Kangaroo Xuất xứ: Trung Quốc
Điện áp/tần số sử dụng: AV 220V/50Hz
Block QD-28h: Môi chất lạnh R134a
Công suất lạnh: 100W
Giàn nóng: Dạng lưới
Bình chứa nước lạnh: Dung tích 2L/h, bình Inox 304
Nhiệt độ làm lạnh: 2 - 10 độ C
Điều khiển nhiệt độ: Số lạnh (thermostat)
Công suất nóng: 500W
Bình chứa nước nóng: Dùng tích 5L/h, bình Inox 304
Nhiệt độ làm nóng: 85 ~ 95 độ C
Thiết bị đun nóng trực tiếp: Trực tiếp
Điều khiển nhiệt độ: Zole lưỡng kim
Công cụ bảo vệ quá nhiệt: Zole lưỡng kim
Khoang chứa: Khoang lạnh";3750000;405/2025/392/CTTĐG-VNVIC;18/12/2025;…;Bùi Thị Trà Giang
1823;;Đồng hồ treo tường;Cái;"
""Đồng hồ :
- Kích thước: 397x360x50 mm
- Mô tả: Chất liệu nhựa bền đẹp, chắc chắn
""
";350000;405/2025/392/CTTĐG-VNVIC;18/12/2025;…;Bùi Thị Trà Giang
1824;;Ổ cắm điện kéo dài đa năng;Cái;"
Ổ cắm kéo dài đa năng kết hợp 5 ổ
Ổ cắm điện có 5 lỗ 3 chấu, đa năng và có 5 công tắc đi kèm
Mỗi ổ cắm đều có nắp che, hạn chế tối đa bị phóng tia lửa điện, chống rò rỉ điện, chống giật hiệu quả, an toàn cho trẻ nhỏ
 Ổ cắm  được làm bằng hạt nhựa ABS nhập khẩu chịu nhiệt độ cao,chống cháy Chịu tải cao: Max 3200W, 2 lõi dây đồng : 2*1mm- Điện áp: 220V/ 50Hz
";235000;405/2025/392/CTTĐG-VNVIC;18/12/2025;…;Bùi Thị Trà Giang
1825;;Thùng rác;Cái;"
Thùng rác: Thùng rác được làm từ nhựa PP cao cấp, cho độ bền cao, khả năng chống lão hóa tốtKích thước: 345 x 34 x 44 cm";200000;405/2025/392/CTTĐG-VNVIC;18/12/2025;…;Bùi Thị Trà Giang
1826;;Bàn họp nhỏ;Cái;"The One/ Xuân Hòa
Bàn họp nhỏ
Kích thước: 2000x1000x760
Chất liệu: Bàn được làm từ gỗ MDF cao cấp, chống cong vênh, mối mọt Lớp sơn PU phủ bên ngoài giúp cho sản phẩm sáng bóng, trơn mịn Bàn họp mặt liền hình oval, có vách, chân bàn lượn cong hình chữ C
Phụ kiện bản lề, cam, liên kết chính hãng";4166000;405/2025/392/CTTĐG-VNVIC;18/12/2025;…;Bùi Thị Trà Giang
1827;;Ghế họp ;Cái;"The One/ Xuân Hòa
Ghế họp
Chất liệu: Ghế họp khung gỗ tự nhiên sơn PU cao cấp, mặt ngồi và tựa gỗ dán định hình, đệm mút và giả da
Kích thước: W620 x D750 x H1040 mm
Dung sai kích thước: ± 20(mm)";1500000;405/2025/392/CTTĐG-VNVIC;18/12/2025;…;Bùi Thị Trà Giang
1828;;Tủ tài liệu;Chiếc;"The One/ Xuân Hòa
Tủ đựng hồ sơ tài liệu:
- Kích thước: R1900xS400xC2000mm 
-Tủ tài liệu 1 tầng gỗ MDF, phần khoang trên 2 khung
kính mở để tài liệu, phần khoang dưới có 2 cánh đặc
Phụ kiện bản lề, cam, liên kết của Hafele
";6386000;405/2025/392/CTTĐG-VNVIC;18/12/2025;…;Bùi Thị Trà Giang
1829;;Bảng ghim nỉ treo tường; Cái;"
Bảng thông tin tuyên truyền cửa lớp
Loại: Bảng ghim khung air
Kích thước: 1200 x 1800 mm
Chất liệu: Mặt bảng bằng vải nỉ cao cấp có thể ghim ngập đinh ghim một cách nhẹ nhàng và không để lại vết Cốt bảng  sử dụng tấm nhựa dày 10mm + cao su non 5 ly giúp bảng chắc chắn, chống cong vênh, ghim ngập đinh ghim và không để lại vết Viền quanh thân bảng là khung được làm từ hợp kim nhôm chất lượng cao được Anot hóa bề mặt màu ghi chì Khung nhôm được thiết kế ôm trọn mặt bảng mà không cần dùng các góc bít bảng như các loại bảng  thông thường khác Khung nhôm có bề rộng 22mm, bề dày 1mm cứng cáp, tạo cảm giác như bảng không khung Bảng không khung được lắp đặt lên tường bằng  hệ thống ke vít chuyên dụng ẩn đằng sau bảng tạo tính thẩm mĩ Sản phẩm được sản xuất bởi nhà sản xuất đạt tiêu chuẩn ISO 9001:2015; ISO 14001:2015";2500000;405/2025/392/CTTĐG-VNVIC;18/12/2025;…;Bùi Thị Trà Giang
1830;;Rèm cầu vồng;m2;"
Rèm cuộn chống nắng
- Mô tả: Vải phủ nhựa Polyester chống ẩm mốc, thanh rèm làm từ hợp kim nhôm cao cấp, dây điều khiển có độ bền cao
- Rèm được thử nghiệm chống thấm nước bề mặt (AATCC 22-2017) và khả năng bảo vệ tia UV (AS/NZS 4399:2017)";430000;405/2025/392/CTTĐG-VNVIC;18/12/2025;…;Bùi Thị Trà Giang
1831;;Biển tên phòng;Cái;"
""Biển tên phòng:
- Kích thước: 110x300 mm
- Vật liệu: Inox tấm 304, mica trong
- Chữ và họa tiết trên tấm Inox được gia công bằng phương pháp Inox ăn mòn, mực sơn nội dung cao cấp không bị bay màu Tấm Inox sau khi gia công xong sẽ được gắn chặt vào tấm mica bằng loại keo chuyên dụng đảm bảo bền bỉ, chắc chắn""
";350000;405/2025/392/CTTĐG-VNVIC;18/12/2025;…;Bùi Thị Trà Giang
1832;;Máy vi tính để bàn giáo viên;Bộ;"FTA5224i
Máy vi tính để bàn đồng bộ
 Hãng Sản xuất: FPT
 Nhãn hiệu: FPT Elead
 Model: FTA5224i
 Xuất xứ: Việt Nam
 Bảo hành: 24 tháng
 Thông số kỹ thuật
 -Bộ vi xử lý: Bộ xử lý Intel Core i5-12400
 -Bộ nhớ RAM: dung lượng 8GB DDR4
 -Ổ cứng: dung lượng 512GB SSD
 -Bảng mạch chủ: Sử dụng chipset Intel H610; Giao tiếp kết nối: 02x PCIe, 01x HDMI port, 06x USB Ports, 01x M2 slot, 04x SATA 60 Gb/s Port, 03x Audio Jacks
 -Card màn hình: Tích hợp và hỗ trợ Intel UHD Graphics
 -Card âm thanh: Tích hợp cạc âm thanh High Definition Audio
 -Giao tiếp mạng: Tích hợp mạng Gigabit LAN
 -Case máy tính: Case máy tính FPT Elead kiểu dáng đứng nhỏ gọn (Slim Tower Case) Mặt trước của case có tích hợp màn hình hiển thị: hiển thị tốc độ quạt, nhiệt độ các thành phần CPU/HDD/VGA và có cảnh báo bằng âm thanh khi nhiệt độ của các thành phần CPU/HDD/VGA vượt qua 60 độ C
 -Màn hình: Màn hình vi tính FPT Elead 215” (Kính thước: 215 inch, Độ phân giải: 1920 x 1080), cổng giao tiếp kết nối: 01x D-Sub port và 01x HDMI port (Màn hình vi tính đồng bộ cùng thương hiệu với hãng sản xuất máy vi tính)
 -Bàn phím và chuột: Bàn phím FPT Elead tiêu chuẩn có dây và chuột FPT Elead có dây, chuẩn kết nối USB (sản phẩm đồng bộ cùng nhãn hiệu với nhãn hiệu máy vi tính)
 -Hệ điều hành: Phần mềm Microsoft Windows 11 bản quyền 
 -Tiêu chuẩn chất lượng: Máy vi tính được sản xuất trên dây chuyền công nghiệp bởi tổ chức đạt tiêu chuẩn ISO (ISO 9001:2015; ISO 14001:2015; ISO/IEC 27001:2013 và hệ thống quản lý chất lượng phòng LAB theo ISO/IEC 17025:2017)";14980000;405/2025/392/CTTĐG-VNVIC;18/12/2025;…;Bùi Thị Trà Giang
1833;;Máy in laser;Bộ;"HP 4003DN
Máy in laser
Mã: HP 4003DN Thương hiệu: HP Xuất xứ: Việt Nam
Máy in laser đen trắng (2Z609A) (A4/A5/ Đảo mặt/ USB/ LAN)
Loại máy in Máy in laser đen trắng
Chức năng in
Khổ giấy A4/A5
Bộ nhớ 256 Mb
40 trang/ phút khổ A4 và 40 trang/ phút khổ Letter
In đảo mặt Có
ADF Không
Độ phân giải 1200 x 1200 dpi
Cổng giao tiếp USB/ LAN";6689000;405/2025/392/CTTĐG-VNVIC;18/12/2025;…;Bùi Thị Trà Giang
1834;;Cây nước nóng lạnh;Cái;"KG41W
Cây nước nóng lạnh
Model: KG41W Hãng sản xuất: Kangaroo Xuất xứ: Trung Quốc
Điện áp/tần số sử dụng: AV 220V/50Hz
Block QD-28h: Môi chất lạnh R134a
Công suất lạnh: 100W
Giàn nóng: Dạng lưới
Bình chứa nước lạnh: Dung tích 2L/h, bình Inox 304
Nhiệt độ làm lạnh: 2 - 10 độ C
Điều khiển nhiệt độ: Số lạnh (thermostat)
Công suất nóng: 500W
Bình chứa nước nóng: Dùng tích 5L/h, bình Inox 304
Nhiệt độ làm nóng: 85 ~ 95 độ C
Thiết bị đun nóng trực tiếp: Trực tiếp
Điều khiển nhiệt độ: Zole lưỡng kim
Công cụ bảo vệ quá nhiệt: Zole lưỡng kim
Khoang chứa: Khoang lạnh";3750000;405/2025/392/CTTĐG-VNVIC;18/12/2025;…;Bùi Thị Trà Giang
1835;;Đồng hồ treo tường;Cái;"
""Đồng hồ :
- Kích thước: 397x360x50 mm
- Mô tả: Chất liệu nhựa bền đẹp, chắc chắn
""
";350000;405/2025/392/CTTĐG-VNVIC;18/12/2025;…;Bùi Thị Trà Giang
1836;;Ổ cắm điện kéo dài đa năng;Cái;"
Ổ cắm kéo dài đa năng kết hợp 5 ổ
Ổ cắm điện có 5 lỗ 3 chấu, đa năng và có 5 công tắc đi kèm
Mỗi ổ cắm đều có nắp che, hạn chế tối đa bị phóng tia lửa điện, chống rò rỉ điện, chống giật hiệu quả, an toàn cho trẻ nhỏ
 Ổ cắm  được làm bằng hạt nhựa ABS nhập khẩu chịu nhiệt độ cao,chống cháy Chịu tải cao: Max 3200W, 2 lõi dây đồng : 2*1mm- Điện áp: 220V/ 50Hz
";235000;405/2025/392/CTTĐG-VNVIC;18/12/2025;…;Bùi Thị Trà Giang
1837;;Thùng rác;Cái;"
Thùng rác: Thùng rác được làm từ nhựa PP cao cấp, cho độ bền cao, khả năng chống lão hóa tốtKích thước: 345 x 34 x 44 cm";200000;405/2025/392/CTTĐG-VNVIC;18/12/2025;…;Bùi Thị Trà Giang
1838;;Màn hình Led trong nhà P25;m2;"GKGD - Trung Quốc
Màn hình Led trong nhà P25
Mã hiệu: P25 Hãng sản xuất: GKGD - Trung Quốc
Kích thước hiển thị (RxC, mm): 3840 x 2080
Kích thước phủ bì (RxC, mm): 3890 x 2130
- Kích thước  Module: 320 x 160mm
- Cấu tạo bóng LED: 1R1G1B 3 in 1 SMD1515
- Cường độ sáng: ≥ 600 cd/sqm
- Số màu hiển thị tối thiểu: >16,7 triệu màu
- Kiểu quét: 1/32
- Độ phân giải Module: 128x64
- Mật độ điểm ảnh: 160000 điểm/ m2
- Góc nhìn ngang (Độ sáng 50%) : 160 (-80 ~
+80) độ
- Góc nhìn dọc (Độ sáng 50%):  140 (-70 ~
+70) độ
- Khoảng cách xem tối thiểu được khuyến nghị: 25m
- Tỉ lệ khung hình video: 60 Hz
- Hiển thị tốc độ làm mới: 3840 Hz
- Điện áp đầu vào: 110 đến 240 VAC
- Tần số nguồn đầu vào: 50 đến 60 Hz
- Công suất đầu vào (tối đa): 351 Watts / m2 '
- Tuổi thọ (với cường độ sáng 50%): 100000 giờ
- Định dạng dữ liệu đa phương tiện: DVI, MPG, AVI, WMV, RM, vv
- Kết nối dữ liệu: UTP Cat 5e/ Cat6 / Cáp quang";11770000;405/2025/392/CTTĐG-VNVIC;18/12/2025;…;Bùi Thị Trà Giang
1839;;Hệ thống điều khiển;Hệ thống;"NovaStar - Trung Quốc
Hệ thống điều khiển
Bộ xử lý: VC2
Card thu: DH7516-S
Hãng sản xuất: NovaStar - Trung Quốc
- Bộ điều khiển online bao gồm card thu, bộ xử lý hình ảnh";8800000;405/2025/392/CTTĐG-VNVIC;18/12/2025;…;Bùi Thị Trà Giang
1840;;Phụ kiện lắp đặt hoàn thiện màn hình led;gói;"
Phụ kiện lắp đặt hoàn thiện màn hình led
Đồng bộ theo Màn hình led trong nhà";1100000;405/2025/392/CTTĐG-VNVIC;18/12/2025;…;Bùi Thị Trà Giang
1841;;Hệ thống giàn khung đỡ màn hình và các phụ kiện kèm theo;gói;"
Hệ thống giàn khung đỡ màn hình và các phụ kiện kèm theo
Đồng bộ theo Màn hình led trong nhà";8000000;405/2025/392/CTTĐG-VNVIC;18/12/2025;…;Bùi Thị Trà Giang
1842;;Bàn hội trường;Cái ;"The One/ Xuân Hòa
Bàn họp: 
 - Kích thước: D1200xR500xC750 mm
 - Mô tả: Được làm từ gỗ MDF sơn phủ PU cao cấp Chân bàn lượn cong tạo dáng mềm mại Yếm bàn có trang trí phào gỗ  Phụ kiện bản lề, cam, liên kết chính hãng
";2473000;405/2025/392/CTTĐG-VNVIC;18/12/2025;…;Bùi Thị Trà Giang
1843;;Ghế họp ;Cái;"The One/ Xuân Hòa
Ghế họp
Chất liệu: Ghế họp khung gỗ tự nhiên sơn PU cao cấp, mặt ngồi và tựa gỗ dán định hình, đệm mút và giả da
Kích thước: W620 x D750 x H1040 mm
Dung sai kích thước: ± 20(mm)";1500000;405/2025/392/CTTĐG-VNVIC;18/12/2025;…;Bùi Thị Trà Giang
1844;;Tượng Bác;Cái;"
Tượng Bác:
Chất liệu : Thạch cao phủ màu đồng
KT: R700xC800mm
";1250000;405/2025/392/CTTĐG-VNVIC;18/12/2025;…;Bùi Thị Trà Giang
1845;;Bục tượng bác ;Cái;"
Bục tượng bác:
 - Kích thước:800x600x1160mm
 - Bục tượng bác được làm bằng gỗ công nghiệp sơn PU đồng màu với nội thất trong phòng
 - Kết hợp giấy vân đốm Phần trên bục cách điệu đài sen trang trí
";3409560;405/2025/392/CTTĐG-VNVIC;18/12/2025;…;Bùi Thị Trà Giang
1846;;Bục phát biểu;Cái;"
Bục phát biểu
Kích thước: W800 x D550 x H1160 mm
Chất liệu  Gỗ công nghiệp sơn PU cao cấp đồng màu với nội thất trong phòng
Kiểu dáng : Bục phát biểu nhẹ nhàng thanh thoát Phần thân thiết kế vát cong sang trọng";2859516;405/2025/392/CTTĐG-VNVIC;18/12/2025;…;Bùi Thị Trà Giang
1847;;Cục đẩy công suất;Cái;"LA4350
Cục đẩy công suất
Model: LA4350  Hãng sản xuất: Hivi Xuất xứ: Trung Quốc
Công suất âm thanh nổi 8Ω 350W×4
Công suất âm thanh nổi 4Ω 550W×4
Công suất cầu 8Ω 1100W×2
Phản hồi thường xuyên ≥20Hz-≤20KHz
Độ méo hài tổng thể (Điều kiện hoạt động bình thường, 1KHz/8Ω) ≦0,08％
SNR（1KHz, 0,775VA có trọng số） ≥102dB
Kháng đầu vào Cân bằng 20KΩ，Mất cân bằng 10KΩ
Hệ số giảm chấn ≥300
Nhạy cảm 0,775V/1V/32dB
Tốc độ chuyển đổi ≥10V/uS
Chức năng bảo vệ Khởi động mềm/DC/ngắn mạch/quá tải/bảo vệ quá nhiệt/giới hạn méo tiếng/giới hạn tần số cao/giảm dần âm lượng khởi động
Kích cỡ 483×470×88
Trọng lượng (±10%) 19,90 kg";16940000;405/2025/392/CTTĐG-VNVIC;18/12/2025;…;Bùi Thị Trà Giang
1848;;Loa hộp;Cái;" HV10(N)
Loa hộp
(Loại loa: Loa toàn dải treo tường)
Model: HV10(N)  Hãng sản xuất: Hivi Xuất xứ: Trung Quốc
Loa bass  25 cm
Loa treble  34cm
Công suất định mức  250W
Độ nhạy  96dB
Trở kháng  8 Ω
Dải tần số  60Hz-22KHz
Góc phủ âm 120 độ x 60 độ
Kiêu dáng  Loa đứng
Trọng lượng  16kg
Kích thước 300 x 500 x 320 mm
Mức áp suất âm thanh tối đa  126dB";7500000;405/2025/392/CTTĐG-VNVIC;18/12/2025;…;Bùi Thị Trà Giang
1849;;Phụ kiện;Trọn gói;"
Dây giắc tín hiệu, phụ kiện đi kèm
(Bao gồm dây loa, dây tín hiệu, giắc loa, giắc tín hiệu, …)
Bao gồm cả nhân công lắp đặt, chuyển giao công nghệ";1450000;405/2025/392/CTTĐG-VNVIC;18/12/2025;…;Bùi Thị Trà Giang
1850;;Tủ đựng thiết bị âm thanh;Cái;"
Tủ đựng thiết bị âm thanh
Loại: 8U
Mặt tủ: Sử dụng gỗ dán cao cấp và 9 mm bề mặt tráng phủ nhựa Góc bằng sắt dập mạ crom bóng đẹp và mạnh mẽ
Chân quay đa hướng có vòng bi bánh cao su bền chắc chắn Xung quanh các cạnh bọc góc nhôm dày
Có khóa lưỡi móc dễ dàng khóa phù hợp và lưỡi
Gắn các phần cứng như amplifier, thiết bị vi xử lý tín hiệu vvv Độ bền rất cao
Kích thước: Cao 40cm x rộng 53cm x sâu 65cm";2850000;405/2025/392/CTTĐG-VNVIC;18/12/2025;…;Bùi Thị Trà Giang
1851;;Thiết bị xử lý tín hiệu có tích hợp effect (Vang số tích hợp micro);Cái;"DSP-10
Thiết bị xử lý tín hiệu có tích hợp effect
Model: DSP-10 Hãng sản xuất: Hivi Xuất xứ: Trung Quốc
(Vang số tích hợp micro)
Mức đầu vào âm nhạc tối đa:  4,5V (RMS)
Mức đầu ra tối đa: 4,5V (RMS)
Âm nhạc: Kênh tăng tối đa:  18dB
Độ nhạy của micrô có dây:  20mV (OUTPUT：19V）
Độ nhạy của micrô không dây ở mặt sau: 1V (RMS) /
Tỷ lệ tín hiệu trên nhiễu  > 80dB
Chế độ chuyển chương trình nhanh: 3 chế độ
Tính năng vật lý: Trang bị 2 màn hình hiển thị
Màn hình số 1: điều chỉnh thiết lập dải tần số âm thanh phù hợp với không gian
Màn hình số 2: điều chỉnh cài đặt micro 
Micro: gồm 2 tay micro với tần số sóng 700-790Mhz, 2 cần micro bắt sóng riêng biệt
Cổng vào kết nối: 7 cổng gồm: 3 bông sen,1 optical, 2 ngõ micro,1 ngõ vào coaxial
Cổng ra: 7 cổng, gồm: 6 ngõ ra canon, 1 ngõ ra AV
Điện áp cung cấp đầu vào:  220V 50Hz
Kích thước:  482×227×49mm
Trọng lượng:  3,55kg";16550000;405/2025/392/CTTĐG-VNVIC;18/12/2025;…;Bùi Thị Trà Giang
1852;;Micro cổ ngỗng;Cái;"HCS1501P
Micro cổ ngỗng
Model: HCS1501P Hãng sản xuất: Hivi Xuất xứ: Trung Quốc
Loại micro: điện động
Tính định hướng: đa hướng
Đáp tuyến tần số: 40Hz~16KHz
Cường độ âm thanh tối đa: 123dB
Nguồn Phantom 
Trở kháng ngõ ra: 200 Ohms
Kết nối: Jack – 6ly";2750000;405/2025/392/CTTĐG-VNVIC;18/12/2025;…;Bùi Thị Trà Giang
1853;;Thiết bị quản lý nguồn điện;Cái;"P10R
Thiết bị quản lý nguồn điện
Model: P10R Hãng sản xuất: Hivi Xuất xứ: Trung Quốc
Điện áp đầu vào: Điện áp đầy đủ 100～260 VAC
Công suất đầu vào: Công suất dòng vào tối đa 63A (220 VAC)
Giắc cắm đầu vào/liên kết 1/4 inch
Giắc cắm đầu ra 1/4 inch
Điều khiển từ xa thông minh RS485
Cổng RS232 điều khiển thông minh từ xa
Giao diện điều khiển từ xa DC Tai nghe 3,5 mm 5-24V DC
Công suất ngõ ra Ngõ ra tối đa một kênh 30A/10S (220 VAC), Ngõ ra định mức 16A
Kênh có thể điều khiển 8 kênh với chức năng hẹn giờ và 2 ổ cắm đa chức năng thẳng trên bảng điều khiển phía trước
Thời gian cách nhau 1 giây giữa mỗi kênh 
Kích thước: 480×212,5×44 mm
Tổng / Trọng lượng tịnh: 3,65/2,8kg (±0,5kg)";3800000;405/2025/392/CTTĐG-VNVIC;18/12/2025;…;Bùi Thị Trà Giang
1854;;Giá treo loa;Đôi;"
Giá treo loa
Vật liệu: Thép sơn phủ mầu đen Độ dày của thép tùy từng điểm chịu lực từ 1,3 – 3,8 mm Kích thước chiều dài thanh từ tường 38cm";220000;405/2025/392/CTTĐG-VNVIC;18/12/2025;…;Bùi Thị Trà Giang
1855;;Rèm cầu vồng;m2;"
Rèm cuộn chống nắng
- Mô tả: Vải phủ nhựa Polyester chống ẩm mốc, thanh rèm làm từ hợp kim nhôm cao cấp, dây điều khiển có độ bền cao
- Rèm được thử nghiệm chống thấm nước bề mặt (AATCC 22-2017) và khả năng bảo vệ tia UV (AS/NZS 4399:2017)";430000;405/2025/392/CTTĐG-VNVIC;18/12/2025;…;Bùi Thị Trà Giang
1856;;Bảng khẩu hiệu;Bộ;"
Bảng khẩu hiệu ""ĐẢNG CỘNG SẢN VIỆT NAM QUANG VINH MUÔN NĂM"" làm bằng khung nhôm, mặt Mica đỏ 3mm, chữ làm bằng Mica gương vàng cắt CNC, uốn nổi bằng chân Formex, dán Decal gương vàng";4680000;405/2025/392/CTTĐG-VNVIC;18/12/2025;…;Bùi Thị Trà Giang
1857;;Bảng ghim nỉ treo tường; Cái;"
Bảng thông tin tuyên truyền cửa lớp
Loại: Bảng ghim khung air
Kích thước: 1200 x 1800 mm
Chất liệu: Mặt bảng bằng vải nỉ cao cấp có thể ghim ngập đinh ghim một cách nhẹ nhàng và không để lại vết Cốt bảng  sử dụng tấm nhựa dày 10mm + cao su non 5 ly giúp bảng chắc chắn, chống cong vênh, ghim ngập đinh ghim và không để lại vết Viền quanh thân bảng là khung được làm từ hợp kim nhôm chất lượng cao được Anot hóa bề mặt màu ghi chì Khung nhôm được thiết kế ôm trọn mặt bảng mà không cần dùng các góc bít bảng như các loại bảng  thông thường khác Khung nhôm có bề rộng 22mm, bề dày 1mm cứng cáp, tạo cảm giác như bảng không khung Bảng không khung được lắp đặt lên tường bằng  hệ thống ke vít chuyên dụng ẩn đằng sau bảng tạo tính thẩm mĩ Sản phẩm được sản xuất bởi nhà sản xuất đạt tiêu chuẩn ISO 9001:2015; ISO 14001:2015";2500000;405/2025/392/CTTĐG-VNVIC;18/12/2025;…;Bùi Thị Trà Giang
1858;;Ổ cắm kéo dài đa năng;Cái;"
Ổ cắm kéo dài đa năng kết hợp 5 ổ
Ổ cắm điện có 5 lỗ 3 chấu, đa năng và có 5 công tắc đi kèm
Mỗi ổ cắm đều có nắp che, hạn chế tối đa bị phóng tia lửa điện, chống rò rỉ điện, chống giật hiệu quả, an toàn cho trẻ nhỏ
 Ổ cắm  được làm bằng hạt nhựa ABS nhập khẩu chịu nhiệt độ cao,chống cháy Chịu tải cao: Max 3200W, 2 lõi dây đồng : 2*1mm- Điện áp: 220V/ 50Hz
";235000;405/2025/392/CTTĐG-VNVIC;18/12/2025;…;Bùi Thị Trà Giang
1859;;Cây nước nóng lạnh ;Cái;"Model: KG41W
Cây nước nóng lạnh
Model: KG41W Hãng sản xuất: Kangaroo Xuất xứ: Trung Quốc
Điện áp/tần số sử dụng: AV 220V/50Hz
Block QD-28h: Môi chất lạnh R134a
Công suất lạnh: 100W
Giàn nóng: Dạng lưới
Bình chứa nước lạnh: Dung tích 2L/h, bình Inox 304
Nhiệt độ làm lạnh: 2 - 10 độ C
Điều khiển nhiệt độ: Số lạnh (thermostat)
Công suất nóng: 500W
Bình chứa nước nóng: Dùng tích 5L/h, bình Inox 304
Nhiệt độ làm nóng: 85 ~ 95 độ C
Thiết bị đun nóng trực tiếp: Trực tiếp
Điều khiển nhiệt độ: Zole lưỡng kim
Công cụ bảo vệ quá nhiệt: Zole lưỡng kim
Khoang chứa: Khoang lạnh";3750000;405/2025/392/CTTĐG-VNVIC;18/12/2025;…;Bùi Thị Trà Giang
1860;;Biển tên phòng;Cái;"
""Biển tên phòng:
- Kích thước: 110x300 mm
- Vật liệu: Inox tấm 304, mica trong
- Chữ và họa tiết trên tấm Inox được gia công bằng phương pháp Inox ăn mòn, mực sơn nội dung cao cấp không bị bay màu Tấm Inox sau khi gia công xong sẽ được gắn chặt vào tấm mica bằng loại keo chuyên dụng đảm bảo bền bỉ, chắc chắn""
";350000;405/2025/392/CTTĐG-VNVIC;18/12/2025;…;Bùi Thị Trà Giang
1861;;Máy tính xách tay;Cái;"Dell Inspiron 15 3520 i5-1235U
Máy tính xách tay
Model: Dell Inspiron 15 3520 i5-1235U Xuất xứ: Trung Quốc
Bộ vi xử lý: Intel® Core™ i5-1235U 10 core, 12 threads bộ nhớ đệm 12M, lên đến 4,40 GHz Bộ nhớ trong: 08GB loại Ram DDR4 bus 3200Mhz sử dụng 2 khe cắm
Ổ đĩa cứng: SSD 512GB M2 NVMe Màn hình 156 inch, FHD (1920 x 1080), WVA, 120, 250 nits, Anti-Glare LED-Backlit Display
Tỷ lệ khung hình 16:9, Đồ họa/ Graphic: Intel Iris Xe Graphics
Tích hợp 1 Micro và 2 loa WLAN b/g/n / Bluetooth 40 for Inspiron 3520 Camera HD, Độ phân giải 1280 x 720(HD); Video HD 720p ở tốc độ 30 khung hình/ giây
Nguồn cung cấp: AC Adapter 65WPin: 3 cell 41Wh Li-ion battery Phần mềm: Windows 11 Home 64 (bản quyền)";14600000;405/2025/392/CTTĐG-VNVIC;18/12/2025;…;Bùi Thị Trà Giang
1862;;Phụ kiện máy tính xách tay;Cái;"
Phụ kiện máy tính xách tay
Túi đựng laptop kích thước 156''
Chuột quang kết nối USB 20";500000;405/2025/392/CTTĐG-VNVIC;18/12/2025;…;Bùi Thị Trà Giang
1863;;Bộ máy chiếu;Bộ;"ZH507
Bộ máy chiếu
Model: ZH507 Hãng sản xuất: Optoma - Đài Loan Xuất xứ: Trung Quốc
Công nghệ: DLP chip Cường độ sáng: 5500 Lumens Nguồn sáng: DuraCore Laser với tuổi thọ 30000 giờ Độ phân giải thực đạt: FULL HD (1920 x 1080) Tương thích 4K và HDR Độ tương phản: 300,000 :1 Kích cỡ phóng hình: 202"" to 3204"" Zoom: 16x Zoom kỹ thuật số: -5 ~ 25 Số màu hiển thị: 1,07 tỷ màu Tỷ lệ hình ảnh: 4:3, 16:9, LBX, Tự nhiên, Tự động Lens Shift: Vertical +16% Chỉnh Vuông hình: ±30° Vertical, ±30° Horizontal Tự động chỉnh méo: Tắt/ Bật ( chế độ mặc định) Tỷ lệ phóng: 14-224:1 Độ dài tiêu cự (mm): 0,91mm ~ 32,62mm/0,823"" ~ 1,284"" Tốc độ quét: ngang: 15375~91146 KHz, Dọc: 50 ~ 85Hz (120Hz for 3D feature projector) Công suất chờ <0,5W Cổng tín hiệu: Inputs: 1 x HDMI 20, 1 x HDMI 14a 3D support, 1 x VGA (YPbPr/RGB), 2 x Audio 35mm, 1 x micro USB service, 1 x 3D sync, 1 x Composite video, 1 x Mic 35mm Outputs: 1 x VGA, 1 x Audio 35mm, 1 x USB-A power 15A Control: 1 x RS232, 1 x RJ45, 1 x 12V trigger Loa: 10Wx2 Độ ồn: 30dB Kích cỡ: (337 x 265 x 1225mm) Cân nặng: 5 kg Sử dụng điện: 100V ~ 240V, 50-60Hz Điều kiện hoạt động 5°C~40°C/41°F~104°F, độ cao tối đa 3000M/9843ft, tối đa độ ẩm 85%
Tính năng khác: Nguồn sáng Laser thế hệ tiên tiến nhất Bật / tắt tức thì, sáng hơn trong thời gian dài Thời gian hoạt động lâu hơn lên tới 30000 giờ Có 3D Full Kiểm soát tối ưu: Crestron, Extron, AMX, PJ-Link và lệnh Telnet LAN Có 3D Full Hoạt động: 24/7 Xoay máy: 360° Chuẩn: IP6X Ngôn ngữ: 27 ngôn ngữ, có tiếng việt
Chức năng Quick Resume giúp khởi động lại máy nhanh khi bị tắt đột ngột Tự động nhận tín hiệu đầu vào Tự động tắt nguồn khi không có tín hiệu đầu vào Chức năng khóa bàn phím trên máy Chức năng bảo vệ máy chiếu: Security/Security Timer/Change Password Tích hợp cổng USB Power Out (5V/15A) cho phép cung cấp điện năng trực tiếp cho các thiết bị như: Chromecast, Hdcast Pro, sạc điện thoại, Ipad…Chức năng trình chiếu 3D: Tự động/SBS/Trên và dưới/ Khung tuần tự Chức năng kiểm tra mẫu thử 12V Trigger: Tắt/Bật thiết bị khác như màn chiếu Chức năng hẹn giờ tắt máy: 0-990 phút Chức năng màu sắc nền: Tắt/Bảng đen/vàng/Màu Xanh lam/Xanh lá/Xám/Pink Chức năng chiếu phía trước, Rear, Trần-phía trên, Phía sau-phía trên Hẹn giờ: Tháng, Ngày, Giờ Chế độ tinh chỉnh màu sắc (07 chế độ) Chế độ hiển thị: Chế độ trình diễn, chế độ sáng, HDR, HLG, chế độ xem phim, chế độ 3D, chế độ tham khảo, chế độ chơi game, chế độ người sử dụng, DiCOM Sim Mức độ màu: ấm/tiêu chuẩn/mát/lạnh Tự động tắt nguồn trong vòng 0-180 phút Hiệu chỉnh gama: Phim, Video, đồ họa, tiêu chuẩn(22), 18, 20, 24, 26, HDR, 3D, Bảng đen, DiCOM SIM Hiệu chỉnh màu BrilliantColor™: 1 ~ 10 Chức năng tiết kiệm điện Eco+ Chức năng cảnh báo bằng đèn LED đến người sử dụng khi máy chiếu trình chiếu quá nhiệt độ cho phép Chế độ đèn LED chỉ báo tình trạng của bóng đèn máy chiếu Chế độ đèn LED chỉ báo tình trạng của máy chiếu Tích hợp trên thân máy phím tắt menu trợ giúp người sử dụng khi không có tín hiệu đầu vào Chức năng tăng giảm âm lượng trên điều khiển Chức năng chọn tỷ lệ khung hình trên điều khiển Chức năng tắt tiếng, ngắt hình ảnh vào máy chiếu vào trên điều khiển Chức năng chọn các chế độ sáng trên điều khiển Chế độ sáng: Bright/Eco Chức năng chỉnh méo hình thang trên điều khiển Chức năng đóng băng hình ảnh máy chiếu trên điều khiển Ngôn ngữ Tiếng Việt thuận tiện cho việc giao tiếp và vận hành máy
Đầy đủ ISO9001, ISO14001, ISO45001 Bảo hành: bảo hành 24 tháng đối với thân máy 20000 giờ hoặc 36 tháng đối với nguồn sáng laser tuỳ theo điều kiện nào đến trước";54450000;405/2025/392/CTTĐG-VNVIC;18/12/2025;…;Bùi Thị Trà Giang
1864;;Phụ kiện lắp đặt máy chiếu;Bộ;"
Dây cáp HDMI hoặc VGA (tương ứng với nhu cầu của đơn vị sử dụng) 20m: 01 sợiGiá treo máy chiếu từ 60-100 cm: 01 cáiDây điện 2x0,75mm: 20mGen 24x14: 20mVật tư phụ: 01 bộ";874500;405/2025/392/CTTĐG-VNVIC;18/12/2025;…;Bùi Thị Trà Giang
1865;;Màn chiếu điện;Chiếc;"
Màn chiếu điện treo tường motor điện có điều khiển từ xaKích thước màn dài x rộng: 3,05mx2,29mChất liệu màn: Matte white bắt sáng tốt, điều khiển dừng màn hình tùy ý";2200000;405/2025/392/CTTĐG-VNVIC;18/12/2025;…;Bùi Thị Trà Giang
1866;;Đồng hồ treo tường;Cái;"
""Đồng hồ :
- Kích thước: 397x360x50 mm
- Mô tả: Chất liệu nhựa bền đẹp, chắc chắn
""
";350000;405/2025/392/CTTĐG-VNVIC;18/12/2025;…;Bùi Thị Trà Giang
1867;;Thùng rác;Cái;"
Thùng rác: Thùng rác được làm từ nhựa PP cao cấp, cho độ bền cao, khả năng chống lão hóa tốtKích thước: 345 x 34 x 44 cm";200000;405/2025/392/CTTĐG-VNVIC;18/12/2025;…;Bùi Thị Trà Giang
1868;;Bàn làm việc;Cái;"The One/ Xuân Hòa
Bàn làm việc: 
 - Kích thước: R1200xS600xC750 mm
 - Mô tả: Bàn sử dụng gỗ MFC cao cấp màu vân gỗ sáng Bàn có ngăn hộc dài sát đất bao gồm 1 ngăn kéo + 1 cánh tủ có khóa an toàn; có 1 khay để bàn phím và 1 kệ CPU; mặt bàn dày 25mm, ngăn bàn các tấm chắn làm bằng gỗ dày 18mm
";1350000;405/2025/392/CTTĐG-VNVIC;18/12/2025;…;Bùi Thị Trà Giang
1869;;Ghế làm việc ;cái;"The One/ Xuân Hòa
Ghế làm việc
Mã hàng: GL101B Hãng sản xuất: The one Xuất xứ: Việt Nam
Kích thước: W625 x D530 x H870÷965 mm
Dung sai kích thước: ± 20 (mm)
Mô tả: Ghế xoay có tay, mặt ngồi đệm mút, bọc nỉ, tựa viền nhựa nguyên sinh bọc lưới Điều chỉnh độ cao bằng cần hơi, có cốc gật gù, có ốp trục thủy lực, chân nhựa Hàng chất lượng cao, kết cấu vững chắc Tay nhựa cong";800000;405/2025/392/CTTĐG-VNVIC;18/12/2025;…;Bùi Thị Trà Giang
1870;;Ghế gập;Cái;"The One/ Xuân Hòa
Ghế gập
- Kích thước: W470 x D515 x H890 mm
- Mô tả: Kết cấu vững chắc với khung Inox D22, đệm tựa mút bọc PVC
- Ghế có thể gấp lại tiện dụng";440000;405/2025/392/CTTĐG-VNVIC;18/12/2025;…;Bùi Thị Trà Giang
1871;;Giường đơn ;Bộ;"The One/ Xuân Hòa
Giường đơn : 
- Kích thước: 1900x914x800mm
- Mô tả: Giường đơn có dát gỗ;
Khung của giường làm bằng thép sơn ống phi Φ=32mm, có khung để mắc màn;
Khung được sơn đen sáng bóng;
Các thành của giường có trang trí các đường nét đơn giản, tinh tế";1150000;405/2025/392/CTTĐG-VNVIC;18/12/2025;…;Bùi Thị Trà Giang
1872;;Đệm bọc da;bộ;"The One/ Xuân Hòa
Đệm bọc da
- Kích thước: Theo KT giường
- Mô tả: Đệm nỉ bọc da, dày 5cm";900000;405/2025/392/CTTĐG-VNVIC;18/12/2025;…;Bùi Thị Trà Giang
1873;;Tủ để đồ ;Cái;"The One/ Xuân Hòa
Tủ để đồ: 
- Kích thước: 1000x500x1830mm 
- Tủ sắt sơn tĩnh điện màu ghi, có 1 khối gồm 2 khoang, mỗi khoang có 2 đợt di động, có thêm 1 suốt treo áo, tủ có 2 cánh sắt mở, 2 tay nắm nhựa liền khóa
";2950000;405/2025/392/CTTĐG-VNVIC;18/12/2025;…;Bùi Thị Trà Giang
1874;;Bảng ghim nỉ treo tường; Cái;"
Bảng thông tin tuyên truyền cửa lớp
Loại: Bảng ghim khung air
Kích thước: 1200 x 1800 mm
Chất liệu: Mặt bảng bằng vải nỉ cao cấp có thể ghim ngập đinh ghim một cách nhẹ nhàng và không để lại vết Cốt bảng  sử dụng tấm nhựa dày 10mm + cao su non 5 ly giúp bảng chắc chắn, chống cong vênh, ghim ngập đinh ghim và không để lại vết Viền quanh thân bảng là khung được làm từ hợp kim nhôm chất lượng cao được Anot hóa bề mặt màu ghi chì Khung nhôm được thiết kế ôm trọn mặt bảng mà không cần dùng các góc bít bảng như các loại bảng  thông thường khác Khung nhôm có bề rộng 22mm, bề dày 1mm cứng cáp, tạo cảm giác như bảng không khung Bảng không khung được lắp đặt lên tường bằng  hệ thống ke vít chuyên dụng ẩn đằng sau bảng tạo tính thẩm mĩ Sản phẩm được sản xuất bởi nhà sản xuất đạt tiêu chuẩn ISO 9001:2015; ISO 14001:2015";2500000;405/2025/392/CTTĐG-VNVIC;18/12/2025;…;Bùi Thị Trà Giang
1875;;Biển tên phòng;Cái;"
""Biển tên phòng:
- Kích thước: 110x300 mm
- Vật liệu: Inox tấm 304, mica trong
- Chữ và họa tiết trên tấm Inox được gia công bằng phương pháp Inox ăn mòn, mực sơn nội dung cao cấp không bị bay màu Tấm Inox sau khi gia công xong sẽ được gắn chặt vào tấm mica bằng loại keo chuyên dụng đảm bảo bền bỉ, chắc chắn""
";350000;405/2025/392/CTTĐG-VNVIC;18/12/2025;…;Bùi Thị Trà Giang
1876;;Cây nước nóng lạnh;Cái;" KG41W
Cây nước nóng lạnh
Model: KG41W Hãng sản xuất: Kangaroo Xuất xứ: Trung Quốc
Điện áp/tần số sử dụng: AV 220V/50Hz
Block QD-28h: Môi chất lạnh R134a
Công suất lạnh: 100W
Giàn nóng: Dạng lưới
Bình chứa nước lạnh: Dung tích 2L/h, bình Inox 304
Nhiệt độ làm lạnh: 2 - 10 độ C
Điều khiển nhiệt độ: Số lạnh (thermostat)
Công suất nóng: 500W
Bình chứa nước nóng: Dùng tích 5L/h, bình Inox 304
Nhiệt độ làm nóng: 85 ~ 95 độ C
Thiết bị đun nóng trực tiếp: Trực tiếp
Điều khiển nhiệt độ: Zole lưỡng kim
Công cụ bảo vệ quá nhiệt: Zole lưỡng kim
Khoang chứa: Khoang lạnh";3750000;405/2025/392/CTTĐG-VNVIC;18/12/2025;…;Bùi Thị Trà Giang
1877;;Đồng hồ treo tường;Cái;"
""Đồng hồ :
- Kích thước: 397x360x50 mm
- Mô tả: Chất liệu nhựa bền đẹp, chắc chắn
""
";350000;405/2025/392/CTTĐG-VNVIC;18/12/2025;…;Bùi Thị Trà Giang
1878;;Ổ cắm điện kéo dài đa năng;Cái;"
Ổ cắm kéo dài đa năng kết hợp 5 ổ
Ổ cắm điện có 5 lỗ 3 chấu, đa năng và có 5 công tắc đi kèm
Mỗi ổ cắm đều có nắp che, hạn chế tối đa bị phóng tia lửa điện, chống rò rỉ điện, chống giật hiệu quả, an toàn cho trẻ nhỏ
 Ổ cắm  được làm bằng hạt nhựa ABS nhập khẩu chịu nhiệt độ cao,chống cháy Chịu tải cao: Max 3200W, 2 lõi dây đồng : 2*1mm- Điện áp: 220V/ 50Hz
";235000;405/2025/392/CTTĐG-VNVIC;18/12/2025;…;Bùi Thị Trà Giang
1879;;Thùng rác;Cái;"
Thùng rác: Thùng rác được làm từ nhựa PP cao cấp, cho độ bền cao, khả năng chống lão hóa tốtKích thước: 345 x 34 x 44 cm";200000;405/2025/392/CTTĐG-VNVIC;18/12/2025;…;Bùi Thị Trà Giang
